{"type":"FeatureCollection","features":[{"type":"Feature","properties":{"seccion":12,"municipio":3,"distrito_local":4,"distrito_federal":1},"geometry":{"type":"Polygon","coordinates":[[[-98.14636,19.42609],[-98.14604,19.42543],[-98.14568,19.42493],[-98.14406,19.42283],[-98.14366,19.42238],[-98.14316,19.42257],[-98.14365,19.42208],[-98.14421,19.42115],[-98.1438,19.42095],[-98.14476,19.41911],[-98.14516,19.41815],[-98.14536,19.41798],[-98.14558,19.41806],[-98.14568,19.41838],[-98.14877,19.41983],[-98.14978,19.42017],[-98.15046,19.42013],[-98.15463,19.42286],[-98.15318,19.42432],[-98.15258,19.42522],[-98.15131,19.42418],[-98.14928,19.42284],[-98.14873,19.423],[-98.1488,19.42641],[-98.14902,19.42775],[-98.1495,19.42955],[-98.15025,19.43088],[-98.15068,19.43137],[-98.15039,19.43141],[-98.15008,19.43156],[-98.14903,19.4323],[-98.14793,19.4303],[-98.1475,19.42929],[-98.14636,19.42609]]]}},{"type":"Feature","properties":{"seccion":13,"municipio":3,"distrito_local":4,"distrito_federal":1},"geometry":{"type":"Polygon","coordinates":[[[-98.12872,19.42725],[-98.12736,19.4263],[-98.12609,19.42591],[-98.12516,19.42548],[-98.12424,19.42475],[-98.12422,19.42452],[-98.12458,19.42417],[-98.12594,19.42215],[-98.12583,19.42173],[-98.12621,19.42136],[-98.1271,19.42132],[-98.12847,19.42103],[-98.12999,19.42104],[-98.1305,19.42138],[-98.13099,19.42149],[-98.13223,19.42128],[-98.13281,19.42154],[-98.13335,19.4219],[-98.13395,19.42291],[-98.13425,19.42326],[-98.13453,19.42337],[-98.13572,19.42348],[-98.13654,19.42311],[-98.13746,19.42313],[-98.13802,19.4229],[-98.139,19.4231],[-98.13637,19.42729],[-98.13264,19.42359],[-98.13224,19.4233],[-98.13024,19.42572],[-98.12872,19.42725]]]}},{"type":"Feature","properties":{"seccion":14,"municipio":3,"distrito_local":4,"distrito_federal":1},"geometry":{"type":"Polygon","coordinates":[[[-98.10803,19.41703],[-98.10866,19.41726],[-98.11101,19.41776],[-98.1122,19.41771],[-98.11319,19.41751],[-98.11551,19.41671],[-98.1184,19.41652],[-98.12218,19.41642],[-98.12272,19.41696],[-98.12368,19.41823],[-98.12455,19.41847],[-98.12564,19.41932],[-98.12612,19.41944],[-98.12649,19.41915],[-98.12682,19.41903],[-98.12777,19.4194],[-98.12817,19.41964],[-98.12871,19.41977],[-98.12906,19.41966],[-98.1294,19.41942],[-98.12973,19.41948],[-98.12987,19.41961],[-98.12988,19.41984],[-98.12973,19.42034],[-98.12982,19.42106],[-98.12847,19.42103],[-98.1271,19.42132],[-98.12621,19.42136],[-98.12583,19.42173],[-98.12594,19.42215],[-98.12458,19.42417],[-98.12422,19.42452],[-98.12424,19.42475],[-98.12516,19.42548],[-98.12609,19.42591],[-98.12736,19.4263],[-98.12872,19.42725],[-98.12355,19.43214],[-98.12002,19.43523],[-98.11748,19.43723],[-98.11703,19.43739],[-98.11674,19.43738],[-98.11643,19.43692],[-98.11593,19.43662],[-98.11298,19.43681],[-98.11252,19.43484],[-98.11164,19.43184],[-98.10797,19.41824],[-98.10803,19.41703]]]}},{"type":"Feature","properties":{"seccion":15,"municipio":3,"distrito_local":4,"distrito_federal":1},"geometry":{"type":"Polygon","coordinates":[[[-98.12982,19.42106],[-98.12973,19.42034],[-98.12988,19.41984],[-98.12987,19.41961],[-98.12973,19.41948],[-98.1294,19.41942],[-98.12906,19.41966],[-98.12871,19.41977],[-98.12817,19.41964],[-98.12777,19.4194],[-98.12682,19.41903],[-98.12649,19.41915],[-98.12612,19.41944],[-98.12586,19.41941],[-98.12564,19.41932],[-98.12455,19.41847],[-98.12416,19.41836],[-98.12589,19.41687],[-98.12658,19.41644],[-98.12686,19.41644],[-98.13248,19.4178],[-98.13567,19.41849],[-98.13501,19.41972],[-98.13635,19.42046],[-98.13453,19.42337],[-98.13425,19.42326],[-98.13395,19.42291],[-98.13335,19.4219],[-98.13238,19.42132],[-98.13223,19.42128],[-98.13099,19.42149],[-98.1305,19.42138],[-98.12999,19.42104],[-98.12982,19.42106]]]}},{"type":"Feature","properties":{"seccion":26,"municipio":3,"distrito_local":4,"distrito_federal":1},"geometry":{"type":"Polygon","coordinates":[[[-98.14836,19.4196],[-98.1504,19.41603],[-98.15675,19.41893],[-98.15652,19.4194],[-98.15606,19.41921],[-98.15591,19.41946],[-98.15575,19.42014],[-98.15588,19.42135],[-98.15555,19.42243],[-98.15512,19.42292],[-98.15463,19.42286],[-98.15046,19.42013],[-98.14978,19.42017],[-98.14936,19.42007],[-98.14836,19.4196]]]}},{"type":"Feature","properties":{"seccion":16,"municipio":3,"distrito_local":4,"distrito_federal":1},"geometry":{"type":"Polygon","coordinates":[[[-98.13453,19.42337],[-98.13635,19.42046],[-98.13501,19.41972],[-98.13567,19.41849],[-98.13708,19.41887],[-98.13834,19.41934],[-98.14182,19.42093],[-98.1427,19.42142],[-98.14365,19.42208],[-98.14316,19.42257],[-98.14258,19.4226],[-98.14168,19.42215],[-98.14113,19.42216],[-98.14081,19.42236],[-98.14132,19.42256],[-98.14173,19.42283],[-98.14491,19.42556],[-98.14573,19.42617],[-98.14618,19.42622],[-98.14636,19.42609],[-98.1475,19.42929],[-98.14793,19.4303],[-98.14898,19.43222],[-98.14735,19.43328],[-98.14754,19.43279],[-98.14742,19.43239],[-98.1469,19.43147],[-98.14663,19.43083],[-98.14649,19.43014],[-98.1461,19.42943],[-98.14589,19.42923],[-98.14579,19.42883],[-98.14528,19.42842],[-98.14448,19.42661],[-98.14381,19.42583],[-98.14356,19.426],[-98.14316,19.42566],[-98.1426,19.4262],[-98.14086,19.42568],[-98.14083,19.42519],[-98.13969,19.42517],[-98.13925,19.42474],[-98.13873,19.42467],[-98.13825,19.4244],[-98.13821,19.42435],[-98.139,19.4231],[-98.13802,19.4229],[-98.13746,19.42313],[-98.13654,19.42311],[-98.13572,19.42348],[-98.13453,19.42337]]]}},{"type":"Feature","properties":{"seccion":17,"municipio":3,"distrito_local":4,"distrito_federal":1},"geometry":{"type":"Polygon","coordinates":[[[-98.13567,19.41849],[-98.13619,19.41746],[-98.1391,19.41879],[-98.14049,19.41597],[-98.14516,19.41815],[-98.14476,19.41911],[-98.1438,19.42095],[-98.14421,19.42115],[-98.14365,19.42208],[-98.1427,19.42142],[-98.14182,19.42093],[-98.13914,19.4197],[-98.13708,19.41887],[-98.13567,19.41849]]]}},{"type":"Feature","properties":{"seccion":18,"municipio":3,"distrito_local":4,"distrito_federal":1},"geometry":{"type":"Polygon","coordinates":[[[-98.13593,19.41788],[-98.13549,19.41736],[-98.13531,19.41689],[-98.13487,19.41344],[-98.14049,19.41597],[-98.1391,19.41879],[-98.13619,19.41746],[-98.13593,19.41788]]]}},{"type":"Feature","properties":{"seccion":19,"municipio":3,"distrito_local":4,"distrito_federal":1},"geometry":{"type":"Polygon","coordinates":[[[-98.13567,19.41849],[-98.13458,19.41829],[-98.12964,19.41711],[-98.13065,19.41491],[-98.13176,19.41537],[-98.13221,19.41443],[-98.13251,19.41459],[-98.13294,19.41373],[-98.1339,19.41416],[-98.13435,19.41322],[-98.13487,19.41344],[-98.13531,19.41689],[-98.13549,19.41736],[-98.13593,19.41788],[-98.13567,19.41849]]]}},{"type":"Feature","properties":{"seccion":20,"municipio":3,"distrito_local":4,"distrito_federal":1},"geometry":{"type":"Polygon","coordinates":[[[-98.12272,19.41696],[-98.1219,19.41615],[-98.1217,19.41482],[-98.12198,19.41437],[-98.1226,19.41412],[-98.12297,19.41406],[-98.1229,19.41332],[-98.12272,19.41272],[-98.12875,19.41182],[-98.1306,19.41165],[-98.13113,19.41174],[-98.13435,19.41322],[-98.1339,19.41416],[-98.13294,19.41373],[-98.13251,19.41459],[-98.13221,19.41443],[-98.13176,19.41537],[-98.13065,19.41491],[-98.12964,19.41711],[-98.12686,19.41644],[-98.12658,19.41644],[-98.12589,19.41687],[-98.12416,19.41836],[-98.12368,19.41823],[-98.12272,19.41696]]]}},{"type":"Feature","properties":{"seccion":21,"municipio":3,"distrito_local":4,"distrito_federal":1},"geometry":{"type":"Polygon","coordinates":[[[-98.12339,19.41263],[-98.12438,19.41073],[-98.12488,19.41036],[-98.12518,19.41028],[-98.12499,19.40999],[-98.12479,19.4099],[-98.12461,19.40959],[-98.12663,19.40907],[-98.12777,19.4087],[-98.12935,19.40862],[-98.13064,19.40812],[-98.13401,19.40718],[-98.13487,19.41344],[-98.13113,19.41174],[-98.1306,19.41165],[-98.12875,19.41182],[-98.12339,19.41263]]]}},{"type":"Feature","properties":{"seccion":22,"municipio":3,"distrito_local":4,"distrito_federal":1},"geometry":{"type":"Polygon","coordinates":[[[-98.13487,19.41344],[-98.13441,19.40983],[-98.13584,19.41046],[-98.13612,19.40987],[-98.13664,19.4097],[-98.13854,19.41058],[-98.13809,19.41148],[-98.13905,19.41193],[-98.13859,19.41282],[-98.13946,19.41323],[-98.13855,19.41509],[-98.13487,19.41344]]]}},{"type":"Feature","properties":{"seccion":23,"municipio":3,"distrito_local":4,"distrito_federal":1},"geometry":{"type":"Polygon","coordinates":[[[-98.13855,19.41509],[-98.1404,19.41143],[-98.14333,19.41279],[-98.14149,19.41644],[-98.13855,19.41509]]]}},{"type":"Feature","properties":{"seccion":24,"municipio":3,"distrito_local":4,"distrito_federal":1},"geometry":{"type":"Polygon","coordinates":[[[-98.14149,19.41644],[-98.14333,19.41279],[-98.14522,19.41362],[-98.14337,19.41728],[-98.14149,19.41644]]]}},{"type":"Feature","properties":{"seccion":25,"municipio":3,"distrito_local":4,"distrito_federal":1},"geometry":{"type":"Polygon","coordinates":[[[-98.14337,19.41728],[-98.14522,19.41362],[-98.1504,19.41603],[-98.14836,19.4196],[-98.14568,19.41838],[-98.14563,19.41812],[-98.14546,19.418],[-98.14536,19.41798],[-98.14516,19.41815],[-98.14337,19.41728]]]}},{"type":"Feature","properties":{"seccion":27,"municipio":3,"distrito_local":4,"distrito_federal":1},"geometry":{"type":"Polygon","coordinates":[[[-98.14616,19.41407],[-98.14662,19.41318],[-98.14569,19.41276],[-98.14658,19.41092],[-98.15326,19.414],[-98.15513,19.41478],[-98.1555,19.41501],[-98.1557,19.41502],[-98.15657,19.41574],[-98.15829,19.41571],[-98.15675,19.41893],[-98.14616,19.41407]]]}},{"type":"Feature","properties":{"seccion":28,"municipio":3,"distrito_local":4,"distrito_federal":1},"geometry":{"type":"Polygon","coordinates":[[[-98.1404,19.41143],[-98.14176,19.40871],[-98.14658,19.41092],[-98.14569,19.41276],[-98.14662,19.41318],[-98.14616,19.41407],[-98.1404,19.41143]]]}},{"type":"Feature","properties":{"seccion":29,"municipio":3,"distrito_local":4,"distrito_federal":1},"geometry":{"type":"Polygon","coordinates":[[[-98.13441,19.40983],[-98.13412,19.40777],[-98.13359,19.40542],[-98.13459,19.40509],[-98.13799,19.4042],[-98.13938,19.40484],[-98.13896,19.40566],[-98.14247,19.40732],[-98.13946,19.41323],[-98.13859,19.41282],[-98.13905,19.41193],[-98.13809,19.41148],[-98.13854,19.41058],[-98.13664,19.4097],[-98.13612,19.40987],[-98.13584,19.41046],[-98.13441,19.40983]]]}},{"type":"Feature","properties":{"seccion":31,"municipio":3,"distrito_local":4,"distrito_federal":1},"geometry":{"type":"Polygon","coordinates":[[[-98.14247,19.40732],[-98.13896,19.40566],[-98.13938,19.40484],[-98.13799,19.4042],[-98.13507,19.40495],[-98.13359,19.40542],[-98.13312,19.40386],[-98.13698,19.40283],[-98.1372,19.40095],[-98.13877,19.40145],[-98.13854,19.4005],[-98.1411,19.39973],[-98.14103,19.39931],[-98.14138,19.3992],[-98.14325,19.40449],[-98.14405,19.40373],[-98.14427,19.40383],[-98.14247,19.40732]]]}},{"type":"Feature","properties":{"seccion":32,"municipio":3,"distrito_local":4,"distrito_federal":1},"geometry":{"type":"Polygon","coordinates":[[[-98.14176,19.40871],[-98.14447,19.40334],[-98.14817,19.39986],[-98.15065,19.4008],[-98.15071,19.40063],[-98.15167,19.40098],[-98.14658,19.41092],[-98.14176,19.40871]]]}},{"type":"Feature","properties":{"seccion":33,"municipio":3,"distrito_local":4,"distrito_federal":1},"geometry":{"type":"Polygon","coordinates":[[[-98.14658,19.41092],[-98.14802,19.40817],[-98.15553,19.41166],[-98.15721,19.41147],[-98.1572,19.41125],[-98.15734,19.41073],[-98.15756,19.41123],[-98.15865,19.41295],[-98.15917,19.41333],[-98.15933,19.41333],[-98.15946,19.41343],[-98.15976,19.41413],[-98.15869,19.41489],[-98.15829,19.41571],[-98.15657,19.41574],[-98.1557,19.41502],[-98.1555,19.41501],[-98.15513,19.41478],[-98.15326,19.414],[-98.14658,19.41092]]]}},{"type":"Feature","properties":{"seccion":34,"municipio":3,"distrito_local":4,"distrito_federal":1},"geometry":{"type":"Polygon","coordinates":[[[-98.14802,19.40817],[-98.14906,19.40613],[-98.15197,19.40746],[-98.15092,19.40953],[-98.14802,19.40817]]]}},{"type":"Feature","properties":{"seccion":35,"municipio":3,"distrito_local":4,"distrito_federal":1},"geometry":{"type":"Polygon","coordinates":[[[-98.15628,19.40963],[-98.15575,19.41062],[-98.1545,19.41117],[-98.15092,19.40953],[-98.15197,19.40746],[-98.15628,19.40963]]]}},{"type":"Feature","properties":{"seccion":36,"municipio":3,"distrito_local":4,"distrito_federal":1},"geometry":{"type":"Polygon","coordinates":[[[-98.1545,19.41117],[-98.15575,19.41062],[-98.15628,19.40963],[-98.15197,19.40746],[-98.15289,19.40568],[-98.15375,19.40607],[-98.15444,19.40465],[-98.1555,19.40519],[-98.1563,19.40371],[-98.15683,19.40396],[-98.1555,19.40642],[-98.15732,19.40722],[-98.15788,19.40838],[-98.15791,19.40858],[-98.15713,19.41018],[-98.15734,19.41073],[-98.1572,19.41125],[-98.15721,19.41147],[-98.15553,19.41166],[-98.1545,19.41117]]]}},{"type":"Feature","properties":{"seccion":37,"municipio":3,"distrito_local":4,"distrito_federal":1},"geometry":{"type":"Polygon","coordinates":[[[-98.14906,19.40613],[-98.15074,19.4029],[-98.15365,19.40427],[-98.15197,19.40746],[-98.14906,19.40613]]]}},{"type":"Feature","properties":{"seccion":39,"municipio":3,"distrito_local":4,"distrito_federal":1},"geometry":{"type":"Polygon","coordinates":[[[-98.07147,19.42265],[-98.07539,19.42664],[-98.07522,19.4269],[-98.07579,19.42741],[-98.07606,19.42746],[-98.07908,19.43028],[-98.08205,19.43206],[-98.08265,19.43227],[-98.08175,19.43306],[-98.08106,19.43434],[-98.08083,19.43498],[-98.08529,19.43858],[-98.08521,19.43866],[-98.08708,19.43981],[-98.08693,19.4404],[-98.08639,19.4414],[-98.08287,19.44408],[-98.08275,19.44733],[-98.08074,19.44952],[-98.0804,19.44958],[-98.07688,19.44327],[-98.07669,19.44336],[-98.07208,19.44201],[-98.06295,19.43495],[-98.06546,19.43049],[-98.07077,19.42367],[-98.07147,19.42265]]]}},{"type":"Feature","properties":{"seccion":40,"municipio":3,"distrito_local":4,"distrito_federal":1},"geometry":{"type":"Polygon","coordinates":[[[-98.08287,19.43206],[-98.08265,19.43227],[-98.08205,19.43206],[-98.07908,19.43028],[-98.07606,19.42746],[-98.07579,19.42741],[-98.07522,19.4269],[-98.07539,19.42664],[-98.07147,19.42265],[-98.07239,19.42129],[-98.07295,19.4214],[-98.07276,19.42036],[-98.07777,19.41577],[-98.07916,19.41645],[-98.08219,19.4139],[-98.08339,19.41277],[-98.0848,19.41117],[-98.08612,19.41241],[-98.0871,19.41387],[-98.08571,19.41483],[-98.08607,19.41531],[-98.08546,19.4158],[-98.08957,19.42042],[-98.08785,19.42195],[-98.09026,19.42328],[-98.09007,19.42368],[-98.09013,19.42378],[-98.09063,19.4246],[-98.09108,19.42478],[-98.0909,19.42489],[-98.09076,19.42592],[-98.09092,19.42754],[-98.09123,19.42871],[-98.0922,19.43101],[-98.08747,19.43371],[-98.08718,19.43397],[-98.08686,19.43464],[-98.08516,19.43386],[-98.08442,19.43338],[-98.08287,19.43206]]]}},{"type":"Feature","properties":{"seccion":42,"municipio":3,"distrito_local":4,"distrito_federal":1},"geometry":{"type":"Polygon","coordinates":[[[-98.15711,19.39792],[-98.15661,19.39759],[-98.15354,19.395],[-98.15496,19.39314],[-98.15585,19.39171],[-98.15561,19.39162],[-98.15533,19.39136],[-98.15399,19.39081],[-98.15386,19.38954],[-98.15392,19.38924],[-98.15413,19.38887],[-98.15531,19.38791],[-98.15657,19.38755],[-98.15697,19.38731],[-98.15794,19.38605],[-98.16387,19.38797],[-98.16232,19.3904],[-98.16038,19.39276],[-98.16071,19.39416],[-98.16047,19.39489],[-98.16019,19.39532],[-98.15888,19.39679],[-98.15711,19.39792]]]}},{"type":"Feature","properties":{"seccion":43,"municipio":3,"distrito_local":4,"distrito_federal":1},"geometry":{"type":"Polygon","coordinates":[[[-98.14325,19.40449],[-98.14039,19.39657],[-98.14447,19.39596],[-98.14411,19.39395],[-98.14522,19.39241],[-98.14608,19.39159],[-98.1483,19.38973],[-98.14918,19.39065],[-98.15245,19.39322],[-98.15399,19.39081],[-98.15533,19.39136],[-98.15561,19.39162],[-98.15585,19.39171],[-98.15496,19.39314],[-98.15354,19.395],[-98.15661,19.39759],[-98.15711,19.39792],[-98.15638,19.39921],[-98.15581,19.39877],[-98.15434,19.40197],[-98.15071,19.40063],[-98.15065,19.4008],[-98.14817,19.39986],[-98.14656,19.40141],[-98.14522,19.40257],[-98.14447,19.40334],[-98.14427,19.40383],[-98.14405,19.40373],[-98.14325,19.40449]]]}},{"type":"Feature","properties":{"seccion":52,"municipio":4,"distrito_local":3,"distrito_federal":1},"geometry":{"type":"Polygon","coordinates":[[[-98.16255,19.55995],[-98.1637,19.56097],[-98.16411,19.56183],[-98.16463,19.56229],[-98.16515,19.5622],[-98.16528,19.5617],[-98.16575,19.56125],[-98.16587,19.56058],[-98.16629,19.56029],[-98.16693,19.56037],[-98.16727,19.56078],[-98.16768,19.56111],[-98.16796,19.56173],[-98.16849,19.56226],[-98.16907,19.56242],[-98.17006,19.56221],[-98.1703,19.56183],[-98.17119,19.56084],[-98.17208,19.56009],[-98.17284,19.55967],[-98.17366,19.55942],[-98.17425,19.559],[-98.1749,19.55838],[-98.17566,19.55812],[-98.17625,19.55795],[-98.17683,19.55828],[-98.177,19.55894],[-98.1768,19.561],[-98.17732,19.56121],[-98.17844,19.5605],[-98.17968,19.5595],[-98.18104,19.55804],[-98.1818,19.55787],[-98.18256,19.55795],[-98.18332,19.55827],[-98.18354,19.55897],[-98.18354,19.55984],[-98.18335,19.56124],[-98.18299,19.56216],[-98.18268,19.56356],[-98.18267,19.56418],[-98.18301,19.56492],[-98.18266,19.56562],[-98.18259,19.56616],[-98.18188,19.56699],[-98.18099,19.56824],[-98.17895,19.57192],[-98.17401,19.57494],[-98.17106,19.5771],[-98.16818,19.57968],[-98.15926,19.57738],[-98.1616,19.56215],[-98.16255,19.55995]]]}},{"type":"Feature","properties":{"seccion":134,"municipio":10,"distrito_local":9,"distrito_federal":3},"geometry":{"type":"Polygon","coordinates":[[[-98.21414,19.32404],[-98.21273,19.32369],[-98.21135,19.32271],[-98.21143,19.3226],[-98.2111,19.32199],[-98.21072,19.32058],[-98.21138,19.32039],[-98.21185,19.32203],[-98.21236,19.32249],[-98.21378,19.32307],[-98.21392,19.32301],[-98.21475,19.32343],[-98.21481,19.32368],[-98.21414,19.32404]]]}},{"type":"Feature","properties":{"seccion":44,"municipio":3,"distrito_local":4,"distrito_federal":1},"geometry":{"type":"Polygon","coordinates":[[[-98.14039,19.39657],[-98.13912,19.39307],[-98.1393,19.39301],[-98.13797,19.3887],[-98.1366,19.38486],[-98.13591,19.38378],[-98.13965,19.38231],[-98.14016,19.37871],[-98.1401,19.37799],[-98.14644,19.37446],[-98.14684,19.37459],[-98.14777,19.37512],[-98.14961,19.37458],[-98.15063,19.37417],[-98.15153,19.37498],[-98.15235,19.37597],[-98.15521,19.37631],[-98.15548,19.37649],[-98.15336,19.37798],[-98.15217,19.37855],[-98.15176,19.37898],[-98.15355,19.38202],[-98.15405,19.38193],[-98.15459,19.38196],[-98.15523,19.38218],[-98.1603,19.38327],[-98.15921,19.38463],[-98.15833,19.38536],[-98.1578,19.38601],[-98.15794,19.38605],[-98.15697,19.38731],[-98.15657,19.38755],[-98.15531,19.38791],[-98.15413,19.38887],[-98.15392,19.38924],[-98.15386,19.38954],[-98.15399,19.39081],[-98.15245,19.39322],[-98.14918,19.39065],[-98.1483,19.38973],[-98.14608,19.39159],[-98.14522,19.39241],[-98.14411,19.39395],[-98.14447,19.39596],[-98.14039,19.39657]]]}},{"type":"Feature","properties":{"seccion":45,"municipio":3,"distrito_local":4,"distrito_federal":1},"geometry":{"type":"Polygon","coordinates":[[[-98.15074,19.4029],[-98.15167,19.40098],[-98.15434,19.40197],[-98.15581,19.39877],[-98.15638,19.39921],[-98.15512,19.4015],[-98.15755,19.40261],[-98.15683,19.40396],[-98.1563,19.40371],[-98.1555,19.40519],[-98.15444,19.40465],[-98.15375,19.40607],[-98.15289,19.40568],[-98.15365,19.40427],[-98.15074,19.4029]]]}},{"type":"Feature","properties":{"seccion":46,"municipio":3,"distrito_local":4,"distrito_federal":1},"geometry":{"type":"Polygon","coordinates":[[[-98.10866,19.41726],[-98.10665,19.4166],[-98.10613,19.41636],[-98.10611,19.4159],[-98.10674,19.41384],[-98.10881,19.41195],[-98.10994,19.41072],[-98.10792,19.40993],[-98.10769,19.4096],[-98.1091,19.40804],[-98.10996,19.40896],[-98.11179,19.40981],[-98.1124,19.41025],[-98.11555,19.41157],[-98.1167,19.41179],[-98.11755,19.41169],[-98.11842,19.41125],[-98.11941,19.41061],[-98.12053,19.41024],[-98.1219,19.40995],[-98.12333,19.4098],[-98.12364,19.40985],[-98.12461,19.40959],[-98.12479,19.4099],[-98.12499,19.40999],[-98.12518,19.41028],[-98.12488,19.41036],[-98.12438,19.41073],[-98.12339,19.41263],[-98.12272,19.41272],[-98.1229,19.41332],[-98.12297,19.41406],[-98.1226,19.41412],[-98.12198,19.41437],[-98.1218,19.41456],[-98.1217,19.41482],[-98.12175,19.41545],[-98.1219,19.41615],[-98.12218,19.41642],[-98.1184,19.41652],[-98.11551,19.41671],[-98.11319,19.41751],[-98.1122,19.41771],[-98.11101,19.41776],[-98.10866,19.41726]]]}},{"type":"Feature","properties":{"seccion":47,"municipio":3,"distrito_local":4,"distrito_federal":1},"geometry":{"type":"Polygon","coordinates":[[[-98.13401,19.40718],[-98.13064,19.40812],[-98.12935,19.40862],[-98.12777,19.4087],[-98.12777,19.40824],[-98.12725,19.40819],[-98.12628,19.40786],[-98.12557,19.40734],[-98.12521,19.40677],[-98.12513,19.40646],[-98.12502,19.40441],[-98.13255,19.40212],[-98.13359,19.40542],[-98.13401,19.40718]]]}},{"type":"Feature","properties":{"seccion":48,"municipio":3,"distrito_local":4,"distrito_federal":1},"geometry":{"type":"Polygon","coordinates":[[[-98.14316,19.42257],[-98.14366,19.42238],[-98.14406,19.42283],[-98.14568,19.42493],[-98.14604,19.42543],[-98.14636,19.42609],[-98.14618,19.42622],[-98.14573,19.42617],[-98.14491,19.42556],[-98.14173,19.42283],[-98.14132,19.42256],[-98.14081,19.42236],[-98.14113,19.42216],[-98.14168,19.42215],[-98.14258,19.4226],[-98.14316,19.42257]]]}},{"type":"Feature","properties":{"seccion":635,"municipio":3,"distrito_local":4,"distrito_federal":1},"geometry":{"type":"Polygon","coordinates":[[[-98.14073,19.39746],[-98.13195,19.40014],[-98.13111,19.3974],[-98.13975,19.39483],[-98.14073,19.39746]]]}},{"type":"Feature","properties":{"seccion":49,"municipio":4,"distrito_local":3,"distrito_federal":1},"geometry":{"type":"Polygon","coordinates":[[[-98.20481,19.49366],[-98.20558,19.49295],[-98.20809,19.49318],[-98.20931,19.49334],[-98.21042,19.49366],[-98.21123,19.4944],[-98.21128,19.49539],[-98.21115,19.49659],[-98.21067,19.49742],[-98.20862,19.49797],[-98.20774,19.49835],[-98.2068,19.4986],[-98.2058,19.4991],[-98.2051,19.49931],[-98.20475,19.49965],[-98.20462,19.50018],[-98.20509,19.50006],[-98.20557,19.4996],[-98.20645,19.49914],[-98.20867,19.49904],[-98.20925,19.49908],[-98.20995,19.49932],[-98.21261,19.50784],[-98.21509,19.5058],[-98.21591,19.50538],[-98.21772,19.50566],[-98.21877,19.5059],[-98.22126,19.50741],[-98.22196,19.50798],[-98.22403,19.51081],[-98.22426,19.51126],[-98.22548,19.51266],[-98.22692,19.51397],[-98.22791,19.51466],[-98.23387,19.52068],[-98.23345,19.5216],[-98.23242,19.52287],[-98.23064,19.52571],[-98.23383,19.52861],[-98.23001,19.52876],[-98.22579,19.53111],[-98.22827,19.53261],[-98.22351,19.53547],[-98.22085,19.53793],[-98.21936,19.53895],[-98.21895,19.54112],[-98.21797,19.54258],[-98.21479,19.54164],[-98.21305,19.54053],[-98.21223,19.54118],[-98.20837,19.54373],[-98.20544,19.54554],[-98.20545,19.54581],[-98.20563,19.54625],[-98.20559,19.54654],[-98.20576,19.54706],[-98.20566,19.54778],[-98.206,19.54832],[-98.20598,19.54924],[-98.20613,19.54958],[-98.20634,19.54973],[-98.20445,19.55421],[-98.20214,19.55349],[-98.20339,19.55713],[-98.20401,19.55803],[-98.20406,19.5584],[-98.20409,19.55922],[-98.20267,19.55955],[-98.20246,19.55979],[-98.20274,19.56046],[-98.20347,19.56172],[-98.20432,19.56268],[-98.2045,19.56318],[-98.2039,19.56349],[-98.20319,19.56407],[-98.2023,19.56585],[-98.20188,19.56639],[-98.20037,19.56558],[-98.19892,19.56435],[-98.19724,19.56354],[-98.19711,19.56391],[-98.19764,19.56444],[-98.19769,19.56527],[-98.19703,19.56602],[-98.19486,19.56673],[-98.19421,19.56736],[-98.19415,19.56814],[-98.19331,19.57009],[-98.19248,19.57059],[-98.19155,19.57092],[-98.19107,19.57171],[-98.19024,19.57263],[-98.18696,19.57347],[-98.18556,19.57324],[-98.18439,19.57279],[-98.18277,19.57152],[-98.18201,19.57132],[-98.18155,19.57075],[-98.18121,19.57005],[-98.18109,19.56943],[-98.18099,19.56824],[-98.18188,19.56699],[-98.18259,19.56616],[-98.18266,19.56562],[-98.18301,19.56492],[-98.18267,19.56418],[-98.18268,19.56356],[-98.18299,19.56216],[-98.18335,19.56124],[-98.18354,19.55984],[-98.18354,19.55897],[-98.18332,19.55827],[-98.18256,19.55795],[-98.1818,19.55787],[-98.18104,19.55804],[-98.17968,19.5595],[-98.17844,19.5605],[-98.17732,19.56121],[-98.1768,19.561],[-98.177,19.55894],[-98.17683,19.55828],[-98.17625,19.55795],[-98.17566,19.55812],[-98.1749,19.55838],[-98.17425,19.559],[-98.17366,19.55942],[-98.17284,19.55967],[-98.17208,19.56009],[-98.17119,19.56084],[-98.1703,19.56183],[-98.17006,19.56221],[-98.16907,19.56242],[-98.16849,19.56226],[-98.16796,19.56173],[-98.16768,19.56111],[-98.16727,19.56078],[-98.16693,19.56037],[-98.16629,19.56029],[-98.16587,19.56058],[-98.16575,19.56125],[-98.16528,19.5617],[-98.16515,19.5622],[-98.16463,19.56229],[-98.16411,19.56183],[-98.1637,19.56097],[-98.16255,19.55995],[-98.16267,19.55916],[-98.16344,19.55829],[-98.16432,19.55804],[-98.16532,19.55786],[-98.16614,19.55757],[-98.16644,19.55711],[-98.16685,19.55686],[-98.16709,19.556],[-98.16713,19.55482],[-98.16752,19.55414],[-98.16805,19.55384],[-98.16829,19.55343],[-98.16836,19.55165],[-98.16849,19.55108],[-98.16844,19.55033],[-98.16885,19.54967],[-98.16962,19.54925],[-98.1701,19.54926],[-98.17132,19.54883],[-98.17328,19.54863],[-98.17573,19.54965],[-98.17924,19.52637],[-98.18171,19.52673],[-98.18344,19.52466],[-98.18371,19.52385],[-98.18372,19.52319],[-98.18341,19.52109],[-98.18316,19.52033],[-98.18265,19.51987],[-98.18196,19.51956],[-98.1802,19.51937],[-98.18127,19.51252],[-98.18174,19.51151],[-98.18222,19.51093],[-98.182,19.50802],[-98.18207,19.50585],[-98.18257,19.50232],[-98.18306,19.50034],[-98.18394,19.50033],[-98.18434,19.50087],[-98.18522,19.50016],[-98.18605,19.49916],[-98.18675,19.49908],[-98.18775,19.49931],[-98.18851,19.49914],[-98.19016,19.49798],[-98.19104,19.49706],[-98.19204,19.49693],[-98.1928,19.49656],[-98.19385,19.49671],[-98.19437,19.49745],[-98.19518,19.49798],[-98.19659,19.49727],[-98.19729,19.49702],[-98.19846,19.49717],[-98.19987,19.49679],[-98.20058,19.49604],[-98.20157,19.49575],[-98.20251,19.49595],[-98.20315,19.49545],[-98.20481,19.49366]]]}},{"type":"Feature","properties":{"seccion":50,"municipio":4,"distrito_local":3,"distrito_federal":1},"geometry":{"type":"Polygon","coordinates":[[[-98.2022,19.59414],[-98.20122,19.5927],[-98.20152,19.59213],[-98.20246,19.59147],[-98.20258,19.59048],[-98.20189,19.58977],[-98.2005,19.58914],[-98.19871,19.58722],[-98.1979,19.58729],[-98.19691,19.58666],[-98.19518,19.58491],[-98.19193,19.58344],[-98.19112,19.58351],[-98.19036,19.5838],[-98.18936,19.58449],[-98.18912,19.58519],[-98.1887,19.58594],[-98.18521,19.5857],[-98.18235,19.58638],[-98.18142,19.58642],[-98.18101,19.58629],[-98.18031,19.58641],[-98.18001,19.58732],[-98.17995,19.58781],[-98.17913,19.58793],[-98.17838,19.58788],[-98.17737,19.5892],[-98.17579,19.58981],[-98.17683,19.58801],[-98.17537,19.58798],[-98.17825,19.58226],[-98.16818,19.57968],[-98.17106,19.5771],[-98.17401,19.57494],[-98.17895,19.57192],[-98.18099,19.56824],[-98.18121,19.57005],[-98.18155,19.57075],[-98.18201,19.57132],[-98.18277,19.57152],[-98.18439,19.57279],[-98.18556,19.57324],[-98.18696,19.57347],[-98.19024,19.57263],[-98.19107,19.57171],[-98.19155,19.57092],[-98.19248,19.57059],[-98.19331,19.57009],[-98.1934,19.57198],[-98.19387,19.57256],[-98.19445,19.57297],[-98.19549,19.57333],[-98.19655,19.57341],[-98.19777,19.57364],[-98.19841,19.57422],[-98.19876,19.57438],[-98.19997,19.57544],[-98.20148,19.57642],[-98.20259,19.57732],[-98.20398,19.57826],[-98.2049,19.57912],[-98.20571,19.58011],[-98.20594,19.58077],[-98.20669,19.58452],[-98.20669,19.58646],[-98.20713,19.58783],[-98.20775,19.58882],[-98.20769,19.58998],[-98.20651,19.59151],[-98.20627,19.59262],[-98.20497,19.59263],[-98.20354,19.59296],[-98.2022,19.59414]]]}},{"type":"Feature","properties":{"seccion":51,"municipio":4,"distrito_local":3,"distrito_federal":1},"geometry":{"type":"Polygon","coordinates":[[[-98.25051,19.58056],[-98.2502,19.58003],[-98.24667,19.57995],[-98.24642,19.58061],[-98.24488,19.58346],[-98.2437,19.5852],[-98.24246,19.58652],[-98.24204,19.59389],[-98.24092,19.59323],[-98.23906,19.59232],[-98.23726,19.5919],[-98.23565,19.59066],[-98.23162,19.59158],[-98.22896,19.59236],[-98.22679,19.5922],[-98.22511,19.59121],[-98.22294,19.59059],[-98.22158,19.58989],[-98.22015,19.58976],[-98.2186,19.58914],[-98.21643,19.58865],[-98.21321,19.58861],[-98.21172,19.58832],[-98.20669,19.58452],[-98.20594,19.58077],[-98.20571,19.58011],[-98.2049,19.57912],[-98.20398,19.57826],[-98.20259,19.57732],[-98.20148,19.57642],[-98.19997,19.57544],[-98.19876,19.57438],[-98.19841,19.57422],[-98.19777,19.57364],[-98.19655,19.57341],[-98.19549,19.57333],[-98.19445,19.57297],[-98.19387,19.57256],[-98.1934,19.57198],[-98.19331,19.57009],[-98.19415,19.56814],[-98.19421,19.56736],[-98.19486,19.56673],[-98.19703,19.56602],[-98.19769,19.56527],[-98.19764,19.56444],[-98.19711,19.56391],[-98.19724,19.56354],[-98.19892,19.56435],[-98.20037,19.56558],[-98.20188,19.56639],[-98.20269,19.56717],[-98.20368,19.56762],[-98.20485,19.56782],[-98.20719,19.56797],[-98.20812,19.56837],[-98.20934,19.5691],[-98.20992,19.56964],[-98.2113,19.57132],[-98.21281,19.57213],[-98.21433,19.57233],[-98.21603,19.57182],[-98.2203,19.57171],[-98.22252,19.57181],[-98.24386,19.5613],[-98.24392,19.56229],[-98.24479,19.56427],[-98.24523,19.56568],[-98.24715,19.56766],[-98.24839,19.56936],[-98.24833,19.57143],[-98.2492,19.57316],[-98.25051,19.57486],[-98.2515,19.57865],[-98.25105,19.57974],[-98.25051,19.58056]]]}},{"type":"Feature","properties":{"seccion":53,"municipio":4,"distrito_local":3,"distrito_federal":1},"geometry":{"type":"Polygon","coordinates":[[[-98.21479,19.54164],[-98.21797,19.54258],[-98.21895,19.54112],[-98.21936,19.53895],[-98.22472,19.54407],[-98.22539,19.54361],[-98.22638,19.5436],[-98.22784,19.5438],[-98.22842,19.54433],[-98.22882,19.54486],[-98.2304,19.54506],[-98.23267,19.54661],[-98.23587,19.5477],[-98.23912,19.54851],[-98.24083,19.54515],[-98.24895,19.55076],[-98.24943,19.55261],[-98.24831,19.55435],[-98.24707,19.55666],[-98.24621,19.5572],[-98.24491,19.55935],[-98.24386,19.5613],[-98.22252,19.57181],[-98.2203,19.57171],[-98.21603,19.57182],[-98.21433,19.57233],[-98.21281,19.57213],[-98.2113,19.57132],[-98.20992,19.56964],[-98.20934,19.5691],[-98.20812,19.56837],[-98.20719,19.56797],[-98.20485,19.56782],[-98.20368,19.56762],[-98.20269,19.56717],[-98.20188,19.56639],[-98.2023,19.56585],[-98.20319,19.56407],[-98.2039,19.56349],[-98.2045,19.56318],[-98.20432,19.56268],[-98.20347,19.56172],[-98.20274,19.56046],[-98.20246,19.55979],[-98.20267,19.55955],[-98.20409,19.55922],[-98.20406,19.5584],[-98.20401,19.55803],[-98.20339,19.55713],[-98.20214,19.55349],[-98.20445,19.55421],[-98.20634,19.54973],[-98.20613,19.54958],[-98.20598,19.54924],[-98.206,19.54832],[-98.20566,19.54778],[-98.20576,19.54706],[-98.20559,19.54654],[-98.20563,19.54625],[-98.20545,19.54581],[-98.20544,19.54554],[-98.20837,19.54373],[-98.21223,19.54118],[-98.21305,19.54053],[-98.21479,19.54164]]]}},{"type":"Feature","properties":{"seccion":54,"municipio":4,"distrito_local":3,"distrito_federal":1},"geometry":{"type":"Polygon","coordinates":[[[-98.24874,19.54981],[-98.24895,19.55076],[-98.24083,19.54515],[-98.23912,19.54851],[-98.23587,19.5477],[-98.23267,19.54661],[-98.2304,19.54506],[-98.22882,19.54486],[-98.22842,19.54433],[-98.22784,19.5438],[-98.22638,19.5436],[-98.22539,19.54361],[-98.22472,19.54407],[-98.21936,19.53895],[-98.22085,19.53793],[-98.22351,19.53547],[-98.22827,19.53261],[-98.22579,19.53111],[-98.23001,19.52876],[-98.23383,19.52861],[-98.23064,19.52571],[-98.23242,19.52287],[-98.23345,19.5216],[-98.23387,19.52068],[-98.23469,19.5214],[-98.24362,19.53171],[-98.24685,19.53672],[-98.24972,19.5433],[-98.24966,19.5445],[-98.24929,19.54645],[-98.2488,19.54847],[-98.24874,19.54981]]]}},{"type":"Feature","properties":{"seccion":55,"municipio":4,"distrito_local":3,"distrito_federal":1},"geometry":{"type":"Polygon","coordinates":[[[-98.18362,19.52426],[-98.18344,19.52466],[-98.18171,19.52673],[-98.17729,19.52613],[-98.17471,19.52564],[-98.16602,19.52373],[-98.16485,19.52341],[-98.16347,19.52267],[-98.16268,19.52237],[-98.16423,19.51867],[-98.1681,19.51093],[-98.16904,19.51067],[-98.16956,19.51096],[-98.17021,19.51046],[-98.17063,19.50975],[-98.17122,19.50917],[-98.17327,19.50825],[-98.17458,19.50605],[-98.17465,19.50539],[-98.17489,19.50448],[-98.17543,19.50349],[-98.17625,19.5029],[-98.17684,19.50286],[-98.17854,19.50223],[-98.1793,19.50169],[-98.18089,19.50093],[-98.18136,19.5008],[-98.18218,19.50034],[-98.18306,19.50034],[-98.18257,19.50232],[-98.18207,19.50585],[-98.182,19.50802],[-98.18222,19.51093],[-98.18174,19.51151],[-98.18127,19.51252],[-98.1802,19.51937],[-98.18196,19.51956],[-98.18265,19.51987],[-98.18316,19.52033],[-98.18341,19.52109],[-98.18372,19.52319],[-98.18362,19.52426]]]}},{"type":"Feature","properties":{"seccion":56,"municipio":4,"distrito_local":3,"distrito_federal":1},"geometry":{"type":"Polygon","coordinates":[[[-98.14971,19.5524],[-98.14966,19.55129],[-98.14996,19.55034],[-98.14956,19.54997],[-98.14969,19.54914],[-98.14964,19.54815],[-98.14924,19.54663],[-98.14878,19.54601],[-98.14722,19.54487],[-98.14617,19.54438],[-98.1457,19.54438],[-98.14465,19.5446],[-98.14372,19.54415],[-98.14249,19.54412],[-98.14138,19.54392],[-98.13835,19.54295],[-98.13754,19.5425],[-98.1369,19.54242],[-98.13632,19.54193],[-98.13574,19.54119],[-98.13569,19.54024],[-98.13495,19.53922],[-98.13442,19.53881],[-98.13414,19.53844],[-98.13415,19.53757],[-98.1337,19.53555],[-98.13396,19.5332],[-98.13462,19.53159],[-98.13469,19.5308],[-98.13458,19.52965],[-98.13529,19.52878],[-98.13589,19.52786],[-98.13619,19.52695],[-98.13632,19.52621],[-98.13639,19.52493],[-98.13681,19.5241],[-98.13728,19.52319],[-98.13859,19.52186],[-98.13474,19.5157],[-98.13591,19.51536],[-98.13662,19.51478],[-98.13697,19.51416],[-98.13768,19.51366],[-98.13786,19.51324],[-98.13787,19.51242],[-98.13811,19.51151],[-98.13853,19.5106],[-98.13924,19.50985],[-98.14333,19.5097],[-98.14491,19.50989],[-98.14566,19.51046],[-98.1467,19.51157],[-98.14678,19.50988],[-98.1469,19.50926],[-98.14767,19.50864],[-98.14819,19.509],[-98.14836,19.50954],[-98.14878,19.50896],[-98.1499,19.508],[-98.1506,19.50783],[-98.15154,19.50774],[-98.15324,19.50703],[-98.15377,19.50653],[-98.15459,19.50624],[-98.15518,19.5064],[-98.15629,19.50643],[-98.15711,19.50634],[-98.15735,19.50551],[-98.15718,19.50485],[-98.15465,19.50091],[-98.15449,19.49972],[-98.15473,19.49876],[-98.15533,19.49769],[-98.15598,19.49682],[-98.1568,19.49628],[-98.15746,19.49549],[-98.15723,19.49507],[-98.15718,19.49413],[-98.15749,19.49264],[-98.15895,19.49238],[-98.16161,19.48976],[-98.16284,19.48926],[-98.16436,19.48912],[-98.16582,19.48928],[-98.16733,19.48972],[-98.17019,19.49098],[-98.17193,19.49221],[-98.17227,19.49262],[-98.18317,19.48453],[-98.18505,19.49467],[-98.18394,19.50033],[-98.18218,19.50034],[-98.18136,19.5008],[-98.18089,19.50093],[-98.1793,19.50169],[-98.17854,19.50223],[-98.17684,19.50286],[-98.17625,19.5029],[-98.17543,19.50349],[-98.17489,19.50448],[-98.17465,19.50539],[-98.17458,19.50605],[-98.17327,19.50825],[-98.17122,19.50917],[-98.17063,19.50975],[-98.17021,19.51046],[-98.16956,19.51096],[-98.16904,19.51067],[-98.1681,19.51093],[-98.16423,19.51867],[-98.16268,19.52237],[-98.16347,19.52267],[-98.16485,19.52341],[-98.16602,19.52373],[-98.17277,19.52527],[-98.17729,19.52613],[-98.17924,19.52637],[-98.17573,19.54965],[-98.17328,19.54863],[-98.17132,19.54883],[-98.1701,19.54926],[-98.16962,19.54925],[-98.16885,19.54967],[-98.16844,19.55033],[-98.16849,19.55108],[-98.16836,19.55165],[-98.16829,19.55343],[-98.16776,19.55303],[-98.16634,19.55332],[-98.16286,19.55428],[-98.16042,19.55419],[-98.15797,19.5547],[-98.15639,19.55522],[-98.1548,19.55686],[-98.15447,19.55865],[-98.15476,19.56061],[-98.15451,19.56234],[-98.1532,19.56067],[-98.15274,19.55883],[-98.15054,19.55333],[-98.15029,19.55276],[-98.14971,19.5524]]]}},{"type":"Feature","properties":{"seccion":636,"municipio":3,"distrito_local":4,"distrito_federal":1},"geometry":{"type":"Polygon","coordinates":[[[-98.13975,19.39483],[-98.13111,19.3974],[-98.13057,19.39562],[-98.13071,19.39557],[-98.13073,19.39563],[-98.13912,19.39307],[-98.13975,19.39483]]]}},{"type":"Feature","properties":{"seccion":57,"municipio":4,"distrito_local":3,"distrito_federal":1},"geometry":{"type":"Polygon","coordinates":[[[-98.14476,19.548],[-98.1379,19.5649],[-98.13516,19.56508],[-98.1337,19.56491],[-98.13278,19.56453],[-98.13182,19.56104],[-98.13362,19.55429],[-98.13442,19.55166],[-98.13258,19.5502],[-98.12972,19.55088],[-98.12815,19.54511],[-98.12578,19.54314],[-98.12485,19.5426],[-98.12404,19.54184],[-98.12364,19.54122],[-98.12359,19.54047],[-98.12314,19.53964],[-98.12203,19.53918],[-98.12082,19.5385],[-98.1181,19.53633],[-98.11579,19.53482],[-98.11475,19.53427],[-98.11307,19.53355],[-98.11248,19.53371],[-98.10431,19.53017],[-98.10674,19.52621],[-98.10449,19.52454],[-98.10526,19.52317],[-98.10162,19.5202],[-98.11395,19.51345],[-98.11456,19.51109],[-98.11455,19.51048],[-98.11467,19.50958],[-98.11368,19.50477],[-98.11372,19.50305],[-98.11666,19.50047],[-98.11973,19.4988],[-98.12043,19.49822],[-98.12131,19.49784],[-98.12225,19.49792],[-98.13298,19.5002],[-98.13814,19.50149],[-98.13553,19.50719],[-98.13429,19.50803],[-98.13399,19.50889],[-98.13393,19.50968],[-98.13079,19.51275],[-98.13388,19.51344],[-98.13474,19.5157],[-98.13859,19.52186],[-98.13728,19.52319],[-98.13681,19.5241],[-98.13639,19.52493],[-98.13632,19.52621],[-98.13619,19.52695],[-98.13589,19.52786],[-98.13529,19.52878],[-98.13458,19.52965],[-98.13469,19.5308],[-98.13462,19.53159],[-98.13396,19.5332],[-98.1337,19.53555],[-98.13415,19.53757],[-98.13414,19.53844],[-98.13442,19.53881],[-98.13495,19.53922],[-98.13569,19.54024],[-98.13574,19.54119],[-98.13632,19.54193],[-98.1369,19.54242],[-98.13754,19.5425],[-98.13835,19.54295],[-98.14138,19.54392],[-98.14249,19.54412],[-98.14372,19.54415],[-98.14465,19.5446],[-98.1457,19.54438],[-98.14617,19.54438],[-98.14722,19.54487],[-98.14878,19.54601],[-98.14924,19.54663],[-98.14941,19.54733],[-98.14649,19.54756],[-98.14549,19.54802],[-98.14476,19.548]]]}},{"type":"Feature","properties":{"seccion":58,"municipio":34,"distrito_local":2,"distrito_federal":1},"geometry":{"type":"Polygon","coordinates":[[[-98.15029,19.55276],[-98.15274,19.55883],[-98.1532,19.56067],[-98.15451,19.56234],[-98.15476,19.56061],[-98.15447,19.55865],[-98.1548,19.55686],[-98.15639,19.55522],[-98.15797,19.5547],[-98.16042,19.55419],[-98.16286,19.55428],[-98.16634,19.55332],[-98.16776,19.55303],[-98.16829,19.55343],[-98.16805,19.55384],[-98.16752,19.55414],[-98.16713,19.55482],[-98.16709,19.556],[-98.16685,19.55686],[-98.16644,19.55711],[-98.16614,19.55757],[-98.16532,19.55786],[-98.16432,19.55804],[-98.16344,19.55829],[-98.16267,19.55916],[-98.16255,19.55995],[-98.1616,19.56215],[-98.15778,19.58699],[-98.1506,19.58366],[-98.14699,19.58262],[-98.14807,19.58015],[-98.13307,19.57712],[-98.13538,19.5714],[-98.1355,19.5713],[-98.1379,19.5649],[-98.14476,19.548],[-98.14549,19.54802],[-98.14649,19.54756],[-98.14941,19.54733],[-98.14964,19.54815],[-98.14969,19.54914],[-98.14956,19.54997],[-98.14996,19.55034],[-98.14966,19.55129],[-98.14971,19.5524],[-98.15029,19.55276]]]}},{"type":"Feature","properties":{"seccion":59,"municipio":5,"distrito_local":11,"distrito_federal":1},"geometry":{"type":"Polygon","coordinates":[[[-97.81167,19.44677],[-97.80164,19.44419],[-97.80017,19.4443],[-97.80198,19.44927],[-97.80175,19.44932],[-97.80163,19.44926],[-97.80146,19.44894],[-97.80147,19.44937],[-97.80137,19.44938],[-97.80136,19.44954],[-97.80156,19.44982],[-97.80139,19.44991],[-97.79891,19.45032],[-97.79922,19.45077],[-97.79973,19.45294],[-97.79886,19.45349],[-97.79839,19.45445],[-97.79757,19.45272],[-97.79704,19.45219],[-97.79645,19.45077],[-97.79575,19.44949],[-97.79567,19.44917],[-97.79575,19.44866],[-97.79495,19.44689],[-97.7949,19.44652],[-97.79415,19.44667],[-97.79386,19.4465],[-97.79337,19.44586],[-97.79341,19.44549],[-97.79281,19.44464],[-97.7927,19.44363],[-97.79242,19.44263],[-97.79278,19.4419],[-97.79275,19.44143],[-97.79242,19.44041],[-97.793,19.4389],[-97.79252,19.43789],[-97.79274,19.43745],[-97.79331,19.43667],[-97.79337,19.4364],[-97.79291,19.4357],[-97.79301,19.43532],[-97.79322,19.43527],[-97.79339,19.43499],[-97.79346,19.43464],[-97.79305,19.43312],[-97.7934,19.43247],[-97.79343,19.4322],[-97.79323,19.43169],[-97.79348,19.4313],[-97.79347,19.43077],[-97.7994,19.43157],[-97.80041,19.43163],[-97.8019,19.43143],[-97.80271,19.43117],[-97.80593,19.43075],[-97.8065,19.43057],[-97.80864,19.42943],[-97.81071,19.42876],[-97.81124,19.43075],[-97.8113,19.43174],[-97.81119,19.43293],[-97.81126,19.43498],[-97.81087,19.43716],[-97.81087,19.43753],[-97.81117,19.43876],[-97.81193,19.4395],[-97.81183,19.43998],[-97.81165,19.44039],[-97.81217,19.4414],[-97.8095,19.44323],[-97.80967,19.44346],[-97.8115,19.44431],[-97.8122,19.44436],[-97.81208,19.44509],[-97.8118,19.44552],[-97.81178,19.44589],[-97.81158,19.44646],[-97.81167,19.44677]]]}},{"type":"Feature","properties":{"seccion":64,"municipio":5,"distrito_local":11,"distrito_federal":1},"geometry":{"type":"Polygon","coordinates":[[[-97.86832,19.45697],[-97.86756,19.45692],[-97.86733,19.45684],[-97.86698,19.45667],[-97.86663,19.45617],[-97.86617,19.45616],[-97.86511,19.45648],[-97.86377,19.45614],[-97.86226,19.45592],[-97.8619,19.45596],[-97.86173,19.45612],[-97.85984,19.45545],[-97.85848,19.4544],[-97.86157,19.44152],[-97.86055,19.44026],[-97.86031,19.43919],[-97.85967,19.43788],[-97.85845,19.43689],[-97.85629,19.43488],[-97.85542,19.43447],[-97.85501,19.43439],[-97.85449,19.43398],[-97.85425,19.4337],[-97.85396,19.43279],[-97.854,19.43037],[-97.8547,19.43045],[-97.85522,19.43041],[-97.85754,19.43127],[-97.85859,19.43201],[-97.85987,19.43217],[-97.86016,19.43204],[-97.86044,19.43163],[-97.87272,19.43034],[-97.87347,19.43018],[-97.87382,19.43018],[-97.87435,19.43059],[-97.87481,19.43071],[-97.87562,19.43075],[-97.87706,19.42964],[-97.87828,19.42902],[-97.87875,19.4307],[-97.87864,19.43165],[-97.87877,19.43399],[-97.87924,19.43538],[-97.87989,19.43678],[-97.88031,19.43912],[-97.8806,19.43953],[-97.88078,19.44084],[-97.88102,19.44166],[-97.88057,19.44359],[-97.88005,19.4447],[-97.87833,19.4468],[-97.87723,19.44775],[-97.87757,19.45523],[-97.87652,19.45514],[-97.87442,19.45512],[-97.87401,19.45524],[-97.87295,19.45577],[-97.87248,19.45589],[-97.8709,19.456],[-97.87055,19.45587],[-97.86991,19.45595],[-97.8695,19.45619],[-97.86885,19.45681],[-97.86832,19.45697]]]}},{"type":"Feature","properties":{"seccion":60,"municipio":5,"distrito_local":11,"distrito_federal":1},"geometry":{"type":"Polygon","coordinates":[[[-97.77578,19.45231],[-97.77739,19.45058],[-97.77753,19.45028],[-97.77813,19.45037],[-97.77856,19.45081],[-97.77865,19.4508],[-97.77859,19.45061],[-97.77888,19.44966],[-97.7791,19.44926],[-97.77988,19.44876],[-97.78102,19.44841],[-97.78157,19.44783],[-97.78232,19.44738],[-97.7828,19.4461],[-97.78292,19.44513],[-97.78332,19.4443],[-97.78343,19.44343],[-97.78359,19.44299],[-97.78491,19.44025],[-97.78507,19.43969],[-97.78521,19.43828],[-97.78527,19.43637],[-97.78551,19.43567],[-97.78549,19.43545],[-97.78599,19.43429],[-97.78359,19.43444],[-97.78326,19.43404],[-97.78304,19.43319],[-97.78289,19.43302],[-97.78256,19.43226],[-97.78219,19.43193],[-97.78175,19.43071],[-97.78185,19.43011],[-97.78139,19.42952],[-97.78139,19.42902],[-97.78113,19.42858],[-97.78078,19.42841],[-97.78039,19.42794],[-97.78005,19.4277],[-97.77976,19.42766],[-97.77953,19.42744],[-97.78345,19.42688],[-97.78319,19.42616],[-97.78543,19.42587],[-97.7854,19.4257],[-97.78434,19.424],[-97.784,19.42285],[-97.78415,19.42203],[-97.7865,19.42011],[-97.7875,19.41899],[-97.78811,19.41879],[-97.78837,19.41894],[-97.78866,19.41962],[-97.78889,19.41992],[-97.78936,19.42115],[-97.7897,19.42161],[-97.78995,19.42218],[-97.78974,19.42293],[-97.79022,19.42301],[-97.79048,19.42322],[-97.79033,19.42369],[-97.79047,19.4239],[-97.79092,19.42423],[-97.79163,19.4261],[-97.79226,19.42627],[-97.79237,19.42673],[-97.79227,19.42726],[-97.79257,19.4275],[-97.79263,19.42784],[-97.79249,19.42838],[-97.79261,19.42874],[-97.79291,19.42893],[-97.79303,19.42922],[-97.79249,19.43013],[-97.79297,19.4305],[-97.79338,19.43056],[-97.79347,19.43077],[-97.79348,19.4313],[-97.79323,19.43169],[-97.79343,19.4322],[-97.7934,19.43247],[-97.79305,19.43312],[-97.79346,19.43464],[-97.79339,19.43499],[-97.79322,19.43527],[-97.79301,19.43532],[-97.79291,19.4357],[-97.79337,19.4364],[-97.79331,19.43667],[-97.79274,19.43745],[-97.79252,19.43789],[-97.793,19.4389],[-97.79242,19.44041],[-97.79275,19.44143],[-97.79278,19.4419],[-97.79242,19.44263],[-97.7927,19.44363],[-97.79281,19.44464],[-97.79341,19.44549],[-97.79337,19.44586],[-97.79386,19.4465],[-97.79415,19.44667],[-97.7949,19.44652],[-97.79495,19.44689],[-97.79575,19.44866],[-97.79567,19.44917],[-97.79575,19.44949],[-97.79645,19.45077],[-97.79704,19.45219],[-97.79757,19.45272],[-97.79839,19.45445],[-97.7985,19.4553],[-97.79848,19.45598],[-97.79875,19.45712],[-97.79871,19.45791],[-97.79921,19.45956],[-97.79901,19.46042],[-97.79791,19.46214],[-97.79688,19.46416],[-97.79659,19.46448],[-97.79521,19.46535],[-97.79434,19.46605],[-97.79382,19.46634],[-97.79266,19.46671],[-97.79058,19.46786],[-97.78943,19.46815],[-97.78862,19.46848],[-97.787,19.46983],[-97.78475,19.47049],[-97.78255,19.4716],[-97.77254,19.45424],[-97.77306,19.45371],[-97.77347,19.4535],[-97.7741,19.45342],[-97.77439,19.4533],[-97.77578,19.45231]]]}},{"type":"Feature","properties":{"seccion":68,"municipio":5,"distrito_local":11,"distrito_federal":1},"geometry":{"type":"Polygon","coordinates":[[[-97.82416,19.41053],[-97.81919,19.41218],[-97.81652,19.41124],[-97.81536,19.41223],[-97.81358,19.41408],[-97.81191,19.41634],[-97.81116,19.4172],[-97.81076,19.41753],[-97.81018,19.41765],[-97.80867,19.41774],[-97.80804,19.41794],[-97.80676,19.41737],[-97.80647,19.41671],[-97.80618,19.41671],[-97.806,19.41663],[-97.80565,19.41626],[-97.80455,19.41577],[-97.80414,19.41507],[-97.80378,19.4149],[-97.80407,19.41465],[-97.80457,19.41441],[-97.80464,19.41403],[-97.80487,19.41383],[-97.80496,19.41358],[-97.80519,19.41341],[-97.80531,19.41304],[-97.80566,19.41254],[-97.80624,19.4119],[-97.806,19.41173],[-97.80615,19.40876],[-97.80583,19.40871],[-97.80883,19.40174],[-97.80778,19.40139],[-97.80781,19.40116],[-97.80807,19.40114],[-97.80812,19.40075],[-97.80807,19.39429],[-97.80811,19.39239],[-97.80823,19.39195],[-97.80824,19.3915],[-97.80806,19.39078],[-97.80819,19.3836],[-97.80792,19.38329],[-97.81075,19.38042],[-97.8098,19.37969],[-97.81048,19.37734],[-97.81162,19.37758],[-97.82246,19.38045],[-97.82147,19.38241],[-97.82417,19.38501],[-97.82948,19.38951],[-97.83048,19.39045],[-97.82986,19.39053],[-97.82977,19.39091],[-97.83057,19.39129],[-97.83136,19.3926],[-97.83143,19.39354],[-97.83135,19.39438],[-97.83111,19.39505],[-97.83092,19.39603],[-97.83138,19.39676],[-97.8319,19.39672],[-97.83324,19.39721],[-97.83486,19.39795],[-97.83527,19.39824],[-97.8362,19.39869],[-97.83689,19.39809],[-97.8385,19.39819],[-97.84036,19.39737],[-97.84136,19.39728],[-97.84217,19.39959],[-97.84252,19.40151],[-97.84288,19.40259],[-97.84323,19.40318],[-97.84391,19.40404],[-97.84556,19.40414],[-97.84464,19.40521],[-97.84406,19.40545],[-97.84308,19.40607],[-97.84013,19.40702],[-97.83851,19.40764],[-97.83817,19.4078],[-97.83782,19.40809],[-97.83637,19.40817],[-97.8358,19.40834],[-97.83528,19.40875],[-97.83476,19.40896],[-97.8332,19.40986],[-97.83083,19.41155],[-97.82973,19.41217],[-97.82899,19.41295],[-97.82858,19.41324],[-97.82795,19.41406],[-97.826,19.40844],[-97.82416,19.41053]]]}},{"type":"Feature","properties":{"seccion":6,"municipio":2,"distrito_local":5,"distrito_federal":2},"geometry":{"type":"Polygon","coordinates":[[[-98.19857,19.34015],[-98.19832,19.33986],[-98.19764,19.33947],[-98.19671,19.33912],[-98.19543,19.33882],[-98.19428,19.33872],[-98.19364,19.33897],[-98.19344,19.33862],[-98.19337,19.33832],[-98.1934,19.33775],[-98.19329,19.33714],[-98.19292,19.33677],[-98.19285,19.3365],[-98.19323,19.33586],[-98.19314,19.33567],[-98.1924,19.33554],[-98.19197,19.33512],[-98.1936,19.33468],[-98.19459,19.33473],[-98.19533,19.33371],[-98.1964,19.33446],[-98.19719,19.33413],[-98.19745,19.33464],[-98.19897,19.33651],[-98.1994,19.33726],[-98.19947,19.33761],[-98.19937,19.33828],[-98.19857,19.34015]]]}},{"type":"Feature","properties":{"seccion":61,"municipio":5,"distrito_local":11,"distrito_federal":1},"geometry":{"type":"Polygon","coordinates":[[[-97.79901,19.46042],[-97.79921,19.45956],[-97.79871,19.45791],[-97.79875,19.45712],[-97.79848,19.45598],[-97.7985,19.4553],[-97.79839,19.45445],[-97.79886,19.45349],[-97.79973,19.45294],[-97.79922,19.45077],[-97.79891,19.45032],[-97.80139,19.44991],[-97.80156,19.44982],[-97.80136,19.44954],[-97.80137,19.44938],[-97.80147,19.44937],[-97.80146,19.44894],[-97.80163,19.44926],[-97.80175,19.44932],[-97.80198,19.44927],[-97.80017,19.4443],[-97.80164,19.44419],[-97.81167,19.44677],[-97.81171,19.44701],[-97.81296,19.44674],[-97.81461,19.44602],[-97.81496,19.44657],[-97.81524,19.44787],[-97.81617,19.45025],[-97.8163,19.45124],[-97.81628,19.45239],[-97.81638,19.45306],[-97.81629,19.45338],[-97.81573,19.45395],[-97.81556,19.45444],[-97.8152,19.45454],[-97.81513,19.45469],[-97.81486,19.45488],[-97.8144,19.45493],[-97.81363,19.45519],[-97.81302,19.45559],[-97.81336,19.45578],[-97.81387,19.45626],[-97.81371,19.45631],[-97.81359,19.45647],[-97.81444,19.4573],[-97.81484,19.45783],[-97.81493,19.45816],[-97.81495,19.45902],[-97.81508,19.45939],[-97.81558,19.46009],[-97.81608,19.46055],[-97.81626,19.46179],[-97.81656,19.46276],[-97.81667,19.4628],[-97.81658,19.46323],[-97.81688,19.46454],[-97.81677,19.46463],[-97.81632,19.46439],[-97.81589,19.46446],[-97.81532,19.46504],[-97.81497,19.46557],[-97.81468,19.46586],[-97.81469,19.46602],[-97.8148,19.46623],[-97.81492,19.46627],[-97.81533,19.46623],[-97.81579,19.46606],[-97.81608,19.46615],[-97.81619,19.46623],[-97.81625,19.4666],[-97.81568,19.4673],[-97.81562,19.46758],[-97.81551,19.46771],[-97.81545,19.46808],[-97.81557,19.46878],[-97.81558,19.4698],[-97.81507,19.47165],[-97.81489,19.47202],[-97.81357,19.47321],[-97.81369,19.4735],[-97.81404,19.47383],[-97.81438,19.47399],[-97.81473,19.47444],[-97.81508,19.47448],[-97.81543,19.47436],[-97.81595,19.47452],[-97.81619,19.47473],[-97.8163,19.47498],[-97.81642,19.47502],[-97.81659,19.47526],[-97.8166,19.47621],[-97.81626,19.47699],[-97.81637,19.47727],[-97.81609,19.47806],[-97.81494,19.47966],[-97.81384,19.48044],[-97.81309,19.48056],[-97.81274,19.4811],[-97.81229,19.48258],[-97.81038,19.48405],[-97.79777,19.48386],[-97.79851,19.4722],[-97.79781,19.47199],[-97.79676,19.47191],[-97.79524,19.47132],[-97.79151,19.47044],[-97.79016,19.47072],[-97.78952,19.47064],[-97.78888,19.47034],[-97.787,19.46983],[-97.78862,19.46848],[-97.78943,19.46815],[-97.79058,19.46786],[-97.79266,19.46671],[-97.79382,19.46634],[-97.79486,19.46568],[-97.79521,19.46535],[-97.79659,19.46448],[-97.79688,19.46416],[-97.79791,19.46214],[-97.79901,19.46042]]]}},{"type":"Feature","properties":{"seccion":70,"municipio":5,"distrito_local":11,"distrito_federal":1},"geometry":{"type":"Polygon","coordinates":[[[-97.7875,19.41899],[-97.7865,19.42011],[-97.78415,19.42203],[-97.784,19.42285],[-97.78209,19.42065],[-97.78133,19.41927],[-97.78091,19.41832],[-97.78109,19.41397],[-97.78052,19.41199],[-97.78019,19.41042],[-97.77946,19.40869],[-97.77886,19.40753],[-97.77741,19.40563],[-97.77691,19.40477],[-97.77639,19.40231],[-97.77588,19.39976],[-97.7763,19.39786],[-97.77632,19.3969],[-97.77649,19.39608],[-97.77639,19.3954],[-97.77644,19.39501],[-97.77611,19.39424],[-97.77571,19.39382],[-97.77536,19.39302],[-97.77486,19.39034],[-97.77477,19.38837],[-97.77448,19.38783],[-97.77408,19.38613],[-97.77384,19.38082],[-97.77365,19.3784],[-97.7728,19.37689],[-97.77221,19.37527],[-97.77563,19.37633],[-97.77808,19.37727],[-97.78091,19.37843],[-97.78254,19.3793],[-97.78385,19.37981],[-97.78425,19.38015],[-97.78497,19.3803],[-97.78575,19.38074],[-97.78702,19.38123],[-97.78756,19.38104],[-97.78862,19.38156],[-97.7896,19.38138],[-97.79008,19.38145],[-97.79095,19.38196],[-97.79135,19.38235],[-97.79808,19.3775],[-97.7903,19.37464],[-97.78701,19.36618],[-97.79488,19.36445],[-97.79632,19.36387],[-97.7973,19.36362],[-97.80222,19.36259],[-97.8028,19.36251],[-97.80425,19.36284],[-97.80471,19.36271],[-97.80512,19.36255],[-97.80575,19.36209],[-97.80621,19.36152],[-97.8069,19.36094],[-97.80904,19.35954],[-97.8095,19.35913],[-97.81019,19.35868],[-97.81083,19.35831],[-97.81175,19.35798],[-97.81216,19.35765],[-97.81302,19.35744],[-97.81292,19.35933],[-97.81281,19.36003],[-97.81241,19.36126],[-97.81241,19.36184],[-97.81184,19.36377],[-97.81162,19.36554],[-97.81157,19.36706],[-97.81181,19.36796],[-97.81239,19.36903],[-97.81117,19.377],[-97.81101,19.37748],[-97.81048,19.37734],[-97.8098,19.37969],[-97.81075,19.38042],[-97.80792,19.38329],[-97.80819,19.3836],[-97.80806,19.39078],[-97.80824,19.3915],[-97.80823,19.39195],[-97.80811,19.39239],[-97.80807,19.39429],[-97.80812,19.40075],[-97.80807,19.40114],[-97.80781,19.40116],[-97.80778,19.40139],[-97.80883,19.40174],[-97.80583,19.40871],[-97.80615,19.40876],[-97.806,19.41173],[-97.80624,19.4119],[-97.80566,19.41254],[-97.80531,19.41304],[-97.80519,19.41341],[-97.80496,19.41358],[-97.80487,19.41383],[-97.80464,19.41403],[-97.80457,19.41441],[-97.80407,19.41465],[-97.80378,19.4149],[-97.80309,19.41458],[-97.80187,19.41356],[-97.79915,19.41197],[-97.7984,19.4127],[-97.7972,19.41479],[-97.79667,19.41659],[-97.79223,19.41609],[-97.79194,19.41855],[-97.79126,19.41898],[-97.79101,19.41912],[-97.79054,19.41915],[-97.79024,19.41933],[-97.78986,19.41934],[-97.78949,19.41933],[-97.78859,19.41906],[-97.78811,19.41879],[-97.7875,19.41899]]]}},{"type":"Feature","properties":{"seccion":62,"municipio":5,"distrito_local":11,"distrito_federal":1},"geometry":{"type":"Polygon","coordinates":[[[-97.81656,19.46276],[-97.81626,19.46179],[-97.81608,19.46055],[-97.8153,19.45975],[-97.81495,19.45902],[-97.81493,19.45816],[-97.81484,19.45783],[-97.81444,19.4573],[-97.81359,19.45647],[-97.81371,19.45631],[-97.81387,19.45626],[-97.81336,19.45578],[-97.81302,19.45559],[-97.81363,19.45519],[-97.8144,19.45493],[-97.81486,19.45488],[-97.81513,19.45469],[-97.8152,19.45454],[-97.81556,19.45444],[-97.81573,19.45395],[-97.81629,19.45338],[-97.81638,19.45306],[-97.81628,19.45239],[-97.8163,19.45124],[-97.81617,19.45025],[-97.81524,19.44787],[-97.81496,19.44657],[-97.81461,19.44602],[-97.81296,19.44674],[-97.81171,19.44701],[-97.81158,19.44646],[-97.81178,19.44589],[-97.8118,19.44552],[-97.81208,19.44509],[-97.8122,19.44436],[-97.8115,19.44431],[-97.80967,19.44346],[-97.8095,19.44323],[-97.81217,19.4414],[-97.81165,19.44039],[-97.81183,19.43998],[-97.81193,19.4395],[-97.81117,19.43876],[-97.81794,19.43764],[-97.81852,19.43736],[-97.81933,19.43674],[-97.82066,19.43596],[-97.82216,19.4355],[-97.82361,19.43493],[-97.82499,19.43398],[-97.83003,19.43244],[-97.82962,19.43626],[-97.82949,19.43939],[-97.82957,19.4405],[-97.82999,19.44328],[-97.831,19.44378],[-97.83152,19.44957],[-97.83138,19.45091],[-97.83234,19.45253],[-97.83409,19.45385],[-97.83496,19.45405],[-97.8356,19.45475],[-97.83613,19.45635],[-97.83631,19.45676],[-97.8366,19.45717],[-97.83765,19.45745],[-97.83788,19.45766],[-97.83846,19.45782],[-97.83933,19.45766],[-97.83927,19.45799],[-97.83976,19.46144],[-97.84041,19.46464],[-97.84071,19.46533],[-97.84164,19.46673],[-97.84171,19.46763],[-97.8409,19.46924],[-97.84004,19.47039],[-97.83969,19.47063],[-97.83836,19.47113],[-97.83761,19.47121],[-97.8364,19.47158],[-97.83524,19.47245],[-97.83327,19.47278],[-97.83066,19.47376],[-97.82932,19.47392],[-97.82845,19.47416],[-97.82716,19.47482],[-97.82541,19.47502],[-97.82471,19.47518],[-97.82331,19.47563],[-97.82285,19.47592],[-97.8222,19.47613],[-97.82162,19.47658],[-97.81917,19.47703],[-97.81824,19.4771],[-97.81672,19.47743],[-97.81637,19.47727],[-97.81626,19.47699],[-97.8166,19.47621],[-97.81659,19.47526],[-97.81654,19.47514],[-97.8163,19.47498],[-97.81619,19.47473],[-97.81595,19.47452],[-97.81543,19.47436],[-97.81508,19.47448],[-97.81473,19.47444],[-97.81438,19.47399],[-97.81404,19.47383],[-97.81369,19.4735],[-97.81357,19.47321],[-97.81489,19.47202],[-97.81552,19.47017],[-97.81558,19.46976],[-97.81557,19.46878],[-97.81545,19.46808],[-97.81551,19.46771],[-97.81562,19.46758],[-97.81568,19.4673],[-97.81614,19.4668],[-97.81625,19.46643],[-97.81619,19.46623],[-97.81579,19.46606],[-97.81533,19.46623],[-97.8148,19.46623],[-97.81468,19.46586],[-97.81497,19.46557],[-97.81532,19.46504],[-97.81589,19.46446],[-97.81632,19.46439],[-97.81677,19.46463],[-97.81688,19.46454],[-97.81658,19.46323],[-97.81667,19.4628],[-97.81656,19.46276]]]}},{"type":"Feature","properties":{"seccion":63,"municipio":5,"distrito_local":11,"distrito_federal":1},"geometry":{"type":"Polygon","coordinates":[[[-97.83846,19.45782],[-97.83788,19.45766],[-97.83765,19.45745],[-97.8366,19.45717],[-97.83631,19.45676],[-97.83613,19.45635],[-97.8356,19.45475],[-97.83496,19.45405],[-97.83409,19.45385],[-97.83234,19.45253],[-97.83138,19.45091],[-97.83152,19.44957],[-97.831,19.44378],[-97.82999,19.44328],[-97.82957,19.4405],[-97.82949,19.43939],[-97.82962,19.43626],[-97.83003,19.43244],[-97.83057,19.43142],[-97.83139,19.43163],[-97.83303,19.43179],[-97.83505,19.43251],[-97.83711,19.43303],[-97.83776,19.43242],[-97.83909,19.43184],[-97.83973,19.43107],[-97.84019,19.42994],[-97.8413,19.42928],[-97.84151,19.42932],[-97.84094,19.43061],[-97.84102,19.43152],[-97.84272,19.43614],[-97.84281,19.43717],[-97.84294,19.43764],[-97.84297,19.43845],[-97.83745,19.44185],[-97.83753,19.44267],[-97.83774,19.44337],[-97.83774,19.44386],[-97.83752,19.44522],[-97.83769,19.44571],[-97.8381,19.44612],[-97.83828,19.44608],[-97.83973,19.44719],[-97.84049,19.44866],[-97.84079,19.44977],[-97.8408,19.45121],[-97.84046,19.45252],[-97.84,19.45371],[-97.83961,19.45548],[-97.83955,19.45655],[-97.83933,19.45766],[-97.83846,19.45782]]]}},{"type":"Feature","properties":{"seccion":65,"municipio":5,"distrito_local":11,"distrito_federal":1},"geometry":{"type":"Polygon","coordinates":[[[-97.81358,19.41408],[-97.81536,19.41223],[-97.81652,19.41124],[-97.81919,19.41218],[-97.82416,19.41053],[-97.826,19.40844],[-97.82795,19.41406],[-97.82858,19.41324],[-97.82899,19.41295],[-97.82973,19.41217],[-97.83083,19.41155],[-97.8332,19.40986],[-97.83476,19.40896],[-97.83528,19.40875],[-97.8358,19.40834],[-97.83637,19.40817],[-97.83782,19.40809],[-97.83817,19.4078],[-97.83851,19.40764],[-97.84013,19.40702],[-97.84308,19.40607],[-97.84406,19.40545],[-97.84464,19.40521],[-97.84556,19.40414],[-97.85214,19.4059],[-97.85201,19.40722],[-97.852,19.40909],[-97.8518,19.41074],[-97.85171,19.41231],[-97.85143,19.41337],[-97.85161,19.41473],[-97.85043,19.41882],[-97.85057,19.42007],[-97.85045,19.42066],[-97.84952,19.42211],[-97.85011,19.4249],[-97.84964,19.42611],[-97.85014,19.42695],[-97.85148,19.42788],[-97.85263,19.42931],[-97.854,19.43037],[-97.85396,19.43279],[-97.85425,19.4337],[-97.85449,19.43398],[-97.85501,19.43439],[-97.85542,19.43447],[-97.85629,19.43488],[-97.85845,19.43689],[-97.85967,19.43788],[-97.86031,19.43919],[-97.86055,19.44026],[-97.86157,19.44152],[-97.85848,19.4544],[-97.85984,19.45545],[-97.86173,19.45612],[-97.86142,19.45749],[-97.86106,19.45823],[-97.86099,19.45893],[-97.86075,19.45947],[-97.86051,19.45988],[-97.85951,19.46041],[-97.85795,19.46408],[-97.85735,19.46491],[-97.857,19.46486],[-97.85612,19.46514],[-97.85553,19.46555],[-97.85458,19.46646],[-97.85411,19.46732],[-97.85334,19.46769],[-97.8527,19.46772],[-97.85188,19.46792],[-97.85129,19.46837],[-97.85092,19.46941],[-97.8508,19.47003],[-97.85056,19.47052],[-97.85026,19.47085],[-97.84991,19.47097],[-97.84845,19.47108],[-97.84833,19.47129],[-97.8482,19.47187],[-97.84832,19.47208],[-97.84832,19.47228],[-97.8479,19.47294],[-97.84761,19.47306],[-97.84724,19.47186],[-97.84717,19.47132],[-97.84682,19.47058],[-97.84571,19.46931],[-97.84583,19.46911],[-97.84502,19.46861],[-97.84426,19.46779],[-97.84391,19.4673],[-97.84361,19.46607],[-97.84296,19.46451],[-97.84232,19.46406],[-97.84203,19.46398],[-97.84116,19.46398],[-97.84041,19.46464],[-97.83976,19.46144],[-97.83927,19.45799],[-97.83955,19.45655],[-97.83961,19.45548],[-97.84,19.45371],[-97.84046,19.45252],[-97.8408,19.45121],[-97.84079,19.44977],[-97.84049,19.44866],[-97.83973,19.44719],[-97.83828,19.44608],[-97.8381,19.44612],[-97.83769,19.44571],[-97.83752,19.44522],[-97.83774,19.44386],[-97.83774,19.44337],[-97.83753,19.44267],[-97.83745,19.44185],[-97.84297,19.43845],[-97.84294,19.43764],[-97.84281,19.43717],[-97.84272,19.43614],[-97.84102,19.43152],[-97.84094,19.43061],[-97.84151,19.42932],[-97.8413,19.42928],[-97.84019,19.42994],[-97.83973,19.43107],[-97.83909,19.43184],[-97.83776,19.43242],[-97.83711,19.43303],[-97.83505,19.43251],[-97.83303,19.43179],[-97.83139,19.43163],[-97.83057,19.43142],[-97.83003,19.43244],[-97.82499,19.43398],[-97.82361,19.43493],[-97.82216,19.4355],[-97.82066,19.43596],[-97.81933,19.43674],[-97.81852,19.43736],[-97.81794,19.43764],[-97.81117,19.43876],[-97.81087,19.43753],[-97.81087,19.43716],[-97.81126,19.43498],[-97.81119,19.43293],[-97.8113,19.43174],[-97.81124,19.43075],[-97.81047,19.42796],[-97.81012,19.42718],[-97.80935,19.4241],[-97.80921,19.42],[-97.80903,19.41901],[-97.80874,19.41856],[-97.8085,19.41848],[-97.80804,19.41794],[-97.80867,19.41774],[-97.81018,19.41765],[-97.81076,19.41753],[-97.81116,19.4172],[-97.81191,19.41634],[-97.81358,19.41408]]]}},{"type":"Feature","properties":{"seccion":71,"municipio":5,"distrito_local":11,"distrito_federal":1},"geometry":{"type":"Polygon","coordinates":[[[-97.76047,19.40748],[-97.76012,19.40662],[-97.75918,19.40555],[-97.75668,19.40333],[-97.75424,19.40173],[-97.75105,19.40034],[-97.74948,19.39927],[-97.75148,19.39602],[-97.75388,19.3927],[-97.75435,19.39186],[-97.75413,19.39102],[-97.75332,19.38912],[-97.75287,19.38835],[-97.75238,19.38781],[-97.75178,19.38753],[-97.75017,19.38742],[-97.74947,19.38643],[-97.74945,19.38559],[-97.75016,19.3853],[-97.75087,19.3848],[-97.75134,19.38429],[-97.75166,19.38413],[-97.7525,19.38309],[-97.75347,19.38216],[-97.75393,19.38195],[-97.75479,19.3821],[-97.75548,19.38254],[-97.75683,19.3829],[-97.75737,19.38317],[-97.75775,19.38322],[-97.75891,19.38195],[-97.75958,19.38153],[-97.76003,19.3814],[-97.76064,19.38089],[-97.76112,19.38089],[-97.76162,19.38134],[-97.76208,19.38229],[-97.76364,19.38369],[-97.76408,19.38397],[-97.76558,19.38367],[-97.77024,19.38361],[-97.77288,19.38502],[-97.77408,19.38613],[-97.77448,19.38783],[-97.77477,19.38837],[-97.77486,19.39034],[-97.77536,19.39302],[-97.77571,19.39382],[-97.77611,19.39424],[-97.77644,19.39501],[-97.77639,19.3954],[-97.77649,19.39608],[-97.77632,19.3969],[-97.7763,19.39786],[-97.77588,19.39976],[-97.77525,19.39964],[-97.7743,19.3996],[-97.77332,19.40063],[-97.7727,19.40175],[-97.77151,19.4045],[-97.7705,19.40197],[-97.76964,19.40012],[-97.76047,19.40748]]]}},{"type":"Feature","properties":{"seccion":66,"municipio":5,"distrito_local":11,"distrito_federal":1},"geometry":{"type":"Polygon","coordinates":[[[-97.77739,19.45058],[-97.77578,19.45231],[-97.77439,19.4533],[-97.7741,19.45342],[-97.77347,19.4535],[-97.77306,19.45371],[-97.77254,19.45424],[-97.75655,19.45422],[-97.75695,19.45372],[-97.75689,19.45245],[-97.75665,19.45171],[-97.7563,19.4513],[-97.75525,19.4504],[-97.75397,19.44995],[-97.75351,19.44991],[-97.75293,19.45011],[-97.75091,19.45139],[-97.74964,19.45143],[-97.74929,19.45135],[-97.74877,19.45098],[-97.74824,19.45073],[-97.74813,19.45061],[-97.74801,19.45024],[-97.74742,19.44958],[-97.74733,19.44795],[-97.74655,19.44513],[-97.74627,19.44421],[-97.74541,19.44276],[-97.74567,19.44081],[-97.74657,19.43874],[-97.74785,19.43549],[-97.74838,19.43464],[-97.74887,19.43289],[-97.7267,19.42825],[-97.72611,19.42858],[-97.7251,19.42982],[-97.72486,19.43023],[-97.72463,19.4304],[-97.72446,19.42943],[-97.72433,19.42598],[-97.72371,19.42429],[-97.72274,19.42304],[-97.72199,19.42225],[-97.72136,19.42121],[-97.72166,19.42047],[-97.72204,19.41839],[-97.72204,19.4181],[-97.7217,19.41715],[-97.72124,19.41644],[-97.7159,19.40945],[-97.71406,19.40662],[-97.71262,19.40524],[-97.70994,19.40461],[-97.7086,19.4039],[-97.70825,19.40382],[-97.70743,19.40312],[-97.70981,19.40246],[-97.71009,19.40222],[-97.71009,19.40193],[-97.7098,19.40111],[-97.7098,19.40082],[-97.70997,19.40037],[-97.70991,19.40008],[-97.71124,19.39967],[-97.71199,19.39959],[-97.71309,19.39914],[-97.71517,19.39852],[-97.71575,19.3984],[-97.71714,19.39844],[-97.71824,19.3986],[-97.71865,19.39876],[-97.71935,19.39889],[-97.72045,19.39885],[-97.72062,19.39893],[-97.72109,19.39888],[-97.72421,19.39814],[-97.72589,19.39785],[-97.72763,19.39773],[-97.7307,19.39802],[-97.73151,19.39802],[-97.73209,19.39748],[-97.73272,19.39723],[-97.73324,19.39719],[-97.73382,19.39682],[-97.73434,19.39674],[-97.73561,19.39633],[-97.73706,19.39616],[-97.73764,19.39579],[-97.73769,19.39538],[-97.73838,19.39423],[-97.73867,19.39349],[-97.73896,19.39316],[-97.74005,19.3923],[-97.74132,19.3916],[-97.7415,19.3916],[-97.74144,19.39185],[-97.74104,19.39242],[-97.74122,19.39316],[-97.74186,19.3937],[-97.74256,19.39464],[-97.7436,19.39554],[-97.7439,19.39604],[-97.7443,19.39608],[-97.74651,19.39747],[-97.74721,19.39772],[-97.74738,19.398],[-97.74837,19.39866],[-97.74895,19.3989],[-97.75105,19.40034],[-97.75424,19.40173],[-97.75499,19.40227],[-97.75552,19.40251],[-97.75738,19.40391],[-97.75918,19.40555],[-97.76012,19.40662],[-97.76047,19.40748],[-97.76964,19.40012],[-97.7705,19.40197],[-97.77151,19.4045],[-97.7727,19.40175],[-97.77332,19.40063],[-97.7743,19.3996],[-97.77525,19.39964],[-97.77588,19.39976],[-97.77691,19.40477],[-97.77741,19.40563],[-97.77886,19.40753],[-97.77946,19.40869],[-97.78019,19.41042],[-97.78052,19.41199],[-97.78109,19.41397],[-97.78091,19.41832],[-97.78133,19.41927],[-97.78209,19.42065],[-97.784,19.42285],[-97.78434,19.424],[-97.7854,19.4257],[-97.78543,19.42587],[-97.78319,19.42616],[-97.78345,19.42688],[-97.77953,19.42744],[-97.77976,19.42766],[-97.78005,19.4277],[-97.78039,19.42794],[-97.78078,19.42841],[-97.78113,19.42858],[-97.78139,19.42902],[-97.78139,19.42952],[-97.78185,19.43011],[-97.78175,19.43071],[-97.78219,19.43193],[-97.78256,19.43226],[-97.78289,19.43302],[-97.78304,19.43319],[-97.78326,19.43404],[-97.78359,19.43444],[-97.78599,19.43429],[-97.78549,19.43545],[-97.78551,19.43567],[-97.78527,19.43637],[-97.78521,19.43828],[-97.78507,19.43969],[-97.78491,19.44025],[-97.78359,19.44299],[-97.78343,19.44343],[-97.78332,19.4443],[-97.78292,19.44513],[-97.7828,19.4461],[-97.78232,19.44738],[-97.78157,19.44783],[-97.78102,19.44841],[-97.77988,19.44876],[-97.7791,19.44926],[-97.77888,19.44966],[-97.77859,19.45061],[-97.77865,19.4508],[-97.77856,19.45081],[-97.77813,19.45037],[-97.77753,19.45028],[-97.77739,19.45058]]]}},{"type":"Feature","properties":{"seccion":67,"municipio":5,"distrito_local":11,"distrito_federal":1},"geometry":{"type":"Polygon","coordinates":[[[-97.85987,19.43217],[-97.85859,19.43201],[-97.85754,19.43127],[-97.85522,19.43041],[-97.8547,19.43045],[-97.854,19.43037],[-97.85263,19.42931],[-97.85148,19.42788],[-97.85014,19.42695],[-97.84964,19.42611],[-97.85011,19.4249],[-97.84952,19.42211],[-97.85045,19.42066],[-97.85057,19.42007],[-97.85043,19.41882],[-97.85161,19.41473],[-97.85143,19.41337],[-97.85171,19.41231],[-97.8518,19.41074],[-97.852,19.40909],[-97.85201,19.40722],[-97.85214,19.4059],[-97.87369,19.40402],[-97.8758,19.40356],[-97.87563,19.40389],[-97.87558,19.40512],[-97.87519,19.40705],[-97.87444,19.40894],[-97.87538,19.41005],[-97.87638,19.41239],[-97.87662,19.41411],[-97.87651,19.41547],[-97.87664,19.41715],[-97.87699,19.4181],[-97.87694,19.41908],[-97.87706,19.41962],[-97.87666,19.42073],[-97.87702,19.42253],[-97.87761,19.4236],[-97.87772,19.42422],[-97.87791,19.4259],[-97.87786,19.42693],[-97.87803,19.42738],[-97.87828,19.42902],[-97.87706,19.42964],[-97.87562,19.43075],[-97.87481,19.43071],[-97.87435,19.43059],[-97.87382,19.43018],[-97.87347,19.43018],[-97.87272,19.43034],[-97.86044,19.43163],[-97.86016,19.43204],[-97.85987,19.43217]]]}},{"type":"Feature","properties":{"seccion":69,"municipio":5,"distrito_local":11,"distrito_federal":1},"geometry":{"type":"Polygon","coordinates":[[[-97.84556,19.40414],[-97.84391,19.40404],[-97.84323,19.40318],[-97.84288,19.40259],[-97.84252,19.40151],[-97.84217,19.39959],[-97.84136,19.39728],[-97.84036,19.39737],[-97.8385,19.39819],[-97.83689,19.39809],[-97.8362,19.39869],[-97.83527,19.39824],[-97.83486,19.39795],[-97.83324,19.39721],[-97.8319,19.39672],[-97.83138,19.39676],[-97.83092,19.39603],[-97.83111,19.39505],[-97.83135,19.39438],[-97.83143,19.39354],[-97.83136,19.3926],[-97.83057,19.39129],[-97.82977,19.39091],[-97.82986,19.39053],[-97.83048,19.39045],[-97.82726,19.38762],[-97.83176,19.38227],[-97.83286,19.38243],[-97.83344,19.38243],[-97.8346,19.3828],[-97.83501,19.38267],[-97.83616,19.38197],[-97.83715,19.38201],[-97.8375,19.3823],[-97.83791,19.38279],[-97.83831,19.38345],[-97.83936,19.38427],[-97.83994,19.38452],[-97.84058,19.38505],[-97.84705,19.38221],[-97.84706,19.3829],[-97.84718,19.38331],[-97.84753,19.38393],[-97.8484,19.38463],[-97.84852,19.38496],[-97.84841,19.38533],[-97.84847,19.38565],[-97.84852,19.3859],[-97.84876,19.38623],[-97.84888,19.38676],[-97.84911,19.38701],[-97.8494,19.38754],[-97.84952,19.38758],[-97.85004,19.38824],[-97.85068,19.38877],[-97.85092,19.38885],[-97.85138,19.38922],[-97.85173,19.38935],[-97.85197,19.38959],[-97.85226,19.39045],[-97.85226,19.3907],[-97.85238,19.39091],[-97.85227,19.39136],[-97.8518,19.39202],[-97.85308,19.39292],[-97.85332,19.39292],[-97.85459,19.39337],[-97.85535,19.39353],[-97.85604,19.39336],[-97.85627,19.39324],[-97.85668,19.39283],[-97.85719,19.39213],[-97.85748,19.39156],[-97.85794,19.3911],[-97.85863,19.38975],[-97.8592,19.38917],[-97.85966,19.38818],[-97.8611,19.38654],[-97.86403,19.38272],[-97.86478,19.38198],[-97.86587,19.38058],[-97.86656,19.38004],[-97.86691,19.37947],[-97.86702,19.37897],[-97.86742,19.37844],[-97.86771,19.3784],[-97.86847,19.37881],[-97.86864,19.37881],[-97.8694,19.37946],[-97.86957,19.37975],[-97.86964,19.38012],[-97.86987,19.38069],[-97.87068,19.38119],[-97.87068,19.38135],[-97.87104,19.38201],[-97.87121,19.38188],[-97.87144,19.38221],[-97.87366,19.38418],[-97.87418,19.385],[-97.875,19.38599],[-97.87523,19.38619],[-97.87581,19.38631],[-97.87634,19.38685],[-97.87634,19.38697],[-97.87663,19.38738],[-97.87669,19.38771],[-97.87664,19.3891],[-97.87642,19.39001],[-97.87596,19.39054],[-97.87567,19.39112],[-97.87561,19.39177],[-97.87476,19.39379],[-97.87453,19.39453],[-97.87459,19.39502],[-97.87448,19.39564],[-97.87466,19.39674],[-97.87484,19.3972],[-97.87479,19.39822],[-97.87502,19.39892],[-97.87503,19.39966],[-97.87514,19.39982],[-97.87509,19.40007],[-97.87532,19.40052],[-97.87538,19.40093],[-97.87562,19.40151],[-97.87556,19.40175],[-97.87586,19.40282],[-97.8758,19.40356],[-97.87369,19.40402],[-97.85214,19.4059],[-97.84556,19.40414]]]}},{"type":"Feature","properties":{"seccion":75,"municipio":5,"distrito_local":11,"distrito_federal":1},"geometry":{"type":"Polygon","coordinates":[[[-97.77393,19.36878],[-97.76651,19.36739],[-97.76558,19.36694],[-97.74744,19.36474],[-97.74569,19.36244],[-97.74481,19.36142],[-97.7444,19.36063],[-97.7444,19.36006],[-97.74399,19.35949],[-97.74626,19.36043],[-97.74666,19.36051],[-97.74886,19.36018],[-97.74996,19.36014],[-97.75043,19.35997],[-97.75158,19.35907],[-97.75447,19.35792],[-97.75551,19.35726],[-97.75632,19.35693],[-97.75724,19.35668],[-97.76095,19.35606],[-97.76292,19.35635],[-97.76373,19.35672],[-97.76466,19.35696],[-97.76564,19.35746],[-97.76646,19.35754],[-97.76727,19.35745],[-97.76813,19.35712],[-97.7686,19.35692],[-97.76929,19.35638],[-97.77005,19.3586],[-97.77836,19.36241],[-97.77393,19.36878]]]}},{"type":"Feature","properties":{"seccion":102,"municipio":7,"distrito_local":11,"distrito_federal":1},"geometry":{"type":"Polygon","coordinates":[[[-97.65726,19.32167],[-97.65858,19.32043],[-97.65951,19.32012],[-97.66001,19.31985],[-97.66048,19.31984],[-97.66128,19.31933],[-97.6619,19.31936],[-97.66251,19.32017],[-97.66274,19.32028],[-97.66298,19.32029],[-97.66328,19.32009],[-97.66303,19.32062],[-97.66278,19.3208],[-97.66283,19.32122],[-97.66209,19.32184],[-97.66196,19.32203],[-97.66159,19.32213],[-97.66144,19.32227],[-97.66124,19.32262],[-97.662,19.32321],[-97.66207,19.3236],[-97.66257,19.32427],[-97.6631,19.32473],[-97.66378,19.32508],[-97.66334,19.32527],[-97.6636,19.32542],[-97.66307,19.32552],[-97.66268,19.32574],[-97.66192,19.32592],[-97.66149,19.32619],[-97.66128,19.32642],[-97.66109,19.32619],[-97.66055,19.3264],[-97.66061,19.32667],[-97.65958,19.32615],[-97.6591,19.32667],[-97.6586,19.32705],[-97.6593,19.32766],[-97.65921,19.32788],[-97.65955,19.32803],[-97.65898,19.32826],[-97.6582,19.3292],[-97.65559,19.32789],[-97.65812,19.32209],[-97.65726,19.32167]]]}},{"type":"Feature","properties":{"seccion":72,"municipio":5,"distrito_local":11,"distrito_federal":1},"geometry":{"type":"Polygon","coordinates":[[[-97.70991,19.40008],[-97.70985,19.39926],[-97.71048,19.39873],[-97.71129,19.39836],[-97.71193,19.39791],[-97.71245,19.39778],[-97.71303,19.39778],[-97.71337,19.39754],[-97.71343,19.39737],[-97.7136,19.39725],[-97.71424,19.39708],[-97.71482,19.39659],[-97.71626,19.39577],[-97.71701,19.39564],[-97.71759,19.39581],[-97.71812,19.39609],[-97.71869,19.39601],[-97.71927,19.39572],[-97.72026,19.3954],[-97.72257,19.39433],[-97.72367,19.394],[-97.72477,19.394],[-97.72628,19.39432],[-97.7268,19.39453],[-97.72807,19.39457],[-97.72883,19.39469],[-97.7294,19.39457],[-97.72969,19.3944],[-97.72998,19.39399],[-97.72998,19.39383],[-97.73015,19.39346],[-97.73107,19.39227],[-97.73118,19.38931],[-97.7325,19.38288],[-97.73681,19.38302],[-97.73882,19.38276],[-97.74502,19.38276],[-97.74614,19.38295],[-97.74655,19.38326],[-97.74672,19.38322],[-97.74696,19.38301],[-97.74713,19.38277],[-97.74718,19.38244],[-97.748,19.3831],[-97.7491,19.38371],[-97.74907,19.38501],[-97.74947,19.38643],[-97.75017,19.38742],[-97.75178,19.38753],[-97.75238,19.38781],[-97.75287,19.38835],[-97.75332,19.38912],[-97.75413,19.39102],[-97.75435,19.39186],[-97.75388,19.3927],[-97.75148,19.39602],[-97.74948,19.39927],[-97.74738,19.398],[-97.74721,19.39772],[-97.74651,19.39747],[-97.7443,19.39608],[-97.7439,19.39604],[-97.7436,19.39554],[-97.74256,19.39464],[-97.74186,19.3937],[-97.74122,19.39316],[-97.74104,19.39242],[-97.74144,19.39185],[-97.7415,19.3916],[-97.74132,19.3916],[-97.74005,19.3923],[-97.73896,19.39316],[-97.73867,19.39349],[-97.73838,19.39423],[-97.73769,19.39538],[-97.73764,19.39579],[-97.73706,19.39616],[-97.73561,19.39633],[-97.73434,19.39674],[-97.73382,19.39682],[-97.73324,19.39719],[-97.73243,19.39732],[-97.73209,19.39748],[-97.73151,19.39802],[-97.7307,19.39802],[-97.72763,19.39773],[-97.72589,19.39785],[-97.72421,19.39814],[-97.72109,19.39888],[-97.72062,19.39893],[-97.72045,19.39885],[-97.71935,19.39889],[-97.71865,19.39876],[-97.71824,19.3986],[-97.71714,19.39844],[-97.71575,19.3984],[-97.71436,19.39872],[-97.71199,19.39959],[-97.71124,19.39967],[-97.70991,19.40008]]]}},{"type":"Feature","properties":{"seccion":73,"municipio":5,"distrito_local":11,"distrito_federal":1},"geometry":{"type":"Polygon","coordinates":[[[-97.83131,19.37959],[-97.83126,19.38205],[-97.83176,19.38227],[-97.82726,19.38762],[-97.82417,19.38501],[-97.82147,19.38241],[-97.82246,19.38045],[-97.81162,19.37758],[-97.81101,19.37748],[-97.81117,19.377],[-97.81239,19.36903],[-97.8304,19.36728],[-97.83081,19.36802],[-97.83105,19.36888],[-97.83416,19.37341],[-97.83131,19.37959]]]}},{"type":"Feature","properties":{"seccion":74,"municipio":5,"distrito_local":11,"distrito_federal":1},"geometry":{"type":"Polygon","coordinates":[[[-97.74947,19.38643],[-97.74907,19.38501],[-97.7491,19.38371],[-97.748,19.3831],[-97.74718,19.38244],[-97.74713,19.38277],[-97.74696,19.38301],[-97.74672,19.38322],[-97.74655,19.38326],[-97.74614,19.38295],[-97.74502,19.38276],[-97.73882,19.38276],[-97.73739,19.38216],[-97.73605,19.38105],[-97.7346,19.38023],[-97.73222,19.37908],[-97.73019,19.37831],[-97.73605,19.36853],[-97.73812,19.35543],[-97.73853,19.35583],[-97.73894,19.35641],[-97.73975,19.35719],[-97.74074,19.35776],[-97.74173,19.35854],[-97.74399,19.35949],[-97.7444,19.36006],[-97.7444,19.36063],[-97.74481,19.36142],[-97.74569,19.36244],[-97.74744,19.36474],[-97.76558,19.36694],[-97.76651,19.36739],[-97.77393,19.36878],[-97.77939,19.37066],[-97.78112,19.36931],[-97.78146,19.36894],[-97.78492,19.36643],[-97.78562,19.36622],[-97.78701,19.36618],[-97.7903,19.37464],[-97.79808,19.3775],[-97.79135,19.38235],[-97.79095,19.38196],[-97.79008,19.38145],[-97.7896,19.38138],[-97.78862,19.38156],[-97.78756,19.38104],[-97.78702,19.38123],[-97.78575,19.38074],[-97.78497,19.3803],[-97.78425,19.38015],[-97.78385,19.37981],[-97.78254,19.3793],[-97.78091,19.37843],[-97.77808,19.37727],[-97.77563,19.37633],[-97.77221,19.37527],[-97.7728,19.37689],[-97.77365,19.3784],[-97.77384,19.38082],[-97.77408,19.38613],[-97.77288,19.38502],[-97.77024,19.38361],[-97.76558,19.38367],[-97.76408,19.38397],[-97.76364,19.38369],[-97.76208,19.38229],[-97.76162,19.38134],[-97.76112,19.38089],[-97.76064,19.38089],[-97.76003,19.3814],[-97.75958,19.38153],[-97.75891,19.38195],[-97.75775,19.38322],[-97.75737,19.38317],[-97.75683,19.3829],[-97.75548,19.38254],[-97.75479,19.3821],[-97.75393,19.38195],[-97.75347,19.38216],[-97.7525,19.38309],[-97.75166,19.38413],[-97.75134,19.38429],[-97.75087,19.3848],[-97.75016,19.3853],[-97.74945,19.38559],[-97.74947,19.38643]]]}},{"type":"Feature","properties":{"seccion":108,"municipio":8,"distrito_local":11,"distrito_federal":1},"geometry":{"type":"Polygon","coordinates":[[[-97.76897,19.29629],[-97.76783,19.29886],[-97.76682,19.30145],[-97.76698,19.30161],[-97.76704,19.30203],[-97.76439,19.30614],[-97.76259,19.30915],[-97.76125,19.31117],[-97.75651,19.30552],[-97.75316,19.30683],[-97.75135,19.30435],[-97.75149,19.30428],[-97.74918,19.30299],[-97.75156,19.30129],[-97.75444,19.2987],[-97.75682,19.29952],[-97.76092,19.29293],[-97.76369,19.29458],[-97.763,19.29552],[-97.76417,19.29614],[-97.76801,19.29686],[-97.76897,19.29629]]]}},{"type":"Feature","properties":{"seccion":76,"municipio":5,"distrito_local":11,"distrito_federal":1},"geometry":{"type":"Polygon","coordinates":[[[-97.74666,19.36051],[-97.74626,19.36043],[-97.74173,19.35854],[-97.74074,19.35776],[-97.73975,19.35719],[-97.73929,19.35678],[-97.73812,19.35543],[-97.73846,19.353],[-97.73834,19.35267],[-97.73822,19.35259],[-97.73787,19.35148],[-97.73982,19.3477],[-97.74011,19.34733],[-97.74028,19.34721],[-97.74057,19.34729],[-97.74109,19.34725],[-97.74201,19.34672],[-97.7457,19.34215],[-97.74639,19.34158],[-97.74673,19.34117],[-97.74935,19.33328],[-97.75017,19.33402],[-97.75145,19.33484],[-97.75185,19.33492],[-97.75307,19.33504],[-97.75747,19.33471],[-97.75374,19.341],[-97.75345,19.34116],[-97.75328,19.34153],[-97.75479,19.34227],[-97.75537,19.34239],[-97.75618,19.3428],[-97.75636,19.34342],[-97.75631,19.34436],[-97.75619,19.34465],[-97.7562,19.34514],[-97.75608,19.34551],[-97.75556,19.3458],[-97.75556,19.34638],[-97.75598,19.34798],[-97.75592,19.34868],[-97.755,19.35003],[-97.75478,19.35073],[-97.75363,19.35291],[-97.75306,19.35471],[-97.75301,19.35603],[-97.7529,19.35636],[-97.75232,19.35665],[-97.75209,19.35689],[-97.75186,19.35734],[-97.7514,19.35849],[-97.75158,19.35907],[-97.75043,19.35997],[-97.74996,19.36014],[-97.74886,19.36018],[-97.74666,19.36051]]]}},{"type":"Feature","properties":{"seccion":77,"municipio":5,"distrito_local":11,"distrito_federal":1},"geometry":{"type":"Polygon","coordinates":[[[-97.81071,19.42876],[-97.80864,19.42943],[-97.8065,19.43057],[-97.80593,19.43075],[-97.80271,19.43117],[-97.8019,19.43143],[-97.80041,19.43163],[-97.7994,19.43157],[-97.79347,19.43077],[-97.79338,19.43056],[-97.79297,19.4305],[-97.79249,19.43013],[-97.79303,19.42922],[-97.79291,19.42893],[-97.79261,19.42874],[-97.79249,19.42838],[-97.79263,19.42784],[-97.79257,19.4275],[-97.79227,19.42726],[-97.79237,19.42673],[-97.79226,19.42627],[-97.79163,19.4261],[-97.79092,19.42423],[-97.79047,19.4239],[-97.79033,19.42369],[-97.79048,19.42322],[-97.79022,19.42301],[-97.78974,19.42293],[-97.78995,19.42218],[-97.7897,19.42161],[-97.78936,19.42115],[-97.78889,19.41992],[-97.78866,19.41962],[-97.78837,19.41894],[-97.78949,19.41933],[-97.79024,19.41933],[-97.79054,19.41915],[-97.79101,19.41912],[-97.79194,19.41855],[-97.79223,19.41609],[-97.79667,19.41659],[-97.7972,19.41479],[-97.7984,19.4127],[-97.79915,19.41197],[-97.80187,19.41356],[-97.80309,19.41458],[-97.80414,19.41507],[-97.80455,19.41577],[-97.80565,19.41626],[-97.806,19.41663],[-97.80618,19.41671],[-97.80647,19.41671],[-97.80676,19.41737],[-97.80804,19.41794],[-97.8085,19.41848],[-97.80874,19.41856],[-97.80903,19.41901],[-97.80921,19.42],[-97.80935,19.4241],[-97.81012,19.42718],[-97.81047,19.42796],[-97.81071,19.42876]]]}},{"type":"Feature","properties":{"seccion":100,"municipio":7,"distrito_local":11,"distrito_federal":1},"geometry":{"type":"Polygon","coordinates":[[[-97.63893,19.33788],[-97.64236,19.33252],[-97.64386,19.32991],[-97.64698,19.32494],[-97.64748,19.32504],[-97.65123,19.3252],[-97.65338,19.32554],[-97.65388,19.32578],[-97.65486,19.3256],[-97.65628,19.32634],[-97.65559,19.32789],[-97.6582,19.3292],[-97.65898,19.32826],[-97.65955,19.32803],[-97.65921,19.32788],[-97.6593,19.32766],[-97.6586,19.32705],[-97.6591,19.32667],[-97.65958,19.32615],[-97.66061,19.32667],[-97.66055,19.3264],[-97.66109,19.32619],[-97.66128,19.32642],[-97.66149,19.32619],[-97.66192,19.32592],[-97.66268,19.32574],[-97.66307,19.32552],[-97.6636,19.32542],[-97.66334,19.32527],[-97.66378,19.32508],[-97.66443,19.32534],[-97.66646,19.3266],[-97.66878,19.32736],[-97.6693,19.32745],[-97.68632,19.32924],[-97.68714,19.32877],[-97.68633,19.33008],[-97.6857,19.33074],[-97.68339,19.33275],[-97.68302,19.34027],[-97.67651,19.34287],[-97.65448,19.35461],[-97.63932,19.36223],[-97.63099,19.35575],[-97.63381,19.3488],[-97.63422,19.34598],[-97.63446,19.34508],[-97.63522,19.34307],[-97.63563,19.34242],[-97.63832,19.33933],[-97.63893,19.33788]]]}},{"type":"Feature","properties":{"seccion":101,"municipio":7,"distrito_local":11,"distrito_federal":1},"geometry":{"type":"Polygon","coordinates":[[[-97.65637,19.31018],[-97.65924,19.31114],[-97.65836,19.3127],[-97.65797,19.31323],[-97.65698,19.31559],[-97.65612,19.31696],[-97.65585,19.31725],[-97.65373,19.31856],[-97.65471,19.31908],[-97.65585,19.32001],[-97.65632,19.32025],[-97.65635,19.3204],[-97.65667,19.32055],[-97.65693,19.32105],[-97.65739,19.3215],[-97.65726,19.32167],[-97.65812,19.32209],[-97.65628,19.32634],[-97.65486,19.3256],[-97.65388,19.32578],[-97.65338,19.32554],[-97.65123,19.3252],[-97.64748,19.32504],[-97.64698,19.32494],[-97.6548,19.31244],[-97.65637,19.31018]]]}},{"type":"Feature","properties":{"seccion":103,"municipio":7,"distrito_local":11,"distrito_federal":1},"geometry":{"type":"Polygon","coordinates":[[[-97.65739,19.3215],[-97.65693,19.32105],[-97.65667,19.32055],[-97.65635,19.3204],[-97.65632,19.32025],[-97.65585,19.32001],[-97.65471,19.31908],[-97.65373,19.31856],[-97.65585,19.31725],[-97.65612,19.31696],[-97.65698,19.31559],[-97.65797,19.31323],[-97.65836,19.3127],[-97.65924,19.31114],[-97.65895,19.31102],[-97.66321,19.30175],[-97.66602,19.29674],[-97.66688,19.29551],[-97.66838,19.29432],[-97.66936,19.29342],[-97.67011,19.29301],[-97.67127,19.29268],[-97.67196,19.29268],[-97.67573,19.29329],[-97.67712,19.29337],[-97.67845,19.29312],[-97.67949,19.29284],[-97.69104,19.28655],[-97.69296,19.28819],[-97.69545,19.28942],[-97.69603,19.28983],[-97.69801,19.2909],[-97.6994,19.29135],[-97.69998,19.29163],[-97.70051,19.2932],[-97.7008,19.29381],[-97.70161,19.29389],[-97.69458,19.30051],[-97.69458,19.30075],[-97.6947,19.301],[-97.69464,19.30157],[-97.69442,19.30207],[-97.69378,19.30256],[-97.69373,19.30392],[-97.69345,19.30511],[-97.69327,19.30548],[-97.6927,19.30622],[-97.69276,19.30655],[-97.69288,19.30663],[-97.69398,19.30856],[-97.69416,19.30872],[-97.69428,19.30909],[-97.6941,19.3095],[-97.69047,19.31295],[-97.68967,19.3139],[-97.68758,19.31402],[-97.68695,19.31419],[-97.68631,19.31452],[-97.68545,19.31517],[-97.68522,19.31587],[-97.6858,19.31587],[-97.68707,19.31628],[-97.68841,19.3169],[-97.68992,19.31743],[-97.69009,19.31776],[-97.68981,19.31813],[-97.68842,19.31891],[-97.68778,19.31911],[-97.68703,19.31985],[-97.68669,19.32047],[-97.68658,19.32117],[-97.68676,19.32269],[-97.6867,19.3231],[-97.68676,19.32343],[-97.68753,19.32552],[-97.68782,19.32585],[-97.68811,19.32692],[-97.68811,19.32729],[-97.68823,19.3277],[-97.68714,19.32877],[-97.68632,19.32924],[-97.68508,19.32912],[-97.6693,19.32745],[-97.66878,19.32736],[-97.66646,19.3266],[-97.66443,19.32534],[-97.6631,19.32473],[-97.66257,19.32427],[-97.66207,19.3236],[-97.662,19.32321],[-97.66124,19.32262],[-97.66144,19.32227],[-97.66159,19.32213],[-97.66196,19.32203],[-97.66209,19.32184],[-97.66283,19.32122],[-97.66278,19.3208],[-97.66303,19.32062],[-97.66328,19.32009],[-97.66298,19.32029],[-97.66251,19.32017],[-97.6619,19.31936],[-97.66128,19.31933],[-97.66048,19.31984],[-97.66001,19.31985],[-97.65951,19.32012],[-97.65858,19.32043],[-97.65739,19.3215]]]}},{"type":"Feature","properties":{"seccion":104,"municipio":7,"distrito_local":11,"distrito_federal":1},"geometry":{"type":"Polygon","coordinates":[[[-97.65637,19.31018],[-97.65546,19.31141],[-97.65179,19.3172],[-97.64386,19.32991],[-97.64236,19.33252],[-97.63893,19.33788],[-97.6383,19.33768],[-97.63099,19.33643],[-97.63095,19.33494],[-97.63107,19.3344],[-97.62762,19.3252],[-97.62741,19.32376],[-97.62765,19.32356],[-97.62943,19.32296],[-97.62961,19.32278],[-97.63021,19.32248],[-97.63048,19.32221],[-97.63076,19.32206],[-97.63098,19.32178],[-97.63125,19.32166],[-97.63171,19.32116],[-97.63179,19.32092],[-97.63212,19.32068],[-97.63245,19.31977],[-97.63238,19.31871],[-97.63215,19.31743],[-97.6322,19.31677],[-97.63241,19.31626],[-97.63276,19.31582],[-97.63771,19.31825],[-97.64027,19.31652],[-97.64129,19.3139],[-97.64251,19.31146],[-97.6435,19.31001],[-97.64624,19.30632],[-97.65512,19.30965],[-97.65637,19.31018]]]}},{"type":"Feature","properties":{"seccion":109,"municipio":8,"distrito_local":11,"distrito_federal":1},"geometry":{"type":"Polygon","coordinates":[[[-97.7759,19.28595],[-97.7716,19.29256],[-97.76991,19.29421],[-97.76897,19.29629],[-97.76801,19.29686],[-97.76417,19.29614],[-97.763,19.29552],[-97.76369,19.29458],[-97.76092,19.29293],[-97.7643,19.28763],[-97.75991,19.274],[-97.77177,19.26857],[-97.78596,19.26908],[-97.78426,19.27116],[-97.78318,19.27336],[-97.78227,19.27565],[-97.7824,19.27664],[-97.7759,19.28595]]]}},{"type":"Feature","properties":{"seccion":105,"municipio":7,"distrito_local":11,"distrito_federal":1},"geometry":{"type":"Polygon","coordinates":[[[-97.70448,19.39183],[-97.70349,19.39197],[-97.70119,19.39391],[-97.69948,19.39453],[-97.69925,19.39448],[-97.69908,19.39432],[-97.69879,19.39378],[-97.69812,19.39133],[-97.69749,19.39062],[-97.69644,19.39012],[-97.6947,19.38911],[-97.69266,19.38836],[-97.68947,19.38664],[-97.68848,19.38622],[-97.68819,19.38602],[-97.68684,19.38651],[-97.68595,19.38734],[-97.68519,19.38766],[-97.68378,19.38795],[-97.68349,19.38795],[-97.6818,19.38703],[-97.68083,19.38528],[-97.68014,19.38432],[-97.67959,19.38208],[-97.6784,19.37909],[-97.67831,19.37705],[-97.67804,19.37564],[-97.67808,19.37282],[-97.67786,19.37166],[-97.67706,19.36999],[-97.67661,19.36862],[-97.67389,19.36675],[-97.67279,19.36612],[-97.67162,19.36561],[-97.6674,19.36236],[-97.65448,19.35461],[-97.67651,19.34287],[-97.68302,19.34027],[-97.68393,19.34005],[-97.68488,19.33985],[-97.68551,19.34006],[-97.68656,19.34018],[-97.6876,19.34051],[-97.69062,19.34158],[-97.69172,19.34186],[-97.69271,19.3424],[-97.69311,19.34248],[-97.69398,19.34289],[-97.69578,19.34383],[-97.69642,19.34395],[-97.69688,19.34395],[-97.69717,19.34371],[-97.69821,19.34325],[-97.69885,19.34321],[-97.70094,19.34391],[-97.70054,19.3451],[-97.70014,19.34555],[-97.69927,19.34703],[-97.69916,19.34753],[-97.69882,19.34831],[-97.69847,19.34896],[-97.69772,19.34995],[-97.69698,19.3518],[-97.69585,19.35376],[-97.69531,19.35434],[-97.69531,19.35551],[-97.69588,19.35801],[-97.69602,19.35957],[-97.6952,19.36076],[-97.69374,19.36156],[-97.692,19.36344],[-97.69132,19.3656],[-97.69109,19.36609],[-97.69022,19.36745],[-97.68971,19.36864],[-97.68965,19.36897],[-97.6885,19.37094],[-97.69169,19.37143],[-97.69267,19.37053],[-97.69342,19.37011],[-97.69429,19.36979],[-97.69637,19.36937],[-97.69834,19.36876],[-97.70036,19.36765],[-97.70192,19.36691],[-97.70279,19.366],[-97.7029,19.36572],[-97.70296,19.36506],[-97.70254,19.36379],[-97.70266,19.36329],[-97.70346,19.36198],[-97.70386,19.36148],[-97.70415,19.36128],[-97.70432,19.36099],[-97.70636,19.36193],[-97.70735,19.36267],[-97.70735,19.363],[-97.70718,19.36345],[-97.70712,19.36387],[-97.7073,19.36428],[-97.70829,19.36555],[-97.70898,19.36612],[-97.70916,19.36641],[-97.71038,19.36739],[-97.71039,19.36809],[-97.70975,19.36896],[-97.70924,19.37056],[-97.70936,19.37076],[-97.70872,19.37158],[-97.70797,19.37224],[-97.7074,19.37253],[-97.70705,19.37315],[-97.70711,19.37347],[-97.70793,19.37458],[-97.70793,19.37557],[-97.70811,19.37602],[-97.7084,19.37746],[-97.70875,19.37774],[-97.71032,19.37787],[-97.71072,19.37811],[-97.71067,19.3784],[-97.70992,19.37926],[-97.7094,19.38013],[-97.70929,19.38078],[-97.70889,19.38173],[-97.70895,19.38197],[-97.70965,19.38243],[-97.70982,19.38267],[-97.70982,19.38288],[-97.7085,19.38518],[-97.70822,19.38637],[-97.70828,19.38666],[-97.70823,19.38805],[-97.70736,19.38883],[-97.70661,19.38924],[-97.70552,19.39031],[-97.70482,19.39113],[-97.70448,19.39183]]]}},{"type":"Feature","properties":{"seccion":106,"municipio":7,"distrito_local":11,"distrito_federal":1},"geometry":{"type":"Polygon","coordinates":[[[-97.70994,19.34123],[-97.69947,19.33898],[-97.68707,19.33936],[-97.68302,19.34027],[-97.68339,19.33275],[-97.6857,19.33074],[-97.68633,19.33008],[-97.68714,19.32877],[-97.6916,19.32946],[-97.69322,19.32962],[-97.69525,19.32958],[-97.69721,19.32892],[-97.70225,19.32831],[-97.70905,19.32805],[-97.71476,19.32908],[-97.71471,19.33088],[-97.71385,19.33257],[-97.71102,19.33943],[-97.71051,19.34045],[-97.70994,19.34123]]]}},{"type":"Feature","properties":{"seccion":107,"municipio":8,"distrito_local":11,"distrito_federal":1},"geometry":{"type":"Polygon","coordinates":[[[-97.76698,19.30161],[-97.76682,19.30145],[-97.76783,19.29886],[-97.76867,19.29706],[-97.76917,19.29572],[-97.76991,19.29421],[-97.7716,19.29256],[-97.7759,19.28595],[-97.77956,19.28656],[-97.78322,19.28748],[-97.78491,19.28824],[-97.78819,19.2903],[-97.80124,19.30157],[-97.81347,19.3034],[-97.81141,19.30829],[-97.83077,19.31167],[-97.83008,19.31245],[-97.82789,19.31455],[-97.82674,19.31533],[-97.82622,19.31546],[-97.82581,19.31571],[-97.83753,19.31819],[-97.84147,19.3195],[-97.8387,19.32094],[-97.83818,19.3214],[-97.83801,19.32173],[-97.84004,19.32189],[-97.83946,19.32234],[-97.83889,19.323],[-97.83825,19.32357],[-97.83745,19.32423],[-97.83641,19.32489],[-97.83537,19.32542],[-97.83312,19.32641],[-97.83225,19.3267],[-97.82112,19.33468],[-97.80821,19.3468],[-97.80065,19.34124],[-97.79357,19.33722],[-97.77729,19.32751],[-97.77462,19.32619],[-97.77358,19.32558],[-97.7723,19.32513],[-97.75612,19.32116],[-97.76162,19.31208],[-97.76078,19.31194],[-97.76704,19.30203],[-97.76698,19.30161]]]}},{"type":"Feature","properties":{"seccion":112,"municipio":8,"distrito_local":11,"distrito_federal":1},"geometry":{"type":"Polygon","coordinates":[[[-97.75261,19.33504],[-97.75226,19.33492],[-97.75145,19.33484],[-97.75017,19.33402],[-97.74935,19.33328],[-97.74948,19.33298],[-97.75309,19.33038],[-97.75335,19.32823],[-97.75524,19.32831],[-97.75616,19.32868],[-97.75975,19.32859],[-97.75971,19.33183],[-97.76042,19.33389],[-97.75747,19.33471],[-97.75261,19.33504]]]}},{"type":"Feature","properties":{"seccion":110,"municipio":8,"distrito_local":11,"distrito_federal":1},"geometry":{"type":"Polygon","coordinates":[[[-97.85535,19.39353],[-97.85459,19.39337],[-97.85332,19.39292],[-97.85308,19.39292],[-97.8518,19.39202],[-97.85227,19.39136],[-97.85238,19.39091],[-97.85226,19.3907],[-97.85226,19.39045],[-97.85197,19.38959],[-97.85173,19.38935],[-97.85138,19.38922],[-97.85092,19.38885],[-97.85068,19.38877],[-97.85004,19.38824],[-97.84952,19.38758],[-97.8494,19.38754],[-97.84911,19.38701],[-97.84888,19.38676],[-97.84876,19.38623],[-97.84852,19.3859],[-97.84847,19.38565],[-97.84841,19.38533],[-97.84852,19.38496],[-97.8484,19.38463],[-97.84753,19.38393],[-97.84718,19.38331],[-97.84706,19.3829],[-97.84705,19.38221],[-97.84058,19.38505],[-97.83994,19.38452],[-97.83936,19.38427],[-97.83831,19.38345],[-97.83791,19.38279],[-97.8375,19.3823],[-97.83715,19.38201],[-97.83616,19.38197],[-97.83501,19.38267],[-97.8346,19.3828],[-97.83344,19.38243],[-97.83286,19.38243],[-97.83176,19.38227],[-97.83126,19.38205],[-97.83131,19.37953],[-97.83416,19.37341],[-97.83105,19.36888],[-97.83081,19.36802],[-97.8304,19.36728],[-97.81239,19.36903],[-97.81181,19.36796],[-97.81157,19.36706],[-97.81162,19.36554],[-97.81184,19.36377],[-97.81241,19.36184],[-97.81241,19.36126],[-97.81281,19.36003],[-97.81292,19.35933],[-97.81302,19.35744],[-97.81216,19.35765],[-97.81175,19.35798],[-97.81083,19.35831],[-97.81019,19.35868],[-97.8095,19.35913],[-97.80904,19.35954],[-97.8069,19.36094],[-97.80621,19.36152],[-97.80575,19.36209],[-97.80512,19.36255],[-97.80471,19.36271],[-97.80425,19.36284],[-97.8028,19.36251],[-97.80222,19.36259],[-97.79678,19.36375],[-97.79488,19.36445],[-97.78701,19.36618],[-97.78562,19.36622],[-97.78492,19.36643],[-97.78146,19.36894],[-97.78112,19.36931],[-97.77939,19.37066],[-97.77393,19.36878],[-97.77836,19.36241],[-97.77005,19.3586],[-97.76929,19.35638],[-97.77114,19.34517],[-97.76799,19.34218],[-97.76036,19.34436],[-97.75598,19.34798],[-97.75556,19.34638],[-97.75556,19.3458],[-97.75608,19.34551],[-97.7562,19.34514],[-97.75636,19.34342],[-97.75618,19.3428],[-97.75537,19.34239],[-97.75479,19.34227],[-97.75328,19.34153],[-97.75345,19.34116],[-97.75374,19.341],[-97.75747,19.33471],[-97.76042,19.33389],[-97.75971,19.33183],[-97.75975,19.32859],[-97.76103,19.32916],[-97.76237,19.32949],[-97.76341,19.32937],[-97.76445,19.32879],[-97.76508,19.32863],[-97.76549,19.32863],[-97.76624,19.32879],[-97.76798,19.32961],[-97.76862,19.33035],[-97.76926,19.3308],[-97.77729,19.32751],[-97.79357,19.33722],[-97.80065,19.34124],[-97.80757,19.34636],[-97.80926,19.34751],[-97.81275,19.34919],[-97.81492,19.35035],[-97.81488,19.35065],[-97.81518,19.35079],[-97.81559,19.35135],[-97.82055,19.35332],[-97.81975,19.35543],[-97.82015,19.3556],[-97.82346,19.35471],[-97.82349,19.35509],[-97.8211,19.36175],[-97.83929,19.36292],[-97.84671,19.3636],[-97.84694,19.36327],[-97.8478,19.3613],[-97.84843,19.36044],[-97.849,19.35896],[-97.8494,19.35826],[-97.84963,19.35806],[-97.85022,19.35867],[-97.85039,19.3592],[-97.85046,19.3599],[-97.85081,19.36109],[-97.85197,19.36216],[-97.85262,19.36298],[-97.85245,19.36421],[-97.85541,19.36491],[-97.85644,19.36293],[-97.85701,19.36203],[-97.85765,19.36129],[-97.85846,19.36108],[-97.85881,19.36145],[-97.8583,19.36379],[-97.85836,19.36482],[-97.85774,19.36687],[-97.85699,19.36852],[-97.85677,19.3693],[-97.8566,19.37032],[-97.85662,19.37279],[-97.85846,19.3718],[-97.85985,19.37167],[-97.86043,19.37233],[-97.86061,19.37225],[-97.86078,19.37171],[-97.86107,19.37143],[-97.86159,19.37147],[-97.86536,19.3729],[-97.86791,19.37302],[-97.86688,19.37446],[-97.86654,19.37536],[-97.86666,19.37672],[-97.86701,19.3775],[-97.86771,19.3784],[-97.86742,19.37844],[-97.86702,19.37897],[-97.86691,19.37947],[-97.86656,19.38004],[-97.86587,19.38058],[-97.86478,19.38198],[-97.86403,19.38272],[-97.8611,19.38654],[-97.85966,19.38818],[-97.8592,19.38917],[-97.85863,19.38975],[-97.85794,19.3911],[-97.85748,19.39156],[-97.85719,19.39213],[-97.85668,19.39283],[-97.85627,19.39324],[-97.85604,19.39336],[-97.85535,19.39353]]]}},{"type":"Feature","properties":{"seccion":111,"municipio":8,"distrito_local":11,"distrito_federal":1},"geometry":{"type":"Polygon","coordinates":[[[-97.75158,19.35907],[-97.7514,19.35849],[-97.75157,19.358],[-97.75209,19.35689],[-97.75232,19.35665],[-97.7529,19.35636],[-97.75301,19.35603],[-97.75306,19.35471],[-97.75363,19.35291],[-97.75478,19.35073],[-97.755,19.35003],[-97.75592,19.34868],[-97.75598,19.34798],[-97.76036,19.34436],[-97.76799,19.34218],[-97.77114,19.34517],[-97.76929,19.35638],[-97.7686,19.35692],[-97.76727,19.35745],[-97.76646,19.35754],[-97.76588,19.3575],[-97.76564,19.35746],[-97.76466,19.35696],[-97.76373,19.35672],[-97.76321,19.35643],[-97.76095,19.35606],[-97.75875,19.35639],[-97.75632,19.35693],[-97.75551,19.35726],[-97.75447,19.35792],[-97.75158,19.35907]]]}},{"type":"Feature","properties":{"seccion":113,"municipio":8,"distrito_local":11,"distrito_federal":1},"geometry":{"type":"Polygon","coordinates":[[[-97.73784,19.35724],[-97.73587,19.35707],[-97.73436,19.35658],[-97.73401,19.35625],[-97.73343,19.35592],[-97.73105,19.35481],[-97.73035,19.35432],[-97.72856,19.35367],[-97.72792,19.35354],[-97.72734,19.35313],[-97.72676,19.35301],[-97.72606,19.3526],[-97.72409,19.35174],[-97.72339,19.35158],[-97.72107,19.35059],[-97.72014,19.3503],[-97.72017,19.34546],[-97.72339,19.34036],[-97.72454,19.33954],[-97.72598,19.33823],[-97.72725,19.33663],[-97.72805,19.33523],[-97.72903,19.33301],[-97.72948,19.33087],[-97.72912,19.32915],[-97.72877,19.32821],[-97.72847,19.32685],[-97.72847,19.32636],[-97.72835,19.32587],[-97.72788,19.3243],[-97.72759,19.32377],[-97.72672,19.32291],[-97.72613,19.3225],[-97.72486,19.32131],[-97.72369,19.32065],[-97.72334,19.32053],[-97.723,19.32024],[-97.72241,19.31996],[-97.72166,19.31922],[-97.74685,19.30955],[-97.76162,19.31208],[-97.75612,19.32116],[-97.7723,19.32513],[-97.77358,19.32558],[-97.77462,19.32619],[-97.77729,19.32751],[-97.76926,19.3308],[-97.76862,19.33035],[-97.76798,19.32961],[-97.76624,19.32879],[-97.76549,19.32863],[-97.76508,19.32863],[-97.76445,19.32879],[-97.76341,19.32937],[-97.76237,19.32949],[-97.76103,19.32916],[-97.75975,19.32859],[-97.75616,19.32868],[-97.75524,19.32831],[-97.75335,19.32823],[-97.75309,19.33038],[-97.74948,19.33298],[-97.74673,19.34117],[-97.74639,19.34158],[-97.7457,19.34215],[-97.74201,19.34672],[-97.74109,19.34725],[-97.74057,19.34729],[-97.74028,19.34721],[-97.73982,19.3477],[-97.73787,19.35148],[-97.73822,19.35259],[-97.73834,19.35267],[-97.73846,19.353],[-97.73784,19.35724]]]}},{"type":"Feature","properties":{"seccion":114,"municipio":8,"distrito_local":11,"distrito_federal":1},"geometry":{"type":"Polygon","coordinates":[[[-97.71273,19.35047],[-97.71192,19.35035],[-97.71116,19.34945],[-97.71063,19.34867],[-97.70999,19.34809],[-97.70953,19.34781],[-97.70709,19.34649],[-97.70599,19.34658],[-97.70558,19.34645],[-97.70477,19.34592],[-97.70297,19.34514],[-97.70094,19.34391],[-97.69885,19.34321],[-97.69821,19.34325],[-97.69717,19.34371],[-97.69688,19.34395],[-97.69642,19.34395],[-97.69578,19.34383],[-97.69398,19.34289],[-97.69311,19.34248],[-97.69271,19.3424],[-97.69172,19.34186],[-97.69062,19.34158],[-97.68656,19.34018],[-97.68551,19.34006],[-97.68488,19.33985],[-97.68707,19.33936],[-97.69947,19.33898],[-97.70994,19.34123],[-97.71051,19.34045],[-97.71102,19.33943],[-97.71385,19.33257],[-97.71471,19.33088],[-97.71476,19.32908],[-97.70905,19.32805],[-97.70225,19.32831],[-97.69721,19.32892],[-97.69525,19.32958],[-97.69322,19.32962],[-97.6916,19.32946],[-97.68714,19.32877],[-97.68823,19.3277],[-97.68811,19.32729],[-97.68811,19.32692],[-97.68782,19.32585],[-97.68753,19.32552],[-97.68676,19.32343],[-97.6867,19.3231],[-97.68676,19.32269],[-97.68658,19.32117],[-97.68669,19.32047],[-97.68703,19.31985],[-97.68778,19.31911],[-97.68842,19.31891],[-97.68981,19.31813],[-97.69009,19.31776],[-97.68992,19.31743],[-97.68841,19.3169],[-97.68707,19.31628],[-97.6858,19.31587],[-97.68522,19.31587],[-97.68545,19.31517],[-97.68631,19.31452],[-97.68695,19.31419],[-97.68758,19.31402],[-97.68967,19.3139],[-97.69047,19.31295],[-97.6941,19.3095],[-97.69428,19.30909],[-97.69416,19.30872],[-97.69398,19.30856],[-97.69288,19.30663],[-97.69276,19.30655],[-97.6927,19.30622],[-97.69327,19.30548],[-97.69345,19.30511],[-97.69373,19.30392],[-97.69378,19.30256],[-97.69442,19.30207],[-97.69464,19.30157],[-97.6947,19.301],[-97.69458,19.30075],[-97.69458,19.30051],[-97.70161,19.29389],[-97.70196,19.29426],[-97.7026,19.29443],[-97.70294,19.29443],[-97.70411,19.29492],[-97.70463,19.29504],[-97.70521,19.29562],[-97.70556,19.29578],[-97.70683,19.29606],[-97.70724,19.2959],[-97.70839,19.29578],[-97.71019,19.29516],[-97.71175,19.29475],[-97.71262,19.29495],[-97.71401,19.29557],[-97.715,19.29676],[-97.71529,19.29779],[-97.71716,19.29934],[-97.71826,19.30053],[-97.71902,19.30111],[-97.72066,19.30448],[-97.71473,19.31236],[-97.72241,19.31996],[-97.723,19.32024],[-97.72334,19.32053],[-97.72369,19.32065],[-97.72486,19.32131],[-97.72613,19.3225],[-97.72672,19.32291],[-97.72759,19.32377],[-97.72788,19.3243],[-97.72835,19.32587],[-97.72847,19.32636],[-97.72847,19.32685],[-97.72877,19.32821],[-97.72912,19.32915],[-97.72936,19.33026],[-97.72948,19.33087],[-97.72903,19.33301],[-97.72805,19.33523],[-97.72765,19.33597],[-97.72725,19.33663],[-97.72598,19.33823],[-97.72454,19.33954],[-97.72339,19.34036],[-97.72017,19.34546],[-97.72014,19.3503],[-97.71852,19.35047],[-97.71765,19.35043],[-97.71603,19.35018],[-97.71498,19.35018],[-97.71412,19.35035],[-97.71273,19.35047]]]}},{"type":"Feature","properties":{"seccion":115,"municipio":8,"distrito_local":11,"distrito_federal":1},"geometry":{"type":"Polygon","coordinates":[[[-97.74918,19.30299],[-97.75149,19.30428],[-97.75135,19.30435],[-97.75316,19.30683],[-97.75651,19.30552],[-97.76125,19.31117],[-97.76078,19.31194],[-97.74685,19.30955],[-97.72166,19.31922],[-97.71473,19.31236],[-97.72066,19.30448],[-97.72381,19.29978],[-97.73044,19.29285],[-97.73884,19.2877],[-97.73838,19.28882],[-97.73749,19.29177],[-97.7374,19.29484],[-97.73765,19.29624],[-97.73831,19.29839],[-97.73861,19.29913],[-97.74033,19.30234],[-97.74179,19.30386],[-97.74256,19.30452],[-97.74443,19.3059],[-97.74472,19.30603],[-97.74496,19.30602],[-97.74918,19.30299]]]}},{"type":"Feature","properties":{"seccion":116,"municipio":8,"distrito_local":11,"distrito_federal":1},"geometry":{"type":"Polygon","coordinates":[[[-97.70743,19.40312],[-97.70679,19.4023],[-97.70696,19.40189],[-97.70748,19.40123],[-97.70794,19.40033],[-97.70793,19.39832],[-97.70787,19.39709],[-97.70775,19.39655],[-97.70745,19.39557],[-97.70664,19.39425],[-97.7064,19.39368],[-97.70565,19.3929],[-97.70494,19.392],[-97.70448,19.39183],[-97.70482,19.39113],[-97.70552,19.39031],[-97.70661,19.38924],[-97.70736,19.38883],[-97.70823,19.38805],[-97.70828,19.38666],[-97.70822,19.38637],[-97.7085,19.38518],[-97.70982,19.38288],[-97.70982,19.38267],[-97.70965,19.38243],[-97.70895,19.38197],[-97.70889,19.38173],[-97.70929,19.38078],[-97.7094,19.38013],[-97.70992,19.37926],[-97.71067,19.3784],[-97.71072,19.37811],[-97.71032,19.37787],[-97.70875,19.37774],[-97.7084,19.37746],[-97.70811,19.37602],[-97.70793,19.37557],[-97.70793,19.37458],[-97.70711,19.37347],[-97.70705,19.37315],[-97.7074,19.37253],[-97.70797,19.37224],[-97.70872,19.37158],[-97.70936,19.37076],[-97.70924,19.37056],[-97.70975,19.36896],[-97.71039,19.36809],[-97.71038,19.36739],[-97.70916,19.36641],[-97.70898,19.36612],[-97.70829,19.36555],[-97.70753,19.36464],[-97.70712,19.36387],[-97.70718,19.36345],[-97.70735,19.363],[-97.70735,19.36267],[-97.70636,19.36193],[-97.70432,19.36099],[-97.70415,19.36128],[-97.70386,19.36148],[-97.70346,19.36198],[-97.70266,19.36329],[-97.70254,19.36379],[-97.70296,19.36506],[-97.7029,19.36572],[-97.70279,19.366],[-97.70192,19.36691],[-97.70036,19.36765],[-97.69834,19.36876],[-97.69637,19.36937],[-97.69429,19.36979],[-97.69342,19.37011],[-97.69267,19.37053],[-97.69169,19.37143],[-97.6885,19.37094],[-97.68965,19.36897],[-97.68971,19.36864],[-97.69022,19.36745],[-97.69109,19.36609],[-97.69132,19.3656],[-97.692,19.36344],[-97.69374,19.36156],[-97.6952,19.36076],[-97.69602,19.35957],[-97.69588,19.35801],[-97.69531,19.35551],[-97.69531,19.35434],[-97.69585,19.35376],[-97.69698,19.3518],[-97.69772,19.34995],[-97.69847,19.34896],[-97.69882,19.34831],[-97.69916,19.34753],[-97.69927,19.34703],[-97.70014,19.34555],[-97.70054,19.3451],[-97.70094,19.34391],[-97.70297,19.34514],[-97.70477,19.34592],[-97.70558,19.34645],[-97.70599,19.34658],[-97.70709,19.34649],[-97.70953,19.34781],[-97.70999,19.34809],[-97.71063,19.34867],[-97.71116,19.34945],[-97.71192,19.35035],[-97.71273,19.35047],[-97.71412,19.35035],[-97.71498,19.35018],[-97.71603,19.35018],[-97.71765,19.35043],[-97.71852,19.35047],[-97.72014,19.3503],[-97.72107,19.35059],[-97.72339,19.35158],[-97.72409,19.35174],[-97.72606,19.3526],[-97.72676,19.35301],[-97.72734,19.35313],[-97.72792,19.35354],[-97.72856,19.35367],[-97.73035,19.35432],[-97.73105,19.35481],[-97.73343,19.35592],[-97.73401,19.35625],[-97.73436,19.35658],[-97.73587,19.35707],[-97.73784,19.35724],[-97.73605,19.36853],[-97.73019,19.37831],[-97.73222,19.37908],[-97.7346,19.38023],[-97.73605,19.38105],[-97.73739,19.38216],[-97.73882,19.38276],[-97.73681,19.38302],[-97.7325,19.38288],[-97.73118,19.38931],[-97.73107,19.39227],[-97.73015,19.39346],[-97.72998,19.39383],[-97.72998,19.39399],[-97.72969,19.3944],[-97.7294,19.39457],[-97.72883,19.39469],[-97.72807,19.39457],[-97.7268,19.39453],[-97.72628,19.39432],[-97.72477,19.394],[-97.72367,19.394],[-97.72257,19.39433],[-97.72026,19.3954],[-97.71927,19.39572],[-97.71869,19.39601],[-97.71812,19.39609],[-97.71759,19.39581],[-97.71701,19.39564],[-97.71626,19.39577],[-97.71482,19.39659],[-97.71424,19.39708],[-97.7136,19.39725],[-97.71343,19.39737],[-97.71337,19.39754],[-97.71303,19.39778],[-97.71245,19.39778],[-97.71193,19.39791],[-97.71129,19.39836],[-97.71048,19.39873],[-97.71008,19.39906],[-97.70985,19.39926],[-97.70997,19.40037],[-97.7098,19.40082],[-97.7098,19.40111],[-97.71009,19.40193],[-97.71009,19.40222],[-97.70981,19.40246],[-97.70743,19.40312]]]}},{"type":"Feature","properties":{"seccion":189,"municipio":13,"distrito_local":10,"distrito_federal":1},"geometry":{"type":"Polygon","coordinates":[[[-97.92229,19.31375],[-97.92164,19.30514],[-97.92218,19.30464],[-97.92284,19.30425],[-97.92289,19.30454],[-97.92274,19.30611],[-97.92405,19.30605],[-97.92402,19.30624],[-97.92492,19.30645],[-97.92492,19.30657],[-97.92331,19.30726],[-97.92334,19.30769],[-97.92351,19.30919],[-97.92518,19.30921],[-97.92541,19.31214],[-97.9286,19.31193],[-97.92963,19.31134],[-97.9301,19.31317],[-97.92337,19.31346],[-97.92327,19.31356],[-97.92229,19.31375]]]}},{"type":"Feature","properties":{"seccion":190,"municipio":13,"distrito_local":10,"distrito_federal":1},"geometry":{"type":"Polygon","coordinates":[[[-97.92334,19.30769],[-97.92505,19.30757],[-97.92506,19.30764],[-97.92672,19.30761],[-97.92685,19.30913],[-97.92827,19.30904],[-97.92836,19.30975],[-97.92695,19.31046],[-97.92701,19.31207],[-97.92541,19.31214],[-97.92518,19.30921],[-97.92351,19.30919],[-97.92334,19.30769]]]}},{"type":"Feature","properties":{"seccion":191,"municipio":13,"distrito_local":10,"distrito_federal":1},"geometry":{"type":"Polygon","coordinates":[[[-97.93056,19.31319],[-97.9301,19.31317],[-97.92963,19.31134],[-97.9286,19.31193],[-97.92701,19.31207],[-97.92695,19.31046],[-97.92836,19.30975],[-97.92827,19.30904],[-97.92939,19.30792],[-97.93011,19.30882],[-97.93065,19.30851],[-97.93051,19.31031],[-97.9307,19.3106],[-97.93225,19.31173],[-97.93056,19.31319]]]}},{"type":"Feature","properties":{"seccion":117,"municipio":9,"distrito_local":8,"distrito_federal":1},"geometry":{"type":"Polygon","coordinates":[[[-98.09148,19.34338],[-98.09398,19.33996],[-98.09434,19.34016],[-98.09507,19.34038],[-98.09586,19.34108],[-98.09615,19.34146],[-98.09627,19.34203],[-98.09671,19.34242],[-98.09769,19.34311],[-98.09855,19.34361],[-98.09877,19.34363],[-98.09891,19.34426],[-98.09911,19.34443],[-98.09918,19.34466],[-98.09935,19.34482],[-98.09993,19.34498],[-98.1,19.34513],[-98.10028,19.34536],[-98.10041,19.34577],[-98.10055,19.34595],[-98.10141,19.3464],[-98.1016,19.34659],[-98.10183,19.34747],[-98.10164,19.34801],[-98.10164,19.34849],[-98.10211,19.3489],[-98.10382,19.34745],[-98.10543,19.34542],[-98.10561,19.34566],[-98.1074,19.34736],[-98.10778,19.34749],[-98.10789,19.34786],[-98.10771,19.34826],[-98.10808,19.34855],[-98.10882,19.34953],[-98.10933,19.34993],[-98.10989,19.35078],[-98.11073,19.35144],[-98.11184,19.35253],[-98.11229,19.35277],[-98.11266,19.35311],[-98.1132,19.35379],[-98.11344,19.35426],[-98.11443,19.35544],[-98.11576,19.35683],[-98.11604,19.35685],[-98.11879,19.35452],[-98.1189,19.35409],[-98.1208,19.35555],[-98.12313,19.35794],[-98.12235,19.36196],[-98.12269,19.36194],[-98.12304,19.36265],[-98.11063,19.36618],[-98.10926,19.36641],[-98.10889,19.36667],[-98.10623,19.36556],[-98.10346,19.36408],[-98.10326,19.3639],[-98.1032,19.36296],[-98.10301,19.36218],[-98.10207,19.36128],[-98.0999,19.35948],[-98.09939,19.35873],[-98.09876,19.35814],[-98.09827,19.35792],[-98.09624,19.35759],[-98.09576,19.35742],[-98.09487,19.3564],[-98.09438,19.35564],[-98.09529,19.35393],[-98.09689,19.35215],[-98.09702,19.35197],[-98.09717,19.35146],[-98.09755,19.35123],[-98.09574,19.35032],[-98.09525,19.35],[-98.09522,19.34975],[-98.0951,19.34959],[-98.09475,19.34952],[-98.09448,19.34928],[-98.09427,19.34864],[-98.09388,19.34805],[-98.09382,19.34731],[-98.09395,19.34659],[-98.09349,19.34605],[-98.09271,19.34486],[-98.09148,19.34338]]]}},{"type":"Feature","properties":{"seccion":118,"municipio":9,"distrito_local":8,"distrito_federal":1},"geometry":{"type":"Polygon","coordinates":[[[-98.09148,19.34338],[-98.09271,19.34486],[-98.09349,19.34605],[-98.09395,19.34659],[-98.09382,19.34731],[-98.09388,19.34805],[-98.09427,19.34864],[-98.09448,19.34928],[-98.09475,19.34952],[-98.0951,19.34959],[-98.09522,19.34975],[-98.09525,19.35],[-98.09574,19.35032],[-98.09755,19.35123],[-98.09717,19.35146],[-98.09702,19.35197],[-98.09689,19.35215],[-98.09529,19.35393],[-98.09438,19.35564],[-98.09487,19.3564],[-98.09576,19.35742],[-98.09624,19.35759],[-98.09827,19.35792],[-98.09876,19.35814],[-98.09939,19.35873],[-98.0999,19.35948],[-98.10207,19.36128],[-98.10301,19.36218],[-98.1032,19.36296],[-98.10326,19.3639],[-98.10346,19.36408],[-98.10002,19.36405],[-98.09747,19.36327],[-98.09579,19.36251],[-98.09504,19.36238],[-98.09409,19.3616],[-98.09368,19.36106],[-98.09346,19.36092],[-98.09304,19.36029],[-98.09214,19.35976],[-98.09027,19.35998],[-98.08731,19.35952],[-98.08702,19.3594],[-98.0866,19.359],[-98.08632,19.35813],[-98.0859,19.35756],[-98.08552,19.35739],[-98.0843,19.35754],[-98.08401,19.35744],[-98.08384,19.35732],[-98.08384,19.35702],[-98.08373,19.35662],[-98.0835,19.35623],[-98.08295,19.35612],[-98.0825,19.35633],[-98.08098,19.35623],[-98.08017,19.35649],[-98.0797,19.35645],[-98.07908,19.35619],[-98.07861,19.35556],[-98.07822,19.35421],[-98.07839,19.35405],[-98.07925,19.35393],[-98.07968,19.35377],[-98.0802,19.35314],[-98.08082,19.35293],[-98.08176,19.353],[-98.08235,19.35321],[-98.08294,19.35461],[-98.08346,19.35411],[-98.08454,19.35379],[-98.08511,19.35375],[-98.08622,19.35416],[-98.08745,19.3537],[-98.08858,19.35309],[-98.08846,19.35268],[-98.08748,19.3525],[-98.08635,19.3517],[-98.08602,19.3513],[-98.08618,19.35079],[-98.08642,19.35064],[-98.08683,19.35066],[-98.08704,19.35042],[-98.08693,19.34993],[-98.08667,19.34937],[-98.08672,19.34856],[-98.08649,19.34801],[-98.08641,19.34738],[-98.0866,19.34698],[-98.08661,19.34653],[-98.08579,19.34574],[-98.08563,19.34548],[-98.08578,19.34474],[-98.08634,19.34401],[-98.08664,19.34394],[-98.08683,19.34409],[-98.08736,19.34423],[-98.08829,19.34433],[-98.08876,19.34408],[-98.08913,19.3436],[-98.08951,19.34369],[-98.08982,19.34351],[-98.0903,19.34344],[-98.0907,19.34357],[-98.09124,19.34352],[-98.09148,19.34338]]]}},{"type":"Feature","properties":{"seccion":192,"municipio":13,"distrito_local":10,"distrito_federal":1},"geometry":{"type":"Polygon","coordinates":[[[-97.93065,19.30851],[-97.93145,19.30851],[-97.93176,19.30843],[-97.93286,19.30779],[-97.9339,19.30682],[-97.93535,19.30568],[-97.93528,19.30498],[-97.93619,19.30457],[-97.93759,19.30426],[-97.93875,19.30435],[-97.93976,19.30425],[-97.94091,19.30386],[-97.94158,19.30401],[-97.94228,19.30395],[-97.94409,19.30466],[-97.94436,19.30592],[-97.94178,19.30674],[-97.94272,19.30841],[-97.94186,19.30905],[-97.94185,19.3093],[-97.94168,19.30951],[-97.94143,19.30971],[-97.93993,19.3102],[-97.93955,19.3104],[-97.93801,19.31153],[-97.93588,19.31295],[-97.93551,19.31329],[-97.935,19.31357],[-97.93406,19.31509],[-97.93202,19.31421],[-97.93056,19.31319],[-97.93225,19.31173],[-97.9307,19.3106],[-97.93051,19.31031],[-97.93065,19.30851]]]}},{"type":"Feature","properties":{"seccion":119,"municipio":9,"distrito_local":8,"distrito_federal":1},"geometry":{"type":"Polygon","coordinates":[[[-98.09148,19.34338],[-98.09124,19.34352],[-98.0907,19.34357],[-98.0903,19.34344],[-98.08982,19.34351],[-98.08951,19.34369],[-98.08913,19.3436],[-98.08876,19.34408],[-98.08829,19.34433],[-98.08736,19.34423],[-98.08683,19.34409],[-98.08664,19.34394],[-98.08634,19.34401],[-98.08578,19.34474],[-98.08563,19.34548],[-98.08579,19.34574],[-98.08661,19.34653],[-98.0866,19.34698],[-98.08641,19.34738],[-98.08649,19.34801],[-98.08672,19.34856],[-98.08667,19.34937],[-98.08693,19.34993],[-98.08704,19.35042],[-98.08683,19.35066],[-98.08642,19.35064],[-98.08618,19.35079],[-98.08602,19.3513],[-98.08635,19.3517],[-98.08748,19.3525],[-98.08846,19.35268],[-98.08858,19.35309],[-98.08745,19.3537],[-98.08622,19.35416],[-98.08511,19.35375],[-98.08454,19.35379],[-98.08346,19.35411],[-98.08294,19.35461],[-98.08235,19.35321],[-98.08176,19.353],[-98.08082,19.35293],[-98.0802,19.35314],[-98.07968,19.35377],[-98.07925,19.35393],[-98.07839,19.35405],[-98.07822,19.35421],[-98.07861,19.35556],[-98.07908,19.35619],[-98.0797,19.35645],[-98.08017,19.35649],[-98.08098,19.35623],[-98.0825,19.35633],[-98.08295,19.35612],[-98.0835,19.35623],[-98.08373,19.35662],[-98.08384,19.35702],[-98.08384,19.35732],[-98.0843,19.35754],[-98.08483,19.3575],[-98.07887,19.36203],[-98.07821,19.36263],[-98.07686,19.36415],[-98.07438,19.36654],[-98.07146,19.36643],[-98.07114,19.36619],[-98.06958,19.36784],[-98.06874,19.36807],[-98.06866,19.3678],[-98.06895,19.36727],[-98.06895,19.36594],[-98.0682,19.36478],[-98.06653,19.36265],[-98.06607,19.3617],[-98.06538,19.36099],[-98.06393,19.36019],[-98.06161,19.35868],[-98.06136,19.35827],[-98.06164,19.35749],[-98.06216,19.35699],[-98.06252,19.3567],[-98.06347,19.35629],[-98.06385,19.35604],[-98.06666,19.35357],[-98.06758,19.35294],[-98.06815,19.35235],[-98.06841,19.35257],[-98.0686,19.3523],[-98.06849,19.35191],[-98.06874,19.35194],[-98.07014,19.35142],[-98.07037,19.35127],[-98.07139,19.35004],[-98.07325,19.34825],[-98.07424,19.34951],[-98.07574,19.35039],[-98.07619,19.35054],[-98.07735,19.35072],[-98.07782,19.3506],[-98.07858,19.35015],[-98.079,19.34962],[-98.07977,19.34821],[-98.0799,19.34739],[-98.08051,19.3449],[-98.08042,19.34287],[-98.08097,19.34081],[-98.08115,19.34043],[-98.08165,19.33704],[-98.08143,19.3358],[-98.08179,19.3348],[-98.08203,19.33443],[-98.08339,19.3332],[-98.08509,19.33251],[-98.08655,19.33227],[-98.08939,19.33284],[-98.09063,19.33345],[-98.09209,19.33459],[-98.09354,19.33606],[-98.09393,19.33724],[-98.09403,19.33811],[-98.09398,19.33996],[-98.09148,19.34338]]]}},{"type":"Feature","properties":{"seccion":120,"municipio":9,"distrito_local":8,"distrito_federal":1},"geometry":{"type":"Polygon","coordinates":[[[-98.06161,19.35868],[-98.06005,19.35775],[-98.05976,19.35705],[-98.05988,19.35647],[-98.06,19.35626],[-98.06007,19.35552],[-98.05993,19.35265],[-98.06023,19.35162],[-98.06013,19.35042],[-98.05959,19.34904],[-98.05895,19.34811],[-98.05826,19.34667],[-98.05743,19.34544],[-98.05711,19.34481],[-98.05641,19.3439],[-98.06121,19.34109],[-98.06168,19.34155],[-98.06456,19.34363],[-98.06571,19.3442],[-98.06692,19.34445],[-98.06802,19.34488],[-98.06931,19.34605],[-98.0705,19.34652],[-98.07231,19.34786],[-98.07325,19.34825],[-98.07139,19.35004],[-98.07037,19.35127],[-98.07014,19.35142],[-98.06874,19.35194],[-98.06849,19.35191],[-98.0686,19.3523],[-98.06841,19.35257],[-98.06815,19.35235],[-98.06758,19.35294],[-98.06666,19.35357],[-98.06385,19.35604],[-98.06347,19.35629],[-98.06252,19.3567],[-98.06216,19.35699],[-98.06164,19.35749],[-98.06136,19.35827],[-98.06161,19.35868]]]}},{"type":"Feature","properties":{"seccion":193,"municipio":13,"distrito_local":10,"distrito_federal":1},"geometry":{"type":"Polygon","coordinates":[[[-97.9669,19.29365],[-97.96973,19.29197],[-97.97088,19.29111],[-97.97394,19.28913],[-97.97405,19.28851],[-97.97475,19.28896],[-97.97475,19.28925],[-97.97528,19.29048],[-97.97673,19.2913],[-97.97935,19.29261],[-97.97987,19.29281],[-97.98132,19.29306],[-97.98214,19.29404],[-97.98214,19.29425],[-97.98336,19.29543],[-97.98458,19.29633],[-97.98493,19.2965],[-97.98563,19.29662],[-97.98569,19.29724],[-97.98454,19.29831],[-97.98396,19.29868],[-97.98247,19.29991],[-97.98218,19.30049],[-97.98195,19.30143],[-97.98115,19.30287],[-97.97949,19.30526],[-97.97875,19.30678],[-97.97777,19.30764],[-97.97703,19.30974],[-97.97703,19.31015],[-97.9764,19.31118],[-97.97618,19.3118],[-97.97503,19.31356],[-97.9741,19.31303],[-97.97363,19.31188],[-97.97223,19.31078],[-97.97171,19.31049],[-97.97072,19.3102],[-97.96834,19.30886],[-97.96741,19.3091],[-97.96695,19.30935],[-97.96383,19.31051],[-97.96291,19.31026],[-97.96244,19.31035],[-97.96221,19.3103],[-97.96186,19.3101],[-97.96111,19.3099],[-97.9587,19.30849],[-97.95247,19.30508],[-97.94966,19.30431],[-97.94921,19.30413],[-97.94883,19.30389],[-97.94799,19.30312],[-97.94884,19.30237],[-97.94926,19.3019],[-97.94994,19.30088],[-97.95048,19.30029],[-97.95116,19.29975],[-97.95153,19.29931],[-97.95284,19.30056],[-97.95265,19.30072],[-97.9531,19.30117],[-97.95323,19.30107],[-97.95359,19.30142],[-97.95339,19.30165],[-97.95707,19.30348],[-97.95837,19.30133],[-97.95991,19.302],[-97.96016,19.30171],[-97.96033,19.30118],[-97.96079,19.30091],[-97.96167,19.29986],[-97.96282,19.29873],[-97.96319,19.29822],[-97.96335,19.29795],[-97.96338,19.29711],[-97.96383,19.29634],[-97.96483,19.29494],[-97.96535,19.29435],[-97.96575,19.29442],[-97.9671,19.29399],[-97.9669,19.29365]]]}},{"type":"Feature","properties":{"seccion":121,"municipio":9,"distrito_local":8,"distrito_federal":1},"geometry":{"type":"Polygon","coordinates":[[[-98.11879,19.35452],[-98.11604,19.35685],[-98.11576,19.35683],[-98.11443,19.35544],[-98.11344,19.35426],[-98.1132,19.35379],[-98.11266,19.35311],[-98.11229,19.35277],[-98.11184,19.35253],[-98.11073,19.35144],[-98.10989,19.35078],[-98.10933,19.34993],[-98.10882,19.34953],[-98.10808,19.34855],[-98.10771,19.34826],[-98.10789,19.34786],[-98.10778,19.34749],[-98.1074,19.34736],[-98.10561,19.34566],[-98.10543,19.34542],[-98.10382,19.34745],[-98.10211,19.3489],[-98.10188,19.34873],[-98.10164,19.34849],[-98.10164,19.34801],[-98.10183,19.34747],[-98.1016,19.34659],[-98.10141,19.3464],[-98.10055,19.34595],[-98.10041,19.34577],[-98.10028,19.34536],[-98.1,19.34513],[-98.09993,19.34498],[-98.09935,19.34482],[-98.09918,19.34466],[-98.09911,19.34443],[-98.09891,19.34426],[-98.09877,19.34363],[-98.09855,19.34361],[-98.09769,19.34311],[-98.09671,19.34242],[-98.09627,19.34203],[-98.09615,19.34146],[-98.09554,19.34076],[-98.09507,19.34038],[-98.09434,19.34016],[-98.09398,19.33996],[-98.09403,19.33811],[-98.09393,19.33724],[-98.09354,19.33606],[-98.09209,19.33459],[-98.09063,19.33345],[-98.08939,19.33284],[-98.0869,19.33234],[-98.08707,19.32967],[-98.08734,19.32724],[-98.09085,19.32622],[-98.0925,19.32548],[-98.09402,19.32534],[-98.09544,19.32539],[-98.10427,19.33335],[-98.10448,19.33365],[-98.10499,19.33376],[-98.10546,19.33473],[-98.10668,19.3365],[-98.10762,19.33725],[-98.10804,19.33776],[-98.1093,19.33888],[-98.10956,19.33921],[-98.11001,19.3389],[-98.11017,19.33856],[-98.10991,19.33816],[-98.1095,19.33774],[-98.1094,19.33738],[-98.1112,19.33567],[-98.11131,19.3355],[-98.11175,19.33574],[-98.11401,19.33813],[-98.11499,19.3389],[-98.11676,19.34084],[-98.11748,19.34128],[-98.11865,19.34245],[-98.11917,19.34359],[-98.11952,19.34412],[-98.12019,19.34479],[-98.12019,19.34497],[-98.12056,19.34537],[-98.12281,19.34694],[-98.12289,19.34723],[-98.121,19.3493],[-98.12132,19.34963],[-98.11811,19.35348],[-98.1189,19.35409],[-98.11879,19.35452]]]}},{"type":"Feature","properties":{"seccion":178,"municipio":13,"distrito_local":10,"distrito_federal":1},"geometry":{"type":"Polygon","coordinates":[[[-97.92124,19.35288],[-97.91884,19.35241],[-97.91651,19.35177],[-97.91648,19.35235],[-97.91289,19.3492],[-97.91487,19.34275],[-97.91604,19.34041],[-97.91785,19.33488],[-97.92051,19.32632],[-97.92121,19.32437],[-97.92229,19.32174],[-97.92279,19.32003],[-97.92263,19.31799],[-97.92288,19.31793],[-97.92433,19.3179],[-97.92473,19.32208],[-97.92757,19.32193],[-97.92762,19.3222],[-97.92788,19.32214],[-97.92894,19.32334],[-97.92999,19.32543],[-97.93086,19.32517],[-97.93105,19.32532],[-97.93306,19.32325],[-97.93497,19.32604],[-97.94402,19.33514],[-97.94499,19.33614],[-97.94515,19.33634],[-97.94517,19.33651],[-97.9449,19.33812],[-97.94407,19.34029],[-97.93754,19.3358],[-97.93527,19.33811],[-97.93488,19.33948],[-97.93424,19.33983],[-97.93357,19.34003],[-97.93227,19.34104],[-97.92728,19.34607],[-97.92507,19.34795],[-97.92235,19.35194],[-97.92241,19.35289],[-97.92124,19.35288]]]}},{"type":"Feature","properties":{"seccion":179,"municipio":13,"distrito_local":10,"distrito_federal":1},"geometry":{"type":"Polygon","coordinates":[[[-97.90951,19.34387],[-97.91374,19.33216],[-97.91601,19.32843],[-97.91783,19.32563],[-97.91433,19.32273],[-97.91694,19.31989],[-97.91576,19.31925],[-97.91669,19.3184],[-97.91962,19.31816],[-97.91977,19.31971],[-97.92278,19.31956],[-97.92279,19.32003],[-97.92229,19.32174],[-97.92121,19.32437],[-97.92051,19.32632],[-97.91785,19.33488],[-97.91604,19.34041],[-97.91487,19.34275],[-97.91289,19.3492],[-97.91009,19.34672],[-97.90996,19.34616],[-97.9096,19.34538],[-97.90951,19.34387]]]}},{"type":"Feature","properties":{"seccion":7,"municipio":2,"distrito_local":5,"distrito_federal":2},"geometry":{"type":"Polygon","coordinates":[[[-98.1931,19.33486],[-98.19289,19.33462],[-98.19294,19.33454],[-98.19202,19.33393],[-98.19185,19.33328],[-98.19204,19.33335],[-98.19233,19.33366],[-98.19267,19.33313],[-98.19222,19.3328],[-98.19274,19.33189],[-98.19332,19.33219],[-98.19272,19.33308],[-98.19338,19.33329],[-98.19279,19.33421],[-98.1932,19.33452],[-98.19331,19.33479],[-98.1931,19.33486]]]}},{"type":"Feature","properties":{"seccion":180,"municipio":13,"distrito_local":11,"distrito_federal":1},"geometry":{"type":"Polygon","coordinates":[[[-97.91669,19.3184],[-97.91576,19.31925],[-97.91694,19.31989],[-97.91433,19.32273],[-97.91783,19.32563],[-97.91601,19.32843],[-97.91374,19.33216],[-97.90994,19.34271],[-97.89812,19.34066],[-97.89513,19.34604],[-97.89295,19.35032],[-97.89177,19.35025],[-97.88944,19.34801],[-97.88563,19.3434],[-97.88456,19.34188],[-97.88381,19.34111],[-97.87712,19.33605],[-97.87736,19.33637],[-97.87727,19.33657],[-97.87577,19.33891],[-97.87332,19.34127],[-97.86391,19.34632],[-97.86145,19.34329],[-97.8579,19.33995],[-97.85463,19.33701],[-97.85356,19.33537],[-97.85216,19.33134],[-97.85123,19.3291],[-97.85092,19.32812],[-97.84494,19.32796],[-97.83975,19.32211],[-97.84004,19.32189],[-97.83801,19.32173],[-97.83818,19.3214],[-97.8387,19.32094],[-97.84147,19.3195],[-97.85147,19.31579],[-97.85198,19.3139],[-97.85395,19.30507],[-97.86585,19.3099],[-97.87634,19.3114],[-97.87664,19.31317],[-97.88331,19.31367],[-97.88507,19.31371],[-97.88867,19.31342],[-97.89254,19.3134],[-97.89296,19.31331],[-97.89666,19.31373],[-97.89893,19.31408],[-97.89989,19.31402],[-97.90212,19.31441],[-97.90594,19.31458],[-97.90593,19.31482],[-97.90557,19.31564],[-97.90595,19.31564],[-97.9063,19.31587],[-97.90685,19.31593],[-97.90741,19.3162],[-97.90787,19.31629],[-97.90818,19.31653],[-97.90824,19.31674],[-97.90914,19.31738],[-97.91046,19.31759],[-97.91152,19.31803],[-97.91274,19.31876],[-97.91387,19.3183],[-97.91421,19.31842],[-97.91557,19.31847],[-97.91669,19.3184]]]}},{"type":"Feature","properties":{"seccion":181,"municipio":13,"distrito_local":11,"distrito_federal":1},"geometry":{"type":"Polygon","coordinates":[[[-97.91962,19.31816],[-97.91557,19.31847],[-97.91421,19.31842],[-97.91387,19.3183],[-97.91274,19.31876],[-97.91152,19.31803],[-97.91046,19.31759],[-97.90914,19.31738],[-97.90824,19.31674],[-97.90818,19.31653],[-97.90787,19.31629],[-97.90741,19.3162],[-97.90685,19.31593],[-97.9063,19.31587],[-97.90595,19.31564],[-97.90557,19.31564],[-97.90593,19.31482],[-97.90594,19.31458],[-97.90821,19.31463],[-97.91045,19.3144],[-97.9122,19.3138],[-97.91445,19.31265],[-97.91532,19.31404],[-97.92079,19.31358],[-97.92087,19.31456],[-97.92234,19.31441],[-97.92278,19.31956],[-97.91977,19.31971],[-97.91962,19.31816]]]}},{"type":"Feature","properties":{"seccion":182,"municipio":13,"distrito_local":10,"distrito_federal":1},"geometry":{"type":"Polygon","coordinates":[[[-97.93053,19.31754],[-97.93086,19.31802],[-97.93037,19.31838],[-97.92968,19.31864],[-97.93144,19.32045],[-97.93092,19.32082],[-97.93043,19.32099],[-97.92957,19.32111],[-97.9281,19.3219],[-97.92473,19.32208],[-97.92433,19.3179],[-97.92888,19.31759],[-97.92913,19.31804],[-97.93053,19.31754]]]}},{"type":"Feature","properties":{"seccion":183,"municipio":13,"distrito_local":10,"distrito_federal":1},"geometry":{"type":"Polygon","coordinates":[[[-97.94718,19.32161],[-97.94546,19.32409],[-97.94529,19.3256],[-97.94536,19.32759],[-97.94512,19.33492],[-97.94515,19.33634],[-97.93497,19.32604],[-97.93306,19.32325],[-97.93105,19.32532],[-97.93086,19.32517],[-97.92999,19.32543],[-97.92894,19.32334],[-97.92788,19.32214],[-97.92762,19.3222],[-97.92757,19.32193],[-97.9281,19.3219],[-97.92957,19.32111],[-97.93043,19.32099],[-97.93092,19.32082],[-97.93144,19.32045],[-97.92968,19.31864],[-97.93037,19.31838],[-97.93086,19.31802],[-97.93031,19.31712],[-97.93018,19.31603],[-97.93093,19.31618],[-97.93174,19.31612],[-97.93313,19.31561],[-97.93391,19.31524],[-97.93406,19.31509],[-97.93931,19.31707],[-97.94147,19.31797],[-97.94305,19.31879],[-97.94536,19.32022],[-97.94683,19.32121],[-97.94718,19.32161]]]}},{"type":"Feature","properties":{"seccion":320,"municipio":23,"distrito_local":13,"distrito_federal":2},"geometry":{"type":"Polygon","coordinates":[[[-98.33312,19.23534],[-98.32872,19.23522],[-98.32733,19.2344],[-98.32848,19.23426],[-98.32828,19.23397],[-98.3283,19.23388],[-98.32847,19.23377],[-98.32865,19.23382],[-98.32908,19.23271],[-98.32925,19.23197],[-98.32818,19.23178],[-98.33093,19.2254],[-98.33504,19.22619],[-98.33512,19.22605],[-98.33798,19.22689],[-98.33499,19.23256],[-98.33437,19.23447],[-98.33415,19.23469],[-98.33343,19.23474],[-98.33312,19.23534]]]}},{"type":"Feature","properties":{"seccion":184,"municipio":13,"distrito_local":10,"distrito_federal":1},"geometry":{"type":"Polygon","coordinates":[[[-97.96186,19.3101],[-97.96221,19.3103],[-97.96244,19.31035],[-97.96291,19.31026],[-97.96383,19.31051],[-97.96695,19.30935],[-97.96741,19.3091],[-97.96834,19.30886],[-97.97072,19.3102],[-97.97171,19.31049],[-97.97223,19.31078],[-97.97328,19.31155],[-97.97375,19.31209],[-97.9741,19.31303],[-97.97503,19.31356],[-97.9755,19.31471],[-97.9755,19.31488],[-97.97544,19.31504],[-97.97504,19.31541],[-97.97505,19.31591],[-97.97487,19.31603],[-97.97441,19.31673],[-97.97447,19.3171],[-97.97471,19.31743],[-97.97477,19.31779],[-97.97454,19.31812],[-97.97425,19.31833],[-97.97291,19.32006],[-97.9732,19.32057],[-97.97196,19.32154],[-97.9712,19.3217],[-97.97074,19.32199],[-97.96912,19.32237],[-97.96883,19.32224],[-97.9679,19.32134],[-97.96773,19.32093],[-97.96778,19.32064],[-97.96755,19.32048],[-97.96697,19.32027],[-97.96551,19.31941],[-97.96481,19.31864],[-97.96411,19.31724],[-97.96388,19.31695],[-97.963,19.31638],[-97.96231,19.31634],[-97.96173,19.31618],[-97.96127,19.3163],[-97.96057,19.31593],[-97.96016,19.3154],[-97.95906,19.31487],[-97.9576,19.3138],[-97.95708,19.31426],[-97.95686,19.31541],[-97.95646,19.31602],[-97.95537,19.31722],[-97.95375,19.31833],[-97.95236,19.31829],[-97.95219,19.31842],[-97.95202,19.31874],[-97.95196,19.31944],[-97.95145,19.32018],[-97.95058,19.32105],[-97.95012,19.32183],[-97.94931,19.32241],[-97.94812,19.32218],[-97.94718,19.32161],[-97.94683,19.32121],[-97.94536,19.32022],[-97.94305,19.31879],[-97.94147,19.31797],[-97.93931,19.31707],[-97.94001,19.31689],[-97.94024,19.31669],[-97.94143,19.31566],[-97.9421,19.31474],[-97.94122,19.31402],[-97.94102,19.3138],[-97.94099,19.31363],[-97.93994,19.31458],[-97.93867,19.31324],[-97.93769,19.31277],[-97.93701,19.31221],[-97.93955,19.3104],[-97.93993,19.3102],[-97.94143,19.30971],[-97.94185,19.3093],[-97.94191,19.30901],[-97.94272,19.30841],[-97.94178,19.30674],[-97.94313,19.30632],[-97.94379,19.30739],[-97.94412,19.30709],[-97.9453,19.30843],[-97.94603,19.30728],[-97.94731,19.30611],[-97.94793,19.30538],[-97.94871,19.30603],[-97.94857,19.30619],[-97.94997,19.30727],[-97.95209,19.30496],[-97.95247,19.30508],[-97.95706,19.30757],[-97.96111,19.3099],[-97.96186,19.3101]]]}},{"type":"Feature","properties":{"seccion":185,"municipio":13,"distrito_local":10,"distrito_federal":1},"geometry":{"type":"Polygon","coordinates":[[[-97.93406,19.31509],[-97.93391,19.31524],[-97.93313,19.31561],[-97.93174,19.31612],[-97.93093,19.31618],[-97.93018,19.31603],[-97.93031,19.31712],[-97.93053,19.31754],[-97.92913,19.31804],[-97.92888,19.31759],[-97.92738,19.31769],[-97.9272,19.31471],[-97.92562,19.31477],[-97.92553,19.31338],[-97.93056,19.31319],[-97.93202,19.31421],[-97.93406,19.31509]]]}},{"type":"Feature","properties":{"seccion":186,"municipio":13,"distrito_local":10,"distrito_federal":1},"geometry":{"type":"Polygon","coordinates":[[[-97.92263,19.31799],[-97.92229,19.31375],[-97.92327,19.31356],[-97.92337,19.31346],[-97.92553,19.31338],[-97.92562,19.31477],[-97.9272,19.31471],[-97.92738,19.31769],[-97.92263,19.31799]]]}},{"type":"Feature","properties":{"seccion":187,"municipio":13,"distrito_local":11,"distrito_federal":1},"geometry":{"type":"Polygon","coordinates":[[[-97.92234,19.31441],[-97.92087,19.31456],[-97.92079,19.31358],[-97.91532,19.31404],[-97.91445,19.31265],[-97.91738,19.31108],[-97.91887,19.31107],[-97.91875,19.31013],[-97.92071,19.30883],[-97.92184,19.30794],[-97.92234,19.31441]]]}},{"type":"Feature","properties":{"seccion":188,"municipio":13,"distrito_local":11,"distrito_federal":1},"geometry":{"type":"Polygon","coordinates":[[[-97.92184,19.30794],[-97.92071,19.30883],[-97.91875,19.31013],[-97.91887,19.31107],[-97.91738,19.31108],[-97.9122,19.3138],[-97.91045,19.3144],[-97.90821,19.31463],[-97.90339,19.31451],[-97.90134,19.31431],[-97.89989,19.31402],[-97.89893,19.31408],[-97.89666,19.31373],[-97.89296,19.31331],[-97.89254,19.3134],[-97.88867,19.31342],[-97.88507,19.31371],[-97.88331,19.31367],[-97.87664,19.31317],[-97.87634,19.3114],[-97.87678,19.29764],[-97.87805,19.29777],[-97.88025,19.2976],[-97.88609,19.29574],[-97.89714,19.29258],[-97.89734,19.29246],[-97.90391,19.29781],[-97.90514,19.29902],[-97.90618,19.30016],[-97.90771,19.30217],[-97.91056,19.30665],[-97.90976,19.30697],[-97.91081,19.30722],[-97.91158,19.3071],[-97.91331,19.30699],[-97.91356,19.30689],[-97.9137,19.30668],[-97.91465,19.30719],[-97.91529,19.30732],[-97.91619,19.30719],[-97.9173,19.30685],[-97.91829,19.30634],[-97.91845,19.30785],[-97.92027,19.30783],[-97.92016,19.30628],[-97.92169,19.30618],[-97.92184,19.30794]]]}},{"type":"Feature","properties":{"seccion":194,"municipio":13,"distrito_local":10,"distrito_federal":1},"geometry":{"type":"Polygon","coordinates":[[[-97.94345,19.30176],[-97.943,19.30211],[-97.94234,19.30298],[-97.94113,19.30388],[-97.94091,19.30386],[-97.93976,19.30425],[-97.93875,19.30435],[-97.93759,19.30426],[-97.93619,19.30457],[-97.93528,19.30498],[-97.93535,19.30568],[-97.9339,19.30682],[-97.93286,19.30779],[-97.93176,19.30843],[-97.93145,19.30851],[-97.93065,19.30851],[-97.93011,19.30882],[-97.92939,19.30792],[-97.92827,19.30904],[-97.92685,19.30913],[-97.92672,19.30761],[-97.92506,19.30764],[-97.92505,19.30757],[-97.92334,19.30769],[-97.92331,19.30726],[-97.92492,19.30657],[-97.92492,19.30645],[-97.92402,19.30624],[-97.92405,19.30605],[-97.92274,19.30611],[-97.92289,19.30454],[-97.92284,19.30425],[-97.92218,19.30464],[-97.92164,19.30514],[-97.92136,19.30081],[-97.92114,19.29898],[-97.92083,19.29758],[-97.92393,19.29706],[-97.9246,19.29633],[-97.92841,19.29501],[-97.93026,19.29476],[-97.93147,19.29435],[-97.93326,19.29344],[-97.93523,19.29299],[-97.93702,19.29216],[-97.93823,19.29183],[-97.93841,19.29269],[-97.93882,19.29277],[-97.93917,19.29314],[-97.93882,19.29363],[-97.93871,19.29405],[-97.939,19.29466],[-97.9397,19.29478],[-97.9401,19.2947],[-97.94057,19.29486],[-97.94017,19.29573],[-97.94017,19.2963],[-97.94139,19.29683],[-97.94214,19.29691],[-97.94244,19.29712],[-97.94226,19.29745],[-97.94244,19.29773],[-97.94296,19.29798],[-97.94406,19.29814],[-97.94464,19.29858],[-97.94394,19.30016],[-97.94345,19.30176]]]}},{"type":"Feature","properties":{"seccion":195,"municipio":13,"distrito_local":10,"distrito_federal":1},"geometry":{"type":"Polygon","coordinates":[[[-97.91056,19.30665],[-97.90771,19.30217],[-97.90618,19.30016],[-97.90514,19.29902],[-97.90391,19.29781],[-97.90113,19.29551],[-97.90222,19.29509],[-97.904,19.29492],[-97.90512,19.29501],[-97.90646,19.29531],[-97.90839,19.29599],[-97.91015,19.29629],[-97.91062,19.29621],[-97.91216,19.29565],[-97.91314,19.29554],[-97.91394,19.29567],[-97.91767,19.29478],[-97.9192,19.29464],[-97.92018,19.29464],[-97.92114,19.29898],[-97.92146,19.30191],[-97.92169,19.30618],[-97.92016,19.30628],[-97.92027,19.30783],[-97.91845,19.30785],[-97.91829,19.30634],[-97.9173,19.30685],[-97.91619,19.30719],[-97.91529,19.30732],[-97.91465,19.30719],[-97.9137,19.30668],[-97.91356,19.30689],[-97.91331,19.30699],[-97.91158,19.3071],[-97.91081,19.30722],[-97.90976,19.30697],[-97.91056,19.30665]]]}},{"type":"Feature","properties":{"seccion":196,"municipio":13,"distrito_local":10,"distrito_federal":1},"geometry":{"type":"Polygon","coordinates":[[[-97.93482,19.42511],[-97.93518,19.42022],[-97.9336,19.41775],[-97.93856,19.41426],[-97.93833,19.41384],[-97.93833,19.41364],[-97.93797,19.41274],[-97.93704,19.4111],[-97.93662,19.40999],[-97.93656,19.40954],[-97.93609,19.40847],[-97.93451,19.40543],[-97.93462,19.40498],[-97.9345,19.4042],[-97.93461,19.40379],[-97.93467,19.40309],[-97.93489,19.40231],[-97.93489,19.4019],[-97.93506,19.40128],[-97.935,19.40087],[-97.93529,19.40024],[-97.93551,19.39919],[-97.93608,19.39832],[-97.93648,19.39738],[-97.93729,19.39619],[-97.93809,19.39458],[-97.93838,19.3943],[-97.93849,19.39376],[-97.93825,19.39343],[-97.93854,19.39273],[-97.94028,19.39253],[-97.94352,19.39248],[-97.94456,19.39235],[-97.94694,19.39227],[-97.94798,19.39198],[-97.94855,19.39144],[-97.94855,19.39029],[-97.94788,19.38652],[-97.94777,19.38619],[-97.94799,19.38549],[-97.94874,19.3843],[-97.9492,19.38327],[-97.94931,19.38245],[-97.94912,19.38109],[-97.95162,19.38187],[-97.95307,19.38252],[-97.95441,19.38301],[-97.95801,19.38407],[-97.96138,19.38538],[-97.96382,19.38665],[-97.96446,19.38763],[-97.96488,19.38878],[-97.96541,19.39067],[-97.96647,19.39285],[-97.96793,19.39518],[-97.96869,19.39608],[-97.96992,19.39834],[-97.97022,19.39928],[-97.97034,19.40011],[-97.97034,19.40105],[-97.96848,19.40763],[-97.96854,19.40828],[-97.96948,19.41079],[-97.9696,19.41153],[-97.96961,19.41231],[-97.96791,19.41345],[-97.96799,19.41392],[-97.96845,19.41463],[-97.96896,19.4158],[-97.96907,19.41638],[-97.96647,19.41835],[-97.96606,19.41855],[-97.95836,19.41803],[-97.95788,19.41919],[-97.95734,19.42021],[-97.95698,19.42046],[-97.95646,19.42062],[-97.95622,19.42078],[-97.95587,19.42124],[-97.95504,19.42135],[-97.95376,19.4213],[-97.95341,19.42163],[-97.95311,19.42175],[-97.95264,19.42233],[-97.95146,19.42285],[-97.95111,19.4229],[-97.94935,19.424],[-97.94805,19.42461],[-97.9473,19.4239],[-97.94684,19.4239],[-97.94602,19.42372],[-97.94503,19.42388],[-97.94321,19.42432],[-97.94164,19.42385],[-97.93924,19.42375],[-97.93482,19.42511]]]}},{"type":"Feature","properties":{"seccion":455,"municipio":33,"distrito_local":7,"distrito_federal":2},"geometry":{"type":"Polygon","coordinates":[[[-98.21873,19.31045],[-98.2184,19.31107],[-98.21861,19.31108],[-98.21855,19.31316],[-98.21852,19.31333],[-98.21844,19.31333],[-98.21841,19.31358],[-98.21894,19.31361],[-98.21888,19.31387],[-98.21988,19.31423],[-98.21966,19.31491],[-98.21949,19.31485],[-98.21916,19.31573],[-98.21892,19.3157],[-98.21891,19.31543],[-98.2192,19.31473],[-98.21867,19.31451],[-98.21848,19.31492],[-98.21761,19.31482],[-98.21805,19.31106],[-98.21873,19.31045]]]}},{"type":"Feature","properties":{"seccion":197,"municipio":13,"distrito_local":11,"distrito_federal":1},"geometry":{"type":"Polygon","coordinates":[[[-97.87752,19.45459],[-97.87723,19.44775],[-97.87833,19.4468],[-97.88005,19.4447],[-97.88057,19.44359],[-97.88102,19.44166],[-97.88078,19.44084],[-97.8806,19.43953],[-97.88031,19.43912],[-97.87989,19.43678],[-97.87924,19.43538],[-97.87877,19.43399],[-97.87864,19.43165],[-97.87875,19.4307],[-97.87828,19.42902],[-97.87803,19.42738],[-97.87786,19.42693],[-97.87791,19.4259],[-97.87772,19.42422],[-97.87761,19.4236],[-97.87702,19.42253],[-97.87666,19.42073],[-97.87706,19.41962],[-97.87694,19.41908],[-97.87699,19.4181],[-97.87664,19.41715],[-97.87651,19.41547],[-97.87662,19.41411],[-97.87638,19.41239],[-97.87538,19.41005],[-97.87444,19.40894],[-97.87519,19.40705],[-97.87555,19.40525],[-97.87628,19.40545],[-97.87709,19.40549],[-97.87773,19.40573],[-97.87848,19.40619],[-97.8793,19.40766],[-97.87989,19.40922],[-97.88036,19.40976],[-97.88135,19.41025],[-97.88286,19.41053],[-97.88402,19.41098],[-97.88622,19.41106],[-97.88761,19.41081],[-97.88807,19.41081],[-97.88981,19.4111],[-97.88982,19.41188],[-97.89086,19.41237],[-97.89168,19.41331],[-97.89297,19.41528],[-97.89384,19.4161],[-97.89518,19.41762],[-97.89595,19.41897],[-97.89612,19.41959],[-97.89561,19.42156],[-97.89533,19.42226],[-97.89505,19.42427],[-97.895,19.42616],[-97.89438,19.42858],[-97.89422,19.42969],[-97.89418,19.43326],[-97.89297,19.43487],[-97.8924,19.4359],[-97.89194,19.43721],[-97.89154,19.43771],[-97.8901,19.43898],[-97.88935,19.43935],[-97.88877,19.43976],[-97.88756,19.44128],[-97.88728,19.44182],[-97.88717,19.44284],[-97.887,19.44321],[-97.88665,19.44358],[-97.88579,19.44412],[-97.88573,19.44506],[-97.88493,19.44572],[-97.88378,19.44782],[-97.88303,19.44835],[-97.88246,19.4493],[-97.88165,19.45004],[-97.88136,19.45074],[-97.88125,19.45127],[-97.88079,19.4523],[-97.87976,19.45345],[-97.87959,19.45374],[-97.87752,19.45459]]]}},{"type":"Feature","properties":{"seccion":199,"municipio":13,"distrito_local":10,"distrito_federal":1},"geometry":{"type":"Polygon","coordinates":[[[-97.9121,19.398],[-97.91278,19.39694],[-97.91284,19.39642],[-97.91336,19.39437],[-97.91363,19.39382],[-97.91373,19.39323],[-97.91371,19.39288],[-97.91384,19.39236],[-97.91366,19.39193],[-97.91378,19.39162],[-97.91886,19.38773],[-97.92031,19.3865],[-97.92202,19.38486],[-97.92259,19.38394],[-97.92326,19.3824],[-97.9235,19.3811],[-97.92349,19.37989],[-97.92304,19.37837],[-97.92203,19.37616],[-97.92107,19.3745],[-97.91984,19.37303],[-97.91537,19.36825],[-97.91438,19.36677],[-97.96157,19.3793],[-97.96115,19.38148],[-97.9606,19.3821],[-97.95801,19.38407],[-97.95441,19.38301],[-97.95307,19.38252],[-97.95162,19.38187],[-97.94912,19.38109],[-97.94931,19.38245],[-97.9492,19.38327],[-97.94874,19.3843],[-97.94799,19.38549],[-97.94777,19.38619],[-97.94788,19.38652],[-97.94855,19.39029],[-97.94855,19.39144],[-97.94798,19.39198],[-97.94694,19.39227],[-97.94456,19.39235],[-97.94352,19.39248],[-97.94028,19.39253],[-97.93854,19.39273],[-97.93825,19.39343],[-97.93849,19.39376],[-97.93838,19.3943],[-97.93809,19.39458],[-97.93729,19.39619],[-97.93648,19.39738],[-97.93608,19.39832],[-97.93551,19.39919],[-97.93529,19.40024],[-97.935,19.40087],[-97.93309,19.40084],[-97.93256,19.40059],[-97.93227,19.40035],[-97.93163,19.39948],[-97.9311,19.39838],[-97.93075,19.39797],[-97.93058,19.39788],[-97.93028,19.39751],[-97.92906,19.39661],[-97.92854,19.39633],[-97.92633,19.39539],[-97.92587,19.39531],[-97.925,19.39531],[-97.92147,19.39352],[-97.91926,19.39273],[-97.91781,19.39253],[-97.9149,19.39665],[-97.91451,19.3973],[-97.91366,19.398],[-97.9132,19.3982],[-97.91256,19.39816],[-97.9121,19.398]]]}},{"type":"Feature","properties":{"seccion":200,"municipio":13,"distrito_local":10,"distrito_federal":1},"geometry":{"type":"Polygon","coordinates":[[[-97.97053,19.41401],[-97.96791,19.41345],[-97.96961,19.41231],[-97.9696,19.41153],[-97.96948,19.41079],[-97.96854,19.40828],[-97.96848,19.40763],[-97.97034,19.40105],[-97.97034,19.40011],[-97.97022,19.39928],[-97.96992,19.39834],[-97.96869,19.39608],[-97.96793,19.39518],[-97.96647,19.39285],[-97.96541,19.39067],[-97.96488,19.38878],[-97.96446,19.38763],[-97.96382,19.38665],[-97.96138,19.38538],[-97.95801,19.38407],[-97.9606,19.3821],[-97.96134,19.38128],[-97.96545,19.37958],[-97.96776,19.37913],[-97.96939,19.37904],[-97.97205,19.37908],[-97.97466,19.37891],[-97.97727,19.37911],[-97.979,19.37914],[-97.98207,19.37869],[-97.98294,19.37868],[-97.9845,19.3788],[-97.98514,19.37905],[-97.98892,19.37986],[-97.98961,19.37982],[-97.99048,19.37994],[-97.99263,19.37987],[-97.99366,19.38182],[-97.99423,19.3827],[-97.99446,19.38336],[-97.99468,19.38465],[-97.99472,19.38568],[-97.99489,19.38668],[-97.99517,19.38735],[-97.99549,19.39004],[-97.99465,19.39206],[-97.99469,19.39343],[-97.9945,19.39455],[-97.99389,19.39666],[-97.99328,19.39764],[-97.98755,19.41385],[-97.97053,19.41401]]]}},{"type":"Feature","properties":{"seccion":198,"municipio":13,"distrito_local":11,"distrito_federal":1},"geometry":{"type":"Polygon","coordinates":[[[-97.87944,19.45574],[-97.87757,19.45523],[-97.87752,19.45459],[-97.87959,19.45374],[-97.87976,19.45345],[-97.88079,19.4523],[-97.88125,19.45127],[-97.88136,19.45074],[-97.88165,19.45004],[-97.88246,19.4493],[-97.88303,19.44835],[-97.88378,19.44782],[-97.88493,19.44572],[-97.88573,19.44506],[-97.88579,19.44412],[-97.88665,19.44358],[-97.887,19.44321],[-97.88717,19.44284],[-97.88728,19.44182],[-97.88756,19.44128],[-97.88877,19.43976],[-97.88935,19.43935],[-97.8901,19.43898],[-97.89154,19.43771],[-97.89194,19.43721],[-97.8924,19.4359],[-97.89297,19.43487],[-97.89418,19.43326],[-97.89422,19.42969],[-97.89438,19.42858],[-97.895,19.42616],[-97.89505,19.42427],[-97.89533,19.42226],[-97.89561,19.42156],[-97.89612,19.41959],[-97.89595,19.41897],[-97.89518,19.41762],[-97.89384,19.4161],[-97.89297,19.41528],[-97.89168,19.41331],[-97.89086,19.41237],[-97.88982,19.41188],[-97.88981,19.4111],[-97.88807,19.41081],[-97.88761,19.41081],[-97.88622,19.41106],[-97.88402,19.41098],[-97.88286,19.41053],[-97.88135,19.41025],[-97.88065,19.40992],[-97.88036,19.40976],[-97.87989,19.40922],[-97.8793,19.40766],[-97.87848,19.40619],[-97.87773,19.40573],[-97.87709,19.40549],[-97.87628,19.40545],[-97.87555,19.40525],[-97.87564,19.40467],[-97.87563,19.40389],[-97.8758,19.40356],[-97.88888,19.40054],[-97.89171,19.39972],[-97.8938,19.39938],[-97.90266,19.39937],[-97.90544,19.39953],[-97.90626,19.39965],[-97.90828,19.39911],[-97.91181,19.39796],[-97.91256,19.39816],[-97.9132,19.3982],[-97.91366,19.398],[-97.91451,19.3973],[-97.9149,19.39665],[-97.91781,19.39253],[-97.91926,19.39273],[-97.92147,19.39352],[-97.925,19.39531],[-97.92587,19.39531],[-97.92633,19.39539],[-97.92854,19.39633],[-97.92906,19.39661],[-97.93028,19.39751],[-97.93058,19.39788],[-97.93075,19.39797],[-97.9311,19.39838],[-97.93163,19.39948],[-97.93227,19.40035],[-97.93256,19.40059],[-97.93309,19.40084],[-97.935,19.40087],[-97.93506,19.40128],[-97.93489,19.4019],[-97.93489,19.40231],[-97.93467,19.40309],[-97.93461,19.40379],[-97.9345,19.4042],[-97.93462,19.40498],[-97.93451,19.40543],[-97.93609,19.40847],[-97.93656,19.40954],[-97.93662,19.40999],[-97.93704,19.4111],[-97.93797,19.41274],[-97.93833,19.41364],[-97.93833,19.41384],[-97.93856,19.41426],[-97.9336,19.41775],[-97.93518,19.42022],[-97.93482,19.42511],[-97.93051,19.4264],[-97.93034,19.42591],[-97.93012,19.42474],[-97.92926,19.42333],[-97.92868,19.42295],[-97.92694,19.42244],[-97.92577,19.4223],[-97.92249,19.42256],[-97.9208,19.42255],[-97.91952,19.42241],[-97.91971,19.42088],[-97.91944,19.41939],[-97.91881,19.41855],[-97.91807,19.41672],[-97.9172,19.41647],[-97.91575,19.4155],[-97.91459,19.41458],[-97.91296,19.41419],[-97.91225,19.41497],[-97.91189,19.41592],[-97.91147,19.41662],[-97.91074,19.4189],[-97.91031,19.42084],[-97.9097,19.42237],[-97.90958,19.42291],[-97.90904,19.4239],[-97.90792,19.42488],[-97.90704,19.42504],[-97.90692,19.42549],[-97.90663,19.42574],[-97.90626,19.42685],[-97.90585,19.42735],[-97.90573,19.42764],[-97.90583,19.42822],[-97.90618,19.4283],[-97.90659,19.42856],[-97.90728,19.42935],[-97.90836,19.43193],[-97.90916,19.4331],[-97.91019,19.43509],[-97.91012,19.43563],[-97.91015,19.43824],[-97.91038,19.43891],[-97.91036,19.43998],[-97.90994,19.44077],[-97.90971,19.44093],[-97.90824,19.44146],[-97.90678,19.44161],[-97.90625,19.44148],[-97.90446,19.44039],[-97.90429,19.4401],[-97.904,19.4391],[-97.90337,19.43835],[-97.90221,19.43763],[-97.90181,19.43717],[-97.9014,19.437],[-97.90094,19.43704],[-97.90006,19.43654],[-97.89965,19.43711],[-97.8988,19.43914],[-97.89767,19.4414],[-97.89696,19.44231],[-97.89677,19.44338],[-97.89622,19.44508],[-97.89438,19.44697],[-97.89332,19.44787],[-97.89285,19.44816],[-97.89044,19.44909],[-97.88945,19.44937],[-97.88857,19.44924],[-97.8881,19.44944],[-97.88644,19.45141],[-97.88438,19.45297],[-97.88413,19.45376],[-97.88325,19.45404],[-97.88243,19.45453],[-97.88067,19.45526],[-97.87979,19.4557],[-97.87944,19.45574]]]}},{"type":"Feature","properties":{"seccion":417,"municipio":31,"distrito_local":3,"distrito_federal":1},"geometry":{"type":"Polygon","coordinates":[[[-98.01971,19.5455],[-98.01601,19.54352],[-98.0153,19.54438],[-98.01449,19.54392],[-98.01338,19.54379],[-98.01257,19.54349],[-98.00847,19.54031],[-98.00679,19.53925],[-98.00575,19.53933],[-98.0044,19.54002],[-98.01013,19.53548],[-98.02266,19.52223],[-98.01842,19.51954],[-98.01784,19.51887],[-98.01826,19.51768],[-98.01914,19.51702],[-98.01991,19.51587],[-98.02131,19.51555],[-98.02243,19.51453],[-98.03142,19.51309],[-98.04187,19.50349],[-98.05043,19.50565],[-98.04871,19.50878],[-98.04812,19.51056],[-98.04811,19.51168],[-98.04793,19.51275],[-98.04757,19.51382],[-98.04686,19.5146],[-98.04627,19.51563],[-98.04562,19.51703],[-98.0449,19.51897],[-98.04436,19.52087],[-98.04383,19.52223],[-98.04347,19.52368],[-98.04186,19.52789],[-98.03736,19.52917],[-98.03689,19.52983],[-98.03623,19.53123],[-98.03617,19.53235],[-98.03593,19.53305],[-98.03511,19.53349],[-98.03435,19.53407],[-98.03399,19.53477],[-98.03235,19.53487],[-98.03125,19.53474],[-98.02863,19.53422],[-98.0267,19.53416],[-98.0255,19.53365],[-98.02525,19.53343],[-98.02502,19.53306],[-98.02394,19.53215],[-98.02353,19.53238],[-98.02292,19.53304],[-98.02262,19.53412],[-98.02179,19.53531],[-98.02202,19.53635],[-98.02439,19.5384],[-98.02509,19.53944],[-98.02537,19.54077],[-98.02217,19.54473],[-98.02129,19.54518],[-98.02041,19.54542],[-98.01971,19.5455]]]}},{"type":"Feature","properties":{"seccion":201,"municipio":13,"distrito_local":11,"distrito_federal":1},"geometry":{"type":"Polygon","coordinates":[[[-97.90994,19.34271],[-97.90951,19.34387],[-97.90964,19.34551],[-97.90996,19.34616],[-97.91009,19.34672],[-97.91127,19.34781],[-97.91648,19.35235],[-97.91651,19.35177],[-97.91884,19.35241],[-97.92124,19.35288],[-97.91999,19.35537],[-97.91921,19.35653],[-97.91529,19.36167],[-97.91487,19.36175],[-97.91276,19.36175],[-97.91299,19.36247],[-97.91322,19.36288],[-97.91353,19.36422],[-97.91406,19.36596],[-97.91438,19.36677],[-97.91474,19.36735],[-97.91537,19.36825],[-97.91984,19.37303],[-97.92107,19.3745],[-97.92167,19.37546],[-97.92274,19.3776],[-97.92331,19.37915],[-97.92349,19.37989],[-97.92352,19.3805],[-97.9235,19.3811],[-97.92326,19.3824],[-97.92259,19.38394],[-97.92202,19.38486],[-97.92031,19.3865],[-97.91886,19.38773],[-97.91378,19.39162],[-97.91366,19.39193],[-97.91384,19.39236],[-97.91371,19.39288],[-97.91373,19.39323],[-97.91363,19.39382],[-97.91336,19.39437],[-97.91284,19.39642],[-97.91278,19.39694],[-97.9121,19.398],[-97.91181,19.39796],[-97.91076,19.39825],[-97.90828,19.39911],[-97.90626,19.39965],[-97.90544,19.39953],[-97.90266,19.39937],[-97.8938,19.39938],[-97.89171,19.39972],[-97.88888,19.40054],[-97.8758,19.40356],[-97.87586,19.40282],[-97.87556,19.40175],[-97.87562,19.40151],[-97.87538,19.40093],[-97.87532,19.40052],[-97.87509,19.40007],[-97.87514,19.39982],[-97.87503,19.39966],[-97.87502,19.39892],[-97.87479,19.39822],[-97.87484,19.3972],[-97.87466,19.39674],[-97.87448,19.39564],[-97.87459,19.39502],[-97.87453,19.39453],[-97.87476,19.39379],[-97.87561,19.39177],[-97.87567,19.39112],[-97.87596,19.39054],[-97.87642,19.39001],[-97.87664,19.3891],[-97.87669,19.38771],[-97.87866,19.38721],[-97.87895,19.38721],[-97.87959,19.3875],[-97.88005,19.38758],[-97.8804,19.38754],[-97.88126,19.38663],[-97.88236,19.38602],[-97.88311,19.38577],[-97.88392,19.38531],[-97.8849,19.38416],[-97.88605,19.38318],[-97.8879,19.38215],[-97.8883,19.38206],[-97.88894,19.38177],[-97.88916,19.38112],[-97.88916,19.37976],[-97.8888,19.37869],[-97.88798,19.37689],[-97.88774,19.37566],[-97.88768,19.37566],[-97.88785,19.37504],[-97.88785,19.37459],[-97.88796,19.3741],[-97.88761,19.37356],[-97.8879,19.37282],[-97.88778,19.37213],[-97.8869,19.37077],[-97.8866,19.36987],[-97.88631,19.36933],[-97.88619,19.36892],[-97.88619,19.36802],[-97.8867,19.36695],[-97.88768,19.36568],[-97.88779,19.36539],[-97.88837,19.36473],[-97.88894,19.36375],[-97.89038,19.36198],[-97.89089,19.36091],[-97.88633,19.35397],[-97.88985,19.34842],[-97.89177,19.35025],[-97.89295,19.35032],[-97.89513,19.34604],[-97.89812,19.34066],[-97.90994,19.34271]]]}},{"type":"Feature","properties":{"seccion":206,"municipio":13,"distrito_local":10,"distrito_federal":1},"geometry":{"type":"Polygon","coordinates":[[[-97.96115,19.38148],[-97.96157,19.3793],[-97.94784,19.37566],[-97.95565,19.36967],[-97.96967,19.37079],[-97.97025,19.36997],[-97.97122,19.3689],[-97.97347,19.36684],[-97.97629,19.36441],[-97.97658,19.36404],[-97.97894,19.36223],[-97.98043,19.3615],[-97.98176,19.3604],[-97.98525,19.35513],[-97.98597,19.35363],[-97.98821,19.34979],[-97.98974,19.34791],[-97.99111,19.34462],[-97.99191,19.34334],[-97.99225,19.34256],[-97.99283,19.34166],[-97.99543,19.34239],[-97.99504,19.34416],[-97.99453,19.34474],[-97.99441,19.34502],[-97.99396,19.3463],[-97.99374,19.34765],[-97.99351,19.34819],[-97.99305,19.34913],[-97.99127,19.35115],[-97.99114,19.3515],[-97.99317,19.35287],[-97.99854,19.35614],[-98.01558,19.36555],[-98.01527,19.36696],[-98.01479,19.36779],[-98.01426,19.36786],[-98.01379,19.36811],[-98.01332,19.3686],[-98.01253,19.36967],[-98.00723,19.38044],[-98.00623,19.38056],[-98.00069,19.38022],[-97.99526,19.38014],[-97.99263,19.37987],[-97.99048,19.37994],[-97.98961,19.37982],[-97.98892,19.37986],[-97.98514,19.37905],[-97.9845,19.3788],[-97.98207,19.37869],[-97.979,19.37914],[-97.97727,19.37911],[-97.97466,19.37891],[-97.97205,19.37908],[-97.96939,19.37904],[-97.96776,19.37913],[-97.96545,19.37958],[-97.96134,19.38128],[-97.96115,19.38148]]]}},{"type":"Feature","properties":{"seccion":202,"municipio":13,"distrito_local":11,"distrito_federal":1},"geometry":{"type":"Polygon","coordinates":[[[-97.86006,19.34196],[-97.86145,19.34329],[-97.86391,19.34632],[-97.87332,19.34127],[-97.87577,19.33891],[-97.87727,19.33657],[-97.87736,19.33637],[-97.87712,19.33605],[-97.88381,19.34111],[-97.88456,19.34188],[-97.88563,19.3434],[-97.88822,19.3466],[-97.88985,19.34842],[-97.88633,19.35397],[-97.89089,19.36091],[-97.89038,19.36198],[-97.88894,19.36375],[-97.88837,19.36473],[-97.88779,19.36539],[-97.88768,19.36568],[-97.8867,19.36695],[-97.88619,19.36802],[-97.88619,19.36892],[-97.88631,19.36933],[-97.8866,19.36987],[-97.8869,19.37077],[-97.88778,19.37213],[-97.8879,19.37282],[-97.88761,19.37356],[-97.88796,19.3741],[-97.88785,19.37459],[-97.88785,19.37504],[-97.88768,19.37566],[-97.88774,19.37566],[-97.88798,19.37689],[-97.8888,19.37869],[-97.88916,19.37976],[-97.88916,19.38112],[-97.88894,19.38177],[-97.8883,19.38206],[-97.8879,19.38215],[-97.88605,19.38318],[-97.8849,19.38416],[-97.88392,19.38531],[-97.88311,19.38577],[-97.88236,19.38602],[-97.88126,19.38663],[-97.8804,19.38754],[-97.88005,19.38758],[-97.87959,19.3875],[-97.87895,19.38721],[-97.87866,19.38721],[-97.87669,19.38771],[-97.87663,19.38738],[-97.87634,19.38697],[-97.87634,19.38685],[-97.87587,19.38635],[-97.87523,19.38619],[-97.875,19.38599],[-97.87418,19.385],[-97.87366,19.38418],[-97.87144,19.38221],[-97.87121,19.38188],[-97.87104,19.38201],[-97.87068,19.38135],[-97.87068,19.38119],[-97.86987,19.38069],[-97.86964,19.38012],[-97.86957,19.37975],[-97.8694,19.37946],[-97.86864,19.37881],[-97.86847,19.37881],[-97.86771,19.3784],[-97.86701,19.3775],[-97.86666,19.37672],[-97.86654,19.37536],[-97.86688,19.37446],[-97.86791,19.37302],[-97.86536,19.3729],[-97.86159,19.37147],[-97.86107,19.37143],[-97.86078,19.37171],[-97.86061,19.37225],[-97.86043,19.37233],[-97.85985,19.37167],[-97.85846,19.3718],[-97.85662,19.37279],[-97.8566,19.37032],[-97.85677,19.3693],[-97.85699,19.36852],[-97.85774,19.36687],[-97.85836,19.36482],[-97.8583,19.36379],[-97.85881,19.36145],[-97.85846,19.36108],[-97.85765,19.36129],[-97.85701,19.36203],[-97.85644,19.36293],[-97.85541,19.36491],[-97.85245,19.36421],[-97.85262,19.36298],[-97.85197,19.36216],[-97.85081,19.36109],[-97.85046,19.3599],[-97.85039,19.3592],[-97.85022,19.35867],[-97.84963,19.35806],[-97.85396,19.35567],[-97.85084,19.35547],[-97.85222,19.34425],[-97.86006,19.34196]]]}},{"type":"Feature","properties":{"seccion":203,"municipio":13,"distrito_local":11,"distrito_federal":1},"geometry":{"type":"Polygon","coordinates":[[[-97.84671,19.3636],[-97.83929,19.36292],[-97.8211,19.36175],[-97.82349,19.35509],[-97.82346,19.35471],[-97.82358,19.35458],[-97.82878,19.35481],[-97.82908,19.35389],[-97.83001,19.35391],[-97.83042,19.35256],[-97.84015,19.35383],[-97.85084,19.35547],[-97.85396,19.35567],[-97.84963,19.35806],[-97.8494,19.35826],[-97.849,19.35896],[-97.84843,19.36044],[-97.8478,19.3613],[-97.84694,19.36327],[-97.84671,19.3636]]]}},{"type":"Feature","properties":{"seccion":204,"municipio":13,"distrito_local":11,"distrito_federal":1},"geometry":{"type":"Polygon","coordinates":[[[-97.86006,19.34196],[-97.85222,19.34425],[-97.85084,19.35547],[-97.84015,19.35383],[-97.83042,19.35256],[-97.83001,19.35391],[-97.82908,19.35389],[-97.82878,19.35481],[-97.82358,19.35458],[-97.82346,19.35471],[-97.82015,19.3556],[-97.81975,19.35543],[-97.82055,19.35332],[-97.81559,19.35135],[-97.81518,19.35079],[-97.81488,19.35065],[-97.81492,19.35035],[-97.81275,19.34919],[-97.80926,19.34751],[-97.80821,19.3468],[-97.82112,19.33468],[-97.83225,19.3267],[-97.83456,19.3258],[-97.83704,19.32452],[-97.83825,19.32357],[-97.83975,19.32211],[-97.84494,19.32796],[-97.85092,19.32812],[-97.85123,19.3291],[-97.85216,19.33134],[-97.85356,19.33537],[-97.85429,19.33654],[-97.85463,19.33701],[-97.86006,19.34196]]]}},{"type":"Feature","properties":{"seccion":205,"municipio":13,"distrito_local":10,"distrito_federal":1},"geometry":{"type":"Polygon","coordinates":[[[-97.91438,19.36677],[-97.91353,19.36422],[-97.91322,19.36288],[-97.91299,19.36247],[-97.91276,19.36175],[-97.91487,19.36175],[-97.91529,19.36167],[-97.91921,19.35653],[-97.91999,19.35537],[-97.92124,19.35288],[-97.92241,19.35289],[-97.92235,19.35194],[-97.92507,19.34795],[-97.92728,19.34607],[-97.93227,19.34104],[-97.93357,19.34003],[-97.93424,19.33983],[-97.93488,19.33948],[-97.93527,19.33811],[-97.93754,19.3358],[-97.94407,19.34029],[-97.94781,19.34377],[-97.95199,19.34625],[-97.96893,19.35509],[-97.97439,19.35742],[-97.97753,19.35848],[-97.98176,19.3604],[-97.98043,19.3615],[-97.97894,19.36223],[-97.97658,19.36404],[-97.97629,19.36441],[-97.97347,19.36684],[-97.97122,19.3689],[-97.97025,19.36997],[-97.96967,19.37079],[-97.95565,19.36967],[-97.94784,19.37566],[-97.91438,19.36677]]]}},{"type":"Feature","properties":{"seccion":207,"municipio":13,"distrito_local":10,"distrito_federal":1},"geometry":{"type":"Polygon","coordinates":[[[-98.02792,19.37198],[-98.01558,19.36555],[-97.99854,19.35614],[-97.99317,19.35287],[-97.99114,19.3515],[-97.99127,19.35115],[-97.99305,19.34913],[-97.99374,19.34765],[-97.99396,19.3463],[-97.99441,19.34502],[-97.99453,19.34474],[-97.99504,19.34416],[-97.9957,19.34122],[-97.99584,19.341],[-97.99603,19.34028],[-97.99626,19.33885],[-97.99669,19.33729],[-97.99691,19.33722],[-97.99861,19.33841],[-97.99919,19.33919],[-97.99957,19.33766],[-97.99975,19.33733],[-97.99992,19.33671],[-97.99997,19.33639],[-97.99979,19.33577],[-98.002,19.33613],[-98.00333,19.33605],[-98.00576,19.33609],[-98.00663,19.33575],[-98.00795,19.33485],[-98.00911,19.33435],[-98.01095,19.33332],[-98.01148,19.33316],[-98.01177,19.33344],[-98.01223,19.33352],[-98.01293,19.33381],[-98.01414,19.33381],[-98.01524,19.33393],[-98.01617,19.3338],[-98.01692,19.3338],[-98.01797,19.33363],[-98.01848,19.33343],[-98.01906,19.33338],[-98.0197,19.33347],[-98.02184,19.33334],[-98.02237,19.33358],[-98.02422,19.33403],[-98.02625,19.33419],[-98.02735,19.33456],[-98.02817,19.33492],[-98.02997,19.33525],[-98.03078,19.33578],[-98.03154,19.33639],[-98.03415,19.33799],[-98.03382,19.33942],[-98.03388,19.33982],[-98.03419,19.34034],[-98.03419,19.34117],[-98.034,19.34171],[-98.03401,19.34221],[-98.03417,19.3426],[-98.03433,19.3445],[-98.03439,19.34472],[-98.03457,19.34489],[-98.03521,19.34509],[-98.03541,19.34528],[-98.03542,19.34549],[-98.035,19.34617],[-98.03481,19.34759],[-98.03482,19.34847],[-98.03375,19.35133],[-98.03368,19.35182],[-98.03379,19.35224],[-98.03375,19.35466],[-98.03356,19.35541],[-98.0332,19.35617],[-98.033,19.3582],[-98.0335,19.36048],[-98.03424,19.36243],[-98.0344,19.36351],[-98.03496,19.36588],[-98.0346,19.36654],[-98.03395,19.36716],[-98.0333,19.36765],[-98.03225,19.36822],[-98.03054,19.36945],[-98.02877,19.37097],[-98.02792,19.37198]]]}},{"type":"Feature","properties":{"seccion":208,"municipio":13,"distrito_local":10,"distrito_federal":1},"geometry":{"type":"Polygon","coordinates":[[[-97.98176,19.3604],[-97.97753,19.35848],[-97.97439,19.35742],[-97.96893,19.35509],[-97.95634,19.34856],[-97.95156,19.34599],[-97.95201,19.34425],[-97.95218,19.34318],[-97.95246,19.34244],[-97.95385,19.34153],[-97.95609,19.33878],[-97.95683,19.33697],[-97.95757,19.33586],[-97.95763,19.33537],[-97.95803,19.33532],[-97.95867,19.33557],[-97.95954,19.3361],[-97.96007,19.33667],[-97.96071,19.33672],[-97.96152,19.33737],[-97.96268,19.33753],[-97.96349,19.33778],[-97.96407,19.33819],[-97.96483,19.33835],[-97.96506,19.3386],[-97.96856,19.33511],[-97.96982,19.33595],[-97.97409,19.338],[-97.97625,19.34013],[-97.97689,19.34067],[-97.9791,19.34173],[-97.98849,19.34949],[-97.98821,19.34979],[-97.98597,19.35363],[-97.98525,19.35513],[-97.98176,19.3604]]]}},{"type":"Feature","properties":{"seccion":212,"municipio":13,"distrito_local":11,"distrito_federal":1},"geometry":{"type":"Polygon","coordinates":[[[-97.84147,19.3195],[-97.83753,19.31819],[-97.82581,19.31571],[-97.82622,19.31546],[-97.82674,19.31533],[-97.82789,19.31455],[-97.83008,19.31245],[-97.83077,19.31167],[-97.81141,19.30829],[-97.81347,19.3034],[-97.82228,19.30487],[-97.84044,19.30144],[-97.84026,19.30041],[-97.83991,19.29983],[-97.83944,19.29852],[-97.8392,19.2968],[-97.83999,19.29421],[-97.8401,19.29408],[-97.84068,19.29265],[-97.84079,19.29203],[-97.84078,19.2915],[-97.84067,19.29096],[-97.84072,19.28981],[-97.83978,19.28817],[-97.83972,19.28784],[-97.85975,19.28736],[-97.86096,19.28687],[-97.86206,19.28617],[-97.86304,19.2853],[-97.86355,19.2844],[-97.86503,19.28025],[-97.86589,19.27848],[-97.86865,19.27482],[-97.8698,19.2731],[-97.87088,19.27109],[-97.89714,19.29258],[-97.88609,19.29574],[-97.88025,19.2976],[-97.87805,19.29777],[-97.87678,19.29764],[-97.87634,19.3114],[-97.86585,19.3099],[-97.85395,19.30507],[-97.85198,19.3139],[-97.85147,19.31579],[-97.84147,19.3195]]]}},{"type":"Feature","properties":{"seccion":213,"municipio":13,"distrito_local":10,"distrito_federal":1},"geometry":{"type":"Polygon","coordinates":[[[-97.92083,19.29758],[-97.92018,19.29464],[-97.9192,19.29464],[-97.91767,19.29478],[-97.91394,19.29567],[-97.91314,19.29554],[-97.91216,19.29565],[-97.91062,19.29621],[-97.91015,19.29629],[-97.90839,19.29599],[-97.90646,19.29531],[-97.90512,19.29501],[-97.904,19.29492],[-97.91241,19.29296],[-97.91647,19.29224],[-97.91676,19.29212],[-97.91724,19.29175],[-97.91749,19.29288],[-97.91959,19.29244],[-97.91935,19.29147],[-97.92042,19.29126],[-97.92064,19.29224],[-97.92623,19.29113],[-97.9268,19.29127],[-97.9273,19.29119],[-97.93083,19.29028],[-97.93648,19.28929],[-97.93648,19.28974],[-97.93666,19.29023],[-97.93712,19.29035],[-97.9377,19.29015],[-97.93788,19.29043],[-97.93823,19.29183],[-97.93702,19.29216],[-97.93523,19.29299],[-97.93326,19.29344],[-97.93147,19.29435],[-97.93026,19.29476],[-97.92841,19.29501],[-97.9246,19.29633],[-97.92393,19.29706],[-97.92083,19.29758]]]}},{"type":"Feature","properties":{"seccion":209,"municipio":13,"distrito_local":10,"distrito_federal":1},"geometry":{"type":"Polygon","coordinates":[[[-97.98849,19.34949],[-97.9791,19.34173],[-97.97689,19.34067],[-97.97625,19.34013],[-97.97409,19.338],[-97.96982,19.33595],[-97.96856,19.33511],[-97.96506,19.3386],[-97.96483,19.33835],[-97.96407,19.33819],[-97.96349,19.33778],[-97.96268,19.33753],[-97.96152,19.33737],[-97.96071,19.33672],[-97.96007,19.33667],[-97.95954,19.3361],[-97.95867,19.33557],[-97.95803,19.33532],[-97.95763,19.33537],[-97.95757,19.33586],[-97.95683,19.33697],[-97.95609,19.33878],[-97.95385,19.34153],[-97.95246,19.34244],[-97.95218,19.34318],[-97.95201,19.34425],[-97.95156,19.34599],[-97.94781,19.34377],[-97.94407,19.34029],[-97.9449,19.33812],[-97.94517,19.33651],[-97.94512,19.33492],[-97.94536,19.32759],[-97.94529,19.3256],[-97.94546,19.32409],[-97.94718,19.32161],[-97.94812,19.32218],[-97.94931,19.32241],[-97.95012,19.32183],[-97.95058,19.32105],[-97.95145,19.32018],[-97.95196,19.31944],[-97.95202,19.31874],[-97.95219,19.31842],[-97.95236,19.31829],[-97.95375,19.31833],[-97.95537,19.31722],[-97.95646,19.31602],[-97.95686,19.31541],[-97.95708,19.31426],[-97.9576,19.3138],[-97.95906,19.31487],[-97.96016,19.3154],[-97.96057,19.31593],[-97.96127,19.3163],[-97.96173,19.31618],[-97.96231,19.31634],[-97.963,19.31638],[-97.96388,19.31695],[-97.96411,19.31724],[-97.96481,19.31864],[-97.96551,19.31941],[-97.96697,19.32027],[-97.96755,19.32048],[-97.96778,19.32064],[-97.96773,19.32093],[-97.9679,19.32134],[-97.96883,19.32224],[-97.96912,19.32237],[-97.97074,19.32199],[-97.9712,19.3217],[-97.97196,19.32154],[-97.97191,19.32248],[-97.97325,19.32371],[-97.97441,19.3242],[-97.97481,19.32453],[-97.97505,19.32457],[-97.97708,19.32609],[-97.97766,19.32617],[-97.9779,19.32654],[-97.97819,19.3267],[-97.97837,19.32731],[-97.97883,19.32801],[-97.98022,19.32813],[-97.98057,19.32793],[-97.98058,19.32883],[-97.98075,19.32924],[-97.98081,19.32965],[-97.98105,19.32998],[-97.98122,19.32998],[-97.98163,19.33022],[-97.9832,19.33133],[-97.98337,19.33137],[-97.98343,19.33149],[-97.98488,19.33211],[-97.98564,19.33268],[-97.98628,19.33301],[-97.98657,19.33338],[-97.98797,19.3344],[-97.98832,19.33448],[-97.98907,19.33493],[-97.98994,19.33493],[-97.99058,19.33472],[-97.9915,19.33468],[-97.99214,19.33443],[-97.99283,19.33443],[-97.99318,19.33455],[-97.99411,19.33459],[-97.99573,19.335],[-97.99608,19.33496],[-97.99701,19.33508],[-97.998,19.33561],[-97.99979,19.33577],[-97.99997,19.33639],[-97.99992,19.33671],[-97.99975,19.33733],[-97.99957,19.33766],[-97.99919,19.33919],[-97.99861,19.33841],[-97.99691,19.33722],[-97.99669,19.33729],[-97.99626,19.33885],[-97.99603,19.34028],[-97.99584,19.341],[-97.9957,19.34122],[-97.99543,19.34239],[-97.99283,19.34166],[-97.99225,19.34256],[-97.99191,19.34334],[-97.99111,19.34462],[-97.98974,19.34791],[-97.98849,19.34949]]]}},{"type":"Feature","properties":{"seccion":214,"municipio":13,"distrito_local":10,"distrito_federal":1},"geometry":{"type":"Polygon","coordinates":[[[-97.90113,19.29551],[-97.89734,19.29246],[-97.89903,19.29161],[-97.90111,19.29099],[-97.90244,19.2907],[-97.90302,19.29041],[-97.90492,19.28885],[-97.90596,19.28815],[-97.90642,19.28762],[-97.90676,19.28737],[-97.90805,19.28662],[-97.91034,19.28581],[-97.9128,19.28415],[-97.91583,19.28326],[-97.91714,19.28303],[-97.91863,19.28233],[-97.91984,19.28138],[-97.92122,19.2798],[-97.922,19.27913],[-97.9224,19.27888],[-97.92418,19.27719],[-97.92505,19.27662],[-97.92684,19.27567],[-97.92765,19.27538],[-97.92846,19.27521],[-97.92973,19.27472],[-97.93019,19.27464],[-97.93042,19.27443],[-97.93152,19.27381],[-97.93197,19.2732],[-97.93221,19.27324],[-97.93238,19.27365],[-97.93343,19.2743],[-97.93349,19.27451],[-97.93343,19.27484],[-97.9332,19.27517],[-97.93291,19.27537],[-97.93263,19.27582],[-97.9324,19.27648],[-97.93287,19.2773],[-97.93293,19.27779],[-97.93322,19.27845],[-97.93381,19.2789],[-97.93451,19.27972],[-97.93422,19.28034],[-97.93399,19.2805],[-97.93446,19.28112],[-97.93481,19.28198],[-97.93528,19.28264],[-97.93482,19.28329],[-97.93494,19.28391],[-97.93523,19.28477],[-97.93535,19.28543],[-97.93542,19.28654],[-97.93595,19.28728],[-97.93624,19.28789],[-97.93648,19.28929],[-97.93083,19.29028],[-97.9273,19.29119],[-97.9268,19.29127],[-97.92623,19.29113],[-97.92064,19.29224],[-97.92042,19.29126],[-97.91935,19.29147],[-97.91959,19.29244],[-97.91749,19.29288],[-97.91724,19.29175],[-97.91676,19.29212],[-97.91647,19.29224],[-97.91241,19.29296],[-97.904,19.29492],[-97.90222,19.29509],[-97.90113,19.29551]]]}},{"type":"Feature","properties":{"seccion":210,"municipio":13,"distrito_local":10,"distrito_federal":1},"geometry":{"type":"Polygon","coordinates":[[[-98.03415,19.33799],[-98.03154,19.33639],[-98.03078,19.33578],[-98.02997,19.33525],[-98.02817,19.33492],[-98.02735,19.33456],[-98.02625,19.33419],[-98.02422,19.33403],[-98.02237,19.33358],[-98.02184,19.33334],[-98.0197,19.33347],[-98.01906,19.33338],[-98.01848,19.33343],[-98.01797,19.33363],[-98.01692,19.3338],[-98.01617,19.3338],[-98.01524,19.33393],[-98.01414,19.33381],[-98.01293,19.33381],[-98.01223,19.33352],[-98.01177,19.33344],[-98.01148,19.33316],[-98.01095,19.33332],[-98.00911,19.33435],[-98.00795,19.33485],[-98.00663,19.33575],[-98.00576,19.33609],[-98.00333,19.33605],[-98.002,19.33613],[-97.99979,19.33577],[-97.99881,19.33573],[-97.998,19.33561],[-97.99701,19.33508],[-97.99608,19.33496],[-97.99573,19.335],[-97.99411,19.33459],[-97.99318,19.33455],[-97.99249,19.33439],[-97.99214,19.33443],[-97.9915,19.33468],[-97.99058,19.33472],[-97.98994,19.33493],[-97.98907,19.33493],[-97.98832,19.33448],[-97.98797,19.3344],[-97.98657,19.33338],[-97.98628,19.33301],[-97.98564,19.33268],[-97.98488,19.33211],[-97.98343,19.33149],[-97.98337,19.33137],[-97.9832,19.33133],[-97.98163,19.33022],[-97.98122,19.32998],[-97.98105,19.32998],[-97.98081,19.32965],[-97.98075,19.32924],[-97.98058,19.32883],[-97.98057,19.32793],[-97.98137,19.32706],[-97.98172,19.32649],[-97.98217,19.32534],[-97.9824,19.32501],[-97.98327,19.32464],[-97.98402,19.32365],[-97.98482,19.32295],[-97.98511,19.32254],[-97.98499,19.32246],[-97.98557,19.32188],[-97.98781,19.32023],[-97.99111,19.31907],[-97.99429,19.31866],[-97.99626,19.31886],[-97.99661,19.31877],[-97.99753,19.31885],[-97.99963,19.32008],[-98.00067,19.32037],[-98.00235,19.32024],[-98.00316,19.32036],[-98.00473,19.32044],[-98.00513,19.31962],[-98.00518,19.31908],[-98.00458,19.31522],[-98.00457,19.31486],[-98.00469,19.3144],[-98.00526,19.31329],[-98.00629,19.31185],[-98.00732,19.31012],[-98.0083,19.30918],[-98.00916,19.30811],[-98.01101,19.30815],[-98.01211,19.30831],[-98.01322,19.30892],[-98.01409,19.30929],[-98.01479,19.30941],[-98.01536,19.30941],[-98.01635,19.3099],[-98.01745,19.31031],[-98.01925,19.31088],[-98.02088,19.3112],[-98.02123,19.31137],[-98.02268,19.31161],[-98.02343,19.31165],[-98.02644,19.31168],[-98.02771,19.31151],[-98.0294,19.31213],[-98.03148,19.31233],[-98.03351,19.31228],[-98.03464,19.31267],[-98.03404,19.31408],[-98.03379,19.3154],[-98.03338,19.31622],[-98.03261,19.31676],[-98.0322,19.31721],[-98.03259,19.31846],[-98.0327,19.31929],[-98.03263,19.31982],[-98.03186,19.32073],[-98.03127,19.32114],[-98.0298,19.32241],[-98.02933,19.32307],[-98.02903,19.32373],[-98.02866,19.32534],[-98.02876,19.32659],[-98.02954,19.32933],[-98.03076,19.33054],[-98.03186,19.3313],[-98.03243,19.33229],[-98.03324,19.33309],[-98.03352,19.33367],[-98.034,19.33529],[-98.03415,19.33799]]]}},{"type":"Feature","properties":{"seccion":211,"municipio":13,"distrito_local":10,"distrito_federal":1},"geometry":{"type":"Polygon","coordinates":[[[-97.98022,19.32813],[-97.97883,19.32801],[-97.97837,19.32731],[-97.97819,19.3267],[-97.9779,19.32654],[-97.97766,19.32617],[-97.97708,19.32609],[-97.97505,19.32457],[-97.97481,19.32453],[-97.97441,19.3242],[-97.97325,19.32371],[-97.97191,19.32248],[-97.97196,19.32154],[-97.9732,19.32057],[-97.97291,19.32006],[-97.97425,19.31833],[-97.97454,19.31812],[-97.97477,19.31779],[-97.97471,19.31743],[-97.97447,19.3171],[-97.97441,19.31673],[-97.97487,19.31603],[-97.97505,19.31591],[-97.97504,19.31541],[-97.97544,19.31504],[-97.9755,19.31488],[-97.9755,19.31471],[-97.97503,19.31356],[-97.97618,19.3118],[-97.9764,19.31118],[-97.97703,19.31015],[-97.97703,19.30974],[-97.97777,19.30764],[-97.97875,19.30678],[-97.97949,19.30526],[-97.98115,19.30287],[-97.98195,19.30143],[-97.98218,19.30049],[-97.98247,19.29991],[-97.98396,19.29868],[-97.98454,19.29831],[-97.98569,19.29724],[-97.98703,19.29822],[-97.98872,19.29994],[-97.99087,19.30109],[-97.9929,19.30198],[-97.99557,19.30284],[-97.99859,19.3037],[-97.99981,19.30427],[-98.00138,19.30517],[-98.00364,19.30615],[-98.00463,19.30644],[-98.00806,19.30811],[-98.00916,19.30811],[-98.0083,19.30918],[-98.00732,19.31012],[-98.00629,19.31185],[-98.00526,19.31329],[-98.00469,19.3144],[-98.00457,19.31486],[-98.00458,19.31522],[-98.00518,19.31908],[-98.00513,19.31962],[-98.00473,19.32044],[-98.00316,19.32036],[-98.00235,19.32024],[-98.00067,19.32037],[-97.99963,19.32008],[-97.99753,19.31885],[-97.99661,19.31877],[-97.99626,19.31886],[-97.99429,19.31866],[-97.99111,19.31907],[-97.98781,19.32023],[-97.98557,19.32188],[-97.98499,19.32246],[-97.98511,19.32254],[-97.98482,19.32295],[-97.98402,19.32365],[-97.98327,19.32464],[-97.9824,19.32501],[-97.98217,19.32534],[-97.98172,19.32649],[-97.98137,19.32706],[-97.98057,19.32793],[-97.98022,19.32813]]]}},{"type":"Feature","properties":{"seccion":215,"municipio":13,"distrito_local":10,"distrito_federal":1},"geometry":{"type":"Polygon","coordinates":[[[-98.03464,19.31267],[-98.03351,19.31228],[-98.03148,19.31233],[-98.0294,19.31213],[-98.02771,19.31151],[-98.02644,19.31168],[-98.02343,19.31165],[-98.02268,19.31161],[-98.02123,19.31137],[-98.02088,19.3112],[-98.01925,19.31088],[-98.01745,19.31031],[-98.01635,19.3099],[-98.01536,19.30941],[-98.01479,19.30941],[-98.01409,19.30929],[-98.01322,19.30892],[-98.01211,19.30831],[-98.01101,19.30815],[-98.00806,19.30811],[-98.00463,19.30644],[-98.00364,19.30615],[-98.00138,19.30517],[-97.99981,19.30427],[-97.99859,19.3037],[-97.99557,19.30284],[-97.9929,19.30198],[-97.99087,19.30109],[-97.98872,19.29994],[-97.98703,19.29822],[-97.98569,19.29724],[-97.98563,19.29662],[-97.98493,19.2965],[-97.98458,19.29633],[-97.98336,19.29543],[-97.98214,19.29425],[-97.98214,19.29404],[-97.98132,19.29306],[-97.97987,19.29281],[-97.97935,19.29261],[-97.97673,19.2913],[-97.97528,19.29048],[-97.97475,19.28925],[-97.97475,19.28896],[-97.97405,19.28851],[-97.97388,19.28818],[-97.97387,19.28753],[-97.97364,19.28695],[-97.9723,19.28659],[-97.9716,19.28581],[-97.97091,19.28564],[-97.97009,19.28462],[-97.96956,19.28413],[-97.96892,19.28396],[-97.96858,19.28372],[-97.9677,19.28253],[-97.96683,19.28175],[-97.96578,19.2813],[-97.96526,19.28093],[-97.96508,19.28056],[-97.96479,19.28032],[-97.96426,19.27938],[-97.96316,19.27872],[-97.9624,19.27786],[-97.96245,19.27724],[-97.96222,19.27675],[-97.96245,19.27613],[-97.96197,19.27466],[-97.96191,19.2733],[-97.96161,19.27191],[-97.96197,19.26885],[-97.96158,19.26714],[-97.96157,19.26657],[-97.96191,19.2655],[-97.96254,19.26427],[-97.96288,19.2634],[-97.96346,19.26279],[-97.96444,19.26204],[-97.96466,19.26134],[-97.96419,19.25999],[-97.96378,19.25946],[-97.96314,19.25798],[-97.96342,19.25753],[-97.96469,19.25658],[-97.96491,19.25551],[-97.96543,19.25469],[-97.96606,19.25407],[-97.96647,19.25387],[-97.9671,19.25374],[-97.96831,19.25218],[-97.96906,19.25156],[-97.96998,19.25053],[-97.97066,19.2495],[-97.97146,19.24802],[-97.97262,19.24794],[-97.97354,19.24712],[-97.97307,19.24523],[-97.97324,19.24465],[-97.97543,19.24374],[-97.97629,19.24329],[-97.97687,19.2428],[-97.97867,19.243],[-97.98098,19.24291],[-97.98208,19.24307],[-97.98411,19.24373],[-97.98515,19.24385],[-97.98591,19.24434],[-97.98666,19.24401],[-97.98723,19.24323],[-97.99011,19.24113],[-97.99133,19.24047],[-97.99305,19.23902],[-97.99449,19.23758],[-97.99501,19.23692],[-97.99541,19.23614],[-97.99661,19.23438],[-97.99712,19.23376],[-97.99805,19.23322],[-97.99752,19.23281],[-97.99642,19.23249],[-97.99387,19.23138],[-97.99282,19.23081],[-97.98992,19.23008],[-97.98807,19.22926],[-97.98737,19.22943],[-97.98616,19.22951],[-97.98494,19.22939],[-97.98442,19.22898],[-97.98435,19.22791],[-97.98411,19.22615],[-97.98416,19.22537],[-97.9841,19.22438],[-97.98391,19.22307],[-97.98344,19.22167],[-97.98378,19.22114],[-97.98499,19.22007],[-97.98505,19.21974],[-97.98574,19.21929],[-97.98729,19.21772],[-97.9877,19.21772],[-97.98869,19.21895],[-97.9891,19.21936],[-97.98962,19.21973],[-97.98985,19.22014],[-97.99044,19.22038],[-97.99177,19.2212],[-97.99287,19.22173],[-97.99461,19.22226],[-97.99514,19.22235],[-97.99589,19.22271],[-97.99665,19.22292],[-97.99786,19.22287],[-97.99901,19.2225],[-97.99983,19.22246],[-98.00058,19.22221],[-98.00121,19.22217],[-98.00312,19.22225],[-98.00411,19.22241],[-98.00561,19.22249],[-98.0088,19.22326],[-98.01078,19.2242],[-98.01176,19.22444],[-98.01257,19.22448],[-98.01339,19.22493],[-98.01455,19.2253],[-98.01507,19.2253],[-98.01612,19.22632],[-98.01675,19.22649],[-98.01734,19.2271],[-98.01832,19.22714],[-98.01971,19.22685],[-98.02144,19.22664],[-98.02202,19.22668],[-98.02359,19.22733],[-98.02783,19.22958],[-98.02893,19.22999],[-98.03067,19.23039],[-98.03102,19.23072],[-98.0312,19.23134],[-98.03115,19.23253],[-98.03127,19.23376],[-98.03106,19.23606],[-98.03118,19.23742],[-98.03127,19.24148],[-98.03107,19.24596],[-98.03109,19.24772],[-98.03158,19.25216],[-98.03182,19.25298],[-98.03201,19.2552],[-98.03224,19.25606],[-98.03202,19.25778],[-98.03198,19.25951],[-98.03205,19.26202],[-98.03218,19.26292],[-98.03236,19.26411],[-98.03301,19.26661],[-98.03337,19.26723],[-98.03354,19.26784],[-98.03378,19.26809],[-98.0339,19.26899],[-98.03414,19.26977],[-98.03454,19.27039],[-98.03456,19.27191],[-98.03568,19.27474],[-98.03586,19.27576],[-98.03581,19.27708],[-98.03593,19.27802],[-98.03712,19.28168],[-98.03794,19.28319],[-98.03823,19.28405],[-98.03876,19.28475],[-98.03929,19.28598],[-98.03903,19.29025],[-98.03886,19.29091],[-98.03921,19.29149],[-98.03963,19.29272],[-98.04038,19.29304],[-98.04044,19.29374],[-98.04039,19.29436],[-98.04068,19.29489],[-98.04063,19.29547],[-98.04088,19.29801],[-98.04082,19.29863],[-98.0411,19.29959],[-98.04069,19.29979],[-98.03986,19.30041],[-98.03968,19.3014],[-98.03971,19.30335],[-98.03591,19.30427],[-98.03584,19.30485],[-98.03566,19.30526],[-98.0357,19.30713],[-98.0358,19.30821],[-98.03556,19.30949],[-98.03555,19.30994],[-98.0353,19.31135],[-98.03506,19.31168],[-98.03464,19.31267]]]}},{"type":"Feature","properties":{"seccion":534,"municipio":50,"distrito_local":8,"distrito_federal":1},"geometry":{"type":"Polygon","coordinates":[[[-98.05491,19.33357],[-98.05654,19.33119],[-98.05671,19.33066],[-98.06072,19.33051],[-98.06557,19.32983],[-98.06676,19.32933],[-98.06717,19.32908],[-98.06758,19.32859],[-98.06799,19.32849],[-98.0682,19.32926],[-98.06839,19.33078],[-98.06885,19.33226],[-98.06871,19.3328],[-98.06737,19.33346],[-98.06728,19.33397],[-98.06697,19.33435],[-98.06699,19.33466],[-98.06611,19.33499],[-98.06602,19.33531],[-98.06628,19.33608],[-98.06382,19.33732],[-98.06006,19.33888],[-98.05962,19.33898],[-98.05972,19.33866],[-98.05971,19.33848],[-98.05962,19.33837],[-98.05966,19.33774],[-98.05953,19.33718],[-98.05904,19.33675],[-98.05906,19.33646],[-98.05888,19.33614],[-98.05867,19.3361],[-98.05697,19.33488],[-98.0565,19.335],[-98.05621,19.33494],[-98.05594,19.33476],[-98.05491,19.33357]]]}},{"type":"Feature","properties":{"seccion":216,"municipio":13,"distrito_local":10,"distrito_federal":1},"geometry":{"type":"Polygon","coordinates":[[[-97.94464,19.29858],[-97.94406,19.29814],[-97.94296,19.29798],[-97.94244,19.29773],[-97.94226,19.29745],[-97.94244,19.29712],[-97.94214,19.29691],[-97.94139,19.29683],[-97.94017,19.2963],[-97.94017,19.29573],[-97.94057,19.29486],[-97.9401,19.2947],[-97.9397,19.29478],[-97.939,19.29466],[-97.93871,19.29405],[-97.93882,19.29363],[-97.93917,19.29314],[-97.93882,19.29277],[-97.93841,19.29269],[-97.93788,19.29043],[-97.9377,19.29015],[-97.93712,19.29035],[-97.93666,19.29023],[-97.93648,19.28974],[-97.93636,19.2883],[-97.93624,19.28789],[-97.93595,19.28728],[-97.93542,19.28654],[-97.93535,19.28543],[-97.93523,19.28477],[-97.93494,19.28391],[-97.93482,19.28329],[-97.93528,19.28264],[-97.93481,19.28198],[-97.93446,19.28112],[-97.93399,19.2805],[-97.93422,19.28034],[-97.93451,19.27972],[-97.93381,19.2789],[-97.93322,19.27845],[-97.93293,19.27779],[-97.93287,19.2773],[-97.9324,19.27648],[-97.93263,19.27582],[-97.93291,19.27537],[-97.9332,19.27517],[-97.93343,19.27484],[-97.93349,19.27451],[-97.93343,19.2743],[-97.93238,19.27365],[-97.93221,19.27324],[-97.93197,19.2732],[-97.93341,19.27163],[-97.93555,19.27044],[-97.93837,19.26908],[-97.93994,19.268],[-97.94391,19.26562],[-97.94466,19.26508],[-97.94598,19.26442],[-97.94823,19.26306],[-97.94892,19.2624],[-97.94927,19.26187],[-97.94955,19.26113],[-97.94996,19.26059],[-97.95024,19.26035],[-97.95099,19.25993],[-97.95163,19.25977],[-97.95203,19.25948],[-97.95602,19.25836],[-97.96104,19.25556],[-97.96276,19.25367],[-97.96316,19.25342],[-97.96345,19.25301],[-97.96478,19.25202],[-97.96529,19.25149],[-97.96569,19.25099],[-97.96684,19.2491],[-97.96719,19.24881],[-97.96793,19.24844],[-97.96834,19.2484],[-97.96944,19.24877],[-97.97031,19.24918],[-97.97066,19.2495],[-97.96998,19.25053],[-97.96906,19.25156],[-97.96831,19.25218],[-97.9671,19.25374],[-97.96647,19.25387],[-97.96606,19.25407],[-97.96543,19.25469],[-97.96491,19.25551],[-97.96469,19.25658],[-97.96342,19.25753],[-97.96314,19.25798],[-97.96378,19.25946],[-97.96419,19.25999],[-97.96466,19.26134],[-97.96444,19.26204],[-97.96346,19.26279],[-97.96288,19.2634],[-97.96254,19.26427],[-97.96191,19.2655],[-97.96157,19.26657],[-97.96158,19.26714],[-97.96197,19.26885],[-97.96161,19.27191],[-97.96191,19.2733],[-97.96197,19.27466],[-97.96245,19.27613],[-97.96222,19.27675],[-97.96245,19.27724],[-97.9624,19.27786],[-97.96316,19.27872],[-97.96213,19.28036],[-97.96011,19.2823],[-97.95983,19.28275],[-97.95931,19.2839],[-97.95891,19.28448],[-97.95816,19.28526],[-97.95632,19.28691],[-97.95436,19.28831],[-97.9524,19.28913],[-97.95182,19.28958],[-97.95131,19.29041],[-97.95108,19.29111],[-97.94981,19.29205],[-97.94918,19.29279],[-97.94872,19.29321],[-97.94838,19.2937],[-97.94763,19.29436],[-97.9474,19.29477],[-97.94594,19.29667],[-97.94464,19.29858]]]}},{"type":"Feature","properties":{"seccion":217,"municipio":13,"distrito_local":10,"distrito_federal":1},"geometry":{"type":"Polygon","coordinates":[[[-97.93994,19.31458],[-97.94099,19.31363],[-97.94102,19.3138],[-97.94122,19.31402],[-97.9421,19.31474],[-97.94143,19.31566],[-97.94024,19.31669],[-97.94001,19.31689],[-97.93931,19.31707],[-97.93406,19.31509],[-97.935,19.31357],[-97.93551,19.31329],[-97.93588,19.31295],[-97.93701,19.31221],[-97.93769,19.31277],[-97.93867,19.31324],[-97.93994,19.31458]]]}},{"type":"Feature","properties":{"seccion":218,"municipio":13,"distrito_local":10,"distrito_federal":1},"geometry":{"type":"Polygon","coordinates":[[[-97.95209,19.30496],[-97.94997,19.30727],[-97.94857,19.30619],[-97.94871,19.30603],[-97.94793,19.30538],[-97.94731,19.30611],[-97.94603,19.30728],[-97.9453,19.30843],[-97.94412,19.30709],[-97.94379,19.30739],[-97.94313,19.30632],[-97.94436,19.30592],[-97.94409,19.30466],[-97.9448,19.30455],[-97.94543,19.30469],[-97.94575,19.30468],[-97.94651,19.30428],[-97.94799,19.30312],[-97.94883,19.30389],[-97.94921,19.30413],[-97.94966,19.30431],[-97.95209,19.30496]]]}},{"type":"Feature","properties":{"seccion":219,"municipio":13,"distrito_local":10,"distrito_federal":1},"geometry":{"type":"Polygon","coordinates":[[[-97.9669,19.29365],[-97.9671,19.29399],[-97.96575,19.29442],[-97.96535,19.29435],[-97.96483,19.29494],[-97.96383,19.29634],[-97.96338,19.29711],[-97.96335,19.29795],[-97.96319,19.29822],[-97.96282,19.29873],[-97.96167,19.29986],[-97.96079,19.30091],[-97.96033,19.30118],[-97.96016,19.30171],[-97.95991,19.302],[-97.95837,19.30133],[-97.95707,19.30348],[-97.95339,19.30165],[-97.95359,19.30142],[-97.95323,19.30107],[-97.9531,19.30117],[-97.95265,19.30072],[-97.95284,19.30056],[-97.95153,19.29931],[-97.95116,19.29975],[-97.95048,19.30029],[-97.94994,19.30088],[-97.94926,19.3019],[-97.94884,19.30237],[-97.94651,19.30428],[-97.94575,19.30468],[-97.94543,19.30469],[-97.9448,19.30455],[-97.94409,19.30466],[-97.94228,19.30395],[-97.94158,19.30401],[-97.94113,19.30388],[-97.94234,19.30298],[-97.943,19.30211],[-97.94345,19.30176],[-97.94394,19.30016],[-97.94464,19.29858],[-97.94594,19.29667],[-97.9474,19.29477],[-97.94763,19.29436],[-97.94838,19.2937],[-97.94872,19.29321],[-97.94918,19.29279],[-97.94981,19.29205],[-97.95108,19.29111],[-97.95131,19.29041],[-97.95182,19.28958],[-97.9524,19.28913],[-97.95436,19.28831],[-97.95632,19.28691],[-97.95816,19.28526],[-97.95891,19.28448],[-97.95931,19.2839],[-97.95983,19.28275],[-97.96011,19.2823],[-97.96213,19.28036],[-97.96316,19.27872],[-97.96426,19.27938],[-97.96479,19.28032],[-97.96508,19.28056],[-97.96526,19.28093],[-97.96578,19.2813],[-97.96683,19.28175],[-97.9677,19.28253],[-97.96858,19.28372],[-97.96892,19.28396],[-97.96956,19.28413],[-97.97009,19.28462],[-97.97091,19.28564],[-97.9716,19.28581],[-97.9723,19.28659],[-97.97364,19.28695],[-97.97387,19.28753],[-97.97388,19.28818],[-97.97405,19.28851],[-97.97394,19.28913],[-97.97088,19.29111],[-97.96973,19.29197],[-97.9669,19.29365]]]}},{"type":"Feature","properties":{"seccion":259,"municipio":16,"distrito_local":10,"distrito_federal":1},"geometry":{"type":"Polygon","coordinates":[[[-97.92122,19.2798],[-97.9179,19.27712],[-97.91485,19.27446],[-97.89856,19.26006],[-97.89614,19.2569],[-97.89491,19.25365],[-97.8943,19.25166],[-97.89468,19.25145],[-97.89474,19.25107],[-97.89683,19.25024],[-97.89896,19.2497],[-97.90041,19.24856],[-97.90504,19.24708],[-97.9063,19.24673],[-97.90838,19.2463],[-97.90941,19.24599],[-97.91526,19.24398],[-97.92571,19.24064],[-97.92583,19.24077],[-97.92597,19.24072],[-97.9269,19.24101],[-97.92783,19.24109],[-97.92945,19.24076],[-97.93031,19.24047],[-97.93338,19.23968],[-97.93459,19.23914],[-97.93551,19.2389],[-97.93638,19.23877],[-97.9376,19.23877],[-97.94032,19.23909],[-97.94269,19.23905],[-97.94958,19.23953],[-97.95202,19.24001],[-97.95289,19.24009],[-97.95642,19.2407],[-97.95787,19.24082],[-97.95903,19.2407],[-97.95972,19.24049],[-97.96053,19.24012],[-97.96179,19.23913],[-97.96283,19.23888],[-97.96457,19.23925],[-97.96747,19.23953],[-97.97036,19.23953],[-97.97129,19.23961],[-97.97274,19.2394],[-97.97349,19.23944],[-97.97395,19.23968],[-97.97413,19.24005],[-97.97437,19.24124],[-97.97443,19.24231],[-97.97432,19.24247],[-97.97583,19.24247],[-97.9782,19.24218],[-97.97953,19.243],[-97.97867,19.243],[-97.97687,19.2428],[-97.97629,19.24329],[-97.97543,19.24374],[-97.97324,19.24465],[-97.97307,19.24523],[-97.97354,19.24712],[-97.97262,19.24794],[-97.97146,19.24802],[-97.97066,19.2495],[-97.97031,19.24918],[-97.96944,19.24877],[-97.96834,19.2484],[-97.96793,19.24844],[-97.96719,19.24881],[-97.96684,19.2491],[-97.96569,19.25099],[-97.96529,19.25149],[-97.96478,19.25202],[-97.96345,19.25301],[-97.96316,19.25342],[-97.96276,19.25367],[-97.96104,19.25556],[-97.95602,19.25836],[-97.95203,19.25948],[-97.95163,19.25977],[-97.95099,19.25993],[-97.95024,19.26035],[-97.94996,19.26059],[-97.94955,19.26113],[-97.94927,19.26187],[-97.94892,19.2624],[-97.94823,19.26306],[-97.94598,19.26442],[-97.94466,19.26508],[-97.94391,19.26562],[-97.93994,19.268],[-97.93837,19.26908],[-97.93555,19.27044],[-97.93341,19.27163],[-97.93197,19.2732],[-97.93152,19.27381],[-97.93042,19.27443],[-97.93019,19.27464],[-97.92973,19.27472],[-97.92846,19.27521],[-97.92765,19.27538],[-97.92684,19.27567],[-97.92505,19.27662],[-97.92418,19.27719],[-97.9224,19.27888],[-97.922,19.27913],[-97.92122,19.2798]]]}},{"type":"Feature","properties":{"seccion":260,"municipio":16,"distrito_local":10,"distrito_federal":1},"geometry":{"type":"Polygon","coordinates":[[[-97.92122,19.2798],[-97.91984,19.28138],[-97.91863,19.28233],[-97.91804,19.28265],[-97.91714,19.28303],[-97.91583,19.28326],[-97.9128,19.28415],[-97.91034,19.28581],[-97.90805,19.28662],[-97.90676,19.28737],[-97.90642,19.28762],[-97.90596,19.28815],[-97.90492,19.28885],[-97.90302,19.29041],[-97.90244,19.2907],[-97.90111,19.29099],[-97.89903,19.29161],[-97.89714,19.29258],[-97.87088,19.27109],[-97.87174,19.26977],[-97.87215,19.2694],[-97.87359,19.26865],[-97.87613,19.26791],[-97.87988,19.2652],[-97.88234,19.26286],[-97.88251,19.26254],[-97.88275,19.26231],[-97.88277,19.262],[-97.88305,19.26137],[-97.8835,19.25924],[-97.88377,19.25869],[-97.88457,19.25796],[-97.8855,19.2574],[-97.88561,19.2571],[-97.88543,19.25674],[-97.88565,19.25662],[-97.88544,19.25621],[-97.88656,19.25569],[-97.88613,19.25492],[-97.88639,19.25489],[-97.88655,19.25467],[-97.88815,19.25412],[-97.8943,19.25166],[-97.89491,19.25365],[-97.89614,19.2569],[-97.89856,19.26006],[-97.91485,19.27446],[-97.9179,19.27712],[-97.92122,19.2798]]]}},{"type":"Feature","properties":{"seccion":369,"municipio":26,"distrito_local":8,"distrito_federal":1},"geometry":{"type":"Polygon","coordinates":[[[-98.13812,19.34537],[-98.14094,19.34221],[-98.14015,19.3418],[-98.13985,19.34142],[-98.13844,19.34011],[-98.13792,19.33996],[-98.13593,19.33829],[-98.13595,19.33809],[-98.13711,19.33683],[-98.13914,19.33407],[-98.14162,19.33545],[-98.14604,19.33813],[-98.14675,19.33721],[-98.1514,19.33988],[-98.15268,19.33806],[-98.1535,19.33824],[-98.15421,19.33858],[-98.15469,19.33892],[-98.15533,19.33904],[-98.15534,19.33917],[-98.15409,19.3413],[-98.1552,19.34191],[-98.15449,19.34221],[-98.15406,19.34249],[-98.15282,19.34421],[-98.15202,19.34447],[-98.15226,19.34494],[-98.15265,19.34536],[-98.1511,19.34669],[-98.15088,19.34666],[-98.14824,19.34941],[-98.14778,19.3491],[-98.14766,19.34824],[-98.14738,19.34804],[-98.14694,19.34715],[-98.14671,19.34694],[-98.14593,19.34654],[-98.14575,19.34594],[-98.14516,19.34618],[-98.14357,19.34786],[-98.14191,19.34648],[-98.14023,19.34684],[-98.13938,19.34618],[-98.13812,19.34537]]]}},{"type":"Feature","properties":{"seccion":261,"municipio":16,"distrito_local":10,"distrito_federal":1},"geometry":{"type":"Polygon","coordinates":[[[-97.89474,19.25107],[-97.89468,19.25145],[-97.8943,19.25166],[-97.88815,19.25412],[-97.88655,19.25467],[-97.88639,19.25489],[-97.88613,19.25492],[-97.88656,19.25569],[-97.88544,19.25621],[-97.88565,19.25662],[-97.88543,19.25674],[-97.88561,19.2571],[-97.8855,19.2574],[-97.88457,19.25796],[-97.88377,19.25869],[-97.8835,19.25924],[-97.88305,19.26137],[-97.88277,19.262],[-97.88275,19.26231],[-97.88251,19.26254],[-97.88234,19.26286],[-97.87988,19.2652],[-97.87613,19.26791],[-97.87359,19.26865],[-97.87215,19.2694],[-97.87174,19.26977],[-97.87088,19.27109],[-97.85328,19.25668],[-97.85511,19.25657],[-97.85667,19.25636],[-97.85702,19.25624],[-97.85829,19.25603],[-97.85875,19.25603],[-97.85968,19.25619],[-97.86037,19.25615],[-97.86101,19.25598],[-97.86136,19.25578],[-97.86257,19.25537],[-97.86291,19.25495],[-97.86314,19.25442],[-97.86557,19.25347],[-97.86678,19.25261],[-97.86724,19.25211],[-97.8689,19.24944],[-97.86924,19.24842],[-97.87114,19.24624],[-97.87212,19.24537],[-97.87304,19.24471],[-97.87465,19.24385],[-97.87506,19.24344],[-97.87586,19.24294],[-97.87604,19.24257],[-97.87603,19.24237],[-97.87655,19.2422],[-97.87771,19.24159],[-97.87892,19.2408],[-97.87961,19.24051],[-97.87998,19.24042],[-97.88146,19.24052],[-97.88369,19.23991],[-97.88591,19.23907],[-97.8869,19.23847],[-97.88756,19.2382],[-97.88893,19.23826],[-97.89143,19.23909],[-97.89462,19.23933],[-97.89519,19.23945],[-97.89546,19.23963],[-97.89611,19.23983],[-97.89643,19.23987],[-97.89688,19.23952],[-97.89772,19.23963],[-97.89732,19.24077],[-97.89535,19.24456],[-97.89468,19.2457],[-97.8935,19.24736],[-97.89338,19.24773],[-97.89474,19.25107]]]}},{"type":"Feature","properties":{"seccion":262,"municipio":16,"distrito_local":10,"distrito_federal":1},"geometry":{"type":"Polygon","coordinates":[[[-97.92571,19.24064],[-97.91526,19.24398],[-97.90941,19.24599],[-97.90838,19.2463],[-97.9063,19.24673],[-97.90504,19.24708],[-97.90041,19.24856],[-97.89896,19.2497],[-97.89683,19.25024],[-97.89474,19.25107],[-97.89338,19.24773],[-97.8935,19.24736],[-97.89468,19.2457],[-97.89535,19.24456],[-97.89732,19.24077],[-97.89772,19.23963],[-97.90012,19.23485],[-97.9012,19.23196],[-97.90219,19.2316],[-97.90525,19.23164],[-97.90682,19.23209],[-97.90711,19.23205],[-97.91059,19.23295],[-97.91181,19.23356],[-97.91326,19.23409],[-97.91442,19.23413],[-97.91488,19.23425],[-97.91598,19.23437],[-97.9172,19.23441],[-97.91841,19.23392],[-97.91911,19.23453],[-97.91934,19.2349],[-97.92033,19.23588],[-97.92161,19.23662],[-97.92208,19.2372],[-97.9226,19.23765],[-97.92359,19.23871],[-97.92493,19.23986],[-97.92571,19.24064]]]}},{"type":"Feature","properties":{"seccion":365,"municipio":26,"distrito_local":8,"distrito_federal":1},"geometry":{"type":"Polygon","coordinates":[[[-98.12987,19.36409],[-98.13107,19.36357],[-98.13166,19.3635],[-98.13205,19.36354],[-98.13431,19.36452],[-98.13507,19.3647],[-98.13612,19.36358],[-98.13777,19.36245],[-98.13846,19.36175],[-98.13879,19.36081],[-98.13947,19.36038],[-98.13974,19.3607],[-98.14025,19.36097],[-98.14056,19.36136],[-98.14076,19.36177],[-98.14057,19.36202],[-98.14124,19.36273],[-98.14128,19.36326],[-98.14127,19.36384],[-98.14117,19.36405],[-98.14045,19.36503],[-98.14008,19.36521],[-98.13956,19.36517],[-98.13989,19.36574],[-98.14015,19.36593],[-98.14057,19.36665],[-98.14134,19.36726],[-98.14209,19.36767],[-98.14375,19.36828],[-98.1444,19.36869],[-98.14572,19.36899],[-98.14617,19.36927],[-98.14735,19.37084],[-98.14689,19.37159],[-98.14822,19.37359],[-98.14644,19.37446],[-98.1401,19.37799],[-98.14016,19.37871],[-98.13965,19.38231],[-98.13591,19.38378],[-98.1366,19.38486],[-98.13797,19.3887],[-98.1393,19.39301],[-98.13073,19.39563],[-98.12993,19.39321],[-98.12582,19.39457],[-98.12528,19.39502],[-98.12471,19.39566],[-98.12451,19.39575],[-98.12425,19.39574],[-98.12389,19.39559],[-98.12332,19.39507],[-98.12462,19.38665],[-98.12499,19.38646],[-98.12584,19.38633],[-98.12633,19.38511],[-98.12628,19.38436],[-98.1261,19.38349],[-98.12589,19.38317],[-98.12591,19.38276],[-98.12627,19.38218],[-98.12674,19.38166],[-98.12685,19.38085],[-98.12671,19.38032],[-98.12669,19.37972],[-98.12688,19.37932],[-98.12766,19.3789],[-98.12846,19.37746],[-98.12849,19.37694],[-98.12753,19.37544],[-98.12741,19.37498],[-98.12742,19.37432],[-98.12827,19.37333],[-98.12876,19.37304],[-98.13012,19.37268],[-98.1301,19.37212],[-98.12974,19.37169],[-98.12874,19.37118],[-98.12834,19.37088],[-98.12798,19.36992],[-98.12787,19.36883],[-98.12791,19.36779],[-98.12821,19.3672],[-98.1286,19.36675],[-98.12892,19.36604],[-98.12885,19.36508],[-98.12914,19.36467],[-98.12987,19.36409]]]}},{"type":"Feature","properties":{"seccion":366,"municipio":26,"distrito_local":8,"distrito_federal":1},"geometry":{"type":"Polygon","coordinates":[[[-98.12258,19.34673],[-98.12274,19.34658],[-98.12301,19.34654],[-98.12373,19.34578],[-98.12413,19.34593],[-98.12488,19.34602],[-98.12556,19.34637],[-98.12582,19.34663],[-98.12649,19.34691],[-98.12667,19.34719],[-98.12662,19.34772],[-98.12673,19.34805],[-98.12736,19.34823],[-98.12751,19.34866],[-98.12796,19.34935],[-98.12865,19.34988],[-98.12962,19.35083],[-98.13029,19.35131],[-98.1313,19.35247],[-98.13188,19.35288],[-98.13261,19.35365],[-98.13392,19.35452],[-98.13623,19.35577],[-98.13669,19.3563],[-98.13691,19.35687],[-98.13698,19.35757],[-98.13764,19.3586],[-98.13811,19.35909],[-98.13829,19.3596],[-98.13844,19.35976],[-98.1393,19.3602],[-98.13947,19.36038],[-98.13879,19.36081],[-98.13846,19.36175],[-98.13777,19.36245],[-98.13612,19.36358],[-98.13507,19.3647],[-98.13431,19.36452],[-98.13346,19.36419],[-98.1325,19.36368],[-98.13166,19.3635],[-98.13107,19.36357],[-98.12987,19.36409],[-98.12914,19.36467],[-98.12885,19.36508],[-98.12886,19.36526],[-98.12813,19.36566],[-98.12753,19.36571],[-98.12638,19.36562],[-98.12616,19.36535],[-98.12584,19.36517],[-98.12515,19.36493],[-98.12439,19.36389],[-98.12385,19.36375],[-98.12338,19.36339],[-98.12269,19.36194],[-98.12235,19.36196],[-98.12313,19.35794],[-98.1208,19.35555],[-98.11811,19.35348],[-98.12132,19.34963],[-98.121,19.3493],[-98.12289,19.34723],[-98.12281,19.34694],[-98.12258,19.34673]]]}},{"type":"Feature","properties":{"seccion":367,"municipio":26,"distrito_local":8,"distrito_federal":1},"geometry":{"type":"Polygon","coordinates":[[[-98.13434,19.34934],[-98.13984,19.35357],[-98.14018,19.35349],[-98.14145,19.35354],[-98.14249,19.35378],[-98.14441,19.35485],[-98.14582,19.35553],[-98.14669,19.35557],[-98.14695,19.35647],[-98.14719,19.35643],[-98.14759,19.35658],[-98.14811,19.3564],[-98.14861,19.35645],[-98.14879,19.3564],[-98.1496,19.35567],[-98.15108,19.35477],[-98.15176,19.35449],[-98.15423,19.35367],[-98.15608,19.35325],[-98.15834,19.35182],[-98.15839,19.35165],[-98.15867,19.35226],[-98.15835,19.35319],[-98.15844,19.35397],[-98.1586,19.35455],[-98.15889,19.35481],[-98.15939,19.35505],[-98.15995,19.35583],[-98.1608,19.35618],[-98.16081,19.35711],[-98.1611,19.35852],[-98.15924,19.35852],[-98.15749,19.35795],[-98.1573,19.35802],[-98.15711,19.35953],[-98.15682,19.36032],[-98.15632,19.36118],[-98.15642,19.36313],[-98.15627,19.3634],[-98.14916,19.37131],[-98.14962,19.37225],[-98.14995,19.37258],[-98.14822,19.37359],[-98.14689,19.37159],[-98.14735,19.37084],[-98.14617,19.36927],[-98.14572,19.36899],[-98.1444,19.36869],[-98.14375,19.36828],[-98.14209,19.36767],[-98.14134,19.36726],[-98.14057,19.36665],[-98.14015,19.36593],[-98.13989,19.36574],[-98.13956,19.36517],[-98.14008,19.36521],[-98.14033,19.36512],[-98.14066,19.36478],[-98.14127,19.36384],[-98.14124,19.36273],[-98.14057,19.36202],[-98.14076,19.36177],[-98.14068,19.36157],[-98.14025,19.36097],[-98.13974,19.3607],[-98.1393,19.3602],[-98.13844,19.35976],[-98.13829,19.3596],[-98.13811,19.35909],[-98.13764,19.3586],[-98.13698,19.35757],[-98.13691,19.35687],[-98.13669,19.3563],[-98.1364,19.35594],[-98.13598,19.35563],[-98.13392,19.35452],[-98.13352,19.3542],[-98.1351,19.35261],[-98.13403,19.3517],[-98.13343,19.35103],[-98.13298,19.3507],[-98.13434,19.34934]]]}},{"type":"Feature","properties":{"seccion":368,"municipio":26,"distrito_local":8,"distrito_federal":1},"geometry":{"type":"Polygon","coordinates":[[[-98.14575,19.34594],[-98.14593,19.34654],[-98.14671,19.34694],[-98.14694,19.34715],[-98.14738,19.34804],[-98.14766,19.34824],[-98.14778,19.3491],[-98.14824,19.34941],[-98.15088,19.34666],[-98.1511,19.34669],[-98.15265,19.34536],[-98.15414,19.34677],[-98.15451,19.34733],[-98.155,19.34774],[-98.15537,19.34825],[-98.15601,19.34881],[-98.15652,19.34941],[-98.15702,19.35037],[-98.15739,19.35085],[-98.15839,19.35165],[-98.15834,19.35182],[-98.15608,19.35325],[-98.15423,19.35367],[-98.15176,19.35449],[-98.15108,19.35477],[-98.1496,19.35567],[-98.14879,19.3564],[-98.14861,19.35645],[-98.14811,19.3564],[-98.14759,19.35658],[-98.14719,19.35643],[-98.14695,19.35647],[-98.14669,19.35557],[-98.14582,19.35553],[-98.14441,19.35485],[-98.14249,19.35378],[-98.14145,19.35354],[-98.14018,19.35349],[-98.13984,19.35357],[-98.13425,19.34926],[-98.13573,19.34795],[-98.13812,19.34537],[-98.13938,19.34618],[-98.14023,19.34684],[-98.14191,19.34648],[-98.14357,19.34786],[-98.14516,19.34618],[-98.14575,19.34594]]]}},{"type":"Feature","properties":{"seccion":370,"municipio":26,"distrito_local":8,"distrito_federal":1},"geometry":{"type":"Polygon","coordinates":[[[-98.12359,19.33732],[-98.12392,19.3368],[-98.12633,19.33406],[-98.12838,19.3315],[-98.12807,19.33126],[-98.12614,19.33045],[-98.12575,19.33017],[-98.1239,19.32955],[-98.12337,19.32921],[-98.12283,19.32863],[-98.12232,19.32861],[-98.12175,19.32831],[-98.12137,19.32845],[-98.12007,19.32795],[-98.11904,19.32733],[-98.11821,19.32704],[-98.11586,19.32556],[-98.11414,19.32432],[-98.11307,19.32414],[-98.11194,19.32334],[-98.1116,19.32323],[-98.11125,19.32326],[-98.1108,19.32297],[-98.11042,19.32248],[-98.11365,19.31987],[-98.1149,19.31862],[-98.11589,19.31776],[-98.1159,19.31793],[-98.11645,19.3185],[-98.11889,19.31968],[-98.11986,19.32006],[-98.12045,19.32055],[-98.12083,19.32131],[-98.12179,19.32229],[-98.1241,19.32368],[-98.12731,19.32606],[-98.1313,19.32875],[-98.13181,19.32943],[-98.13404,19.33042],[-98.13914,19.33407],[-98.13711,19.33683],[-98.13595,19.33809],[-98.13593,19.33829],[-98.13792,19.33996],[-98.13844,19.34011],[-98.13985,19.34142],[-98.14015,19.3418],[-98.14094,19.34221],[-98.13771,19.34586],[-98.13573,19.34795],[-98.13425,19.34926],[-98.13434,19.34934],[-98.13298,19.3507],[-98.13343,19.35103],[-98.13403,19.3517],[-98.1351,19.35261],[-98.13352,19.3542],[-98.13261,19.35365],[-98.13188,19.35288],[-98.1313,19.35247],[-98.13029,19.35131],[-98.12962,19.35083],[-98.12865,19.34988],[-98.12796,19.34935],[-98.12751,19.34866],[-98.12736,19.34823],[-98.12673,19.34805],[-98.12665,19.34794],[-98.12667,19.34719],[-98.12649,19.34691],[-98.12582,19.34663],[-98.12556,19.34637],[-98.12488,19.34602],[-98.12413,19.34593],[-98.12373,19.34578],[-98.12301,19.34654],[-98.12274,19.34658],[-98.12258,19.34673],[-98.12056,19.34537],[-98.12019,19.34497],[-98.12019,19.34479],[-98.12,19.34459],[-98.1201,19.34449],[-98.11972,19.34373],[-98.11951,19.34295],[-98.11935,19.34187],[-98.1189,19.3412],[-98.11917,19.34092],[-98.12071,19.33999],[-98.12231,19.33861],[-98.12359,19.33732]]]}},{"type":"Feature","properties":{"seccion":371,"municipio":26,"distrito_local":8,"distrito_federal":1},"geometry":{"type":"Polygon","coordinates":[[[-98.12359,19.33732],[-98.12231,19.33861],[-98.12071,19.33999],[-98.11917,19.34092],[-98.1189,19.3412],[-98.11935,19.34187],[-98.11939,19.34245],[-98.11972,19.34373],[-98.1201,19.34449],[-98.12,19.34459],[-98.11952,19.34412],[-98.11917,19.34359],[-98.11865,19.34245],[-98.11748,19.34128],[-98.11676,19.34084],[-98.11499,19.3389],[-98.11401,19.33813],[-98.11175,19.33574],[-98.11131,19.3355],[-98.1112,19.33567],[-98.1094,19.33738],[-98.1095,19.33774],[-98.10991,19.33816],[-98.11017,19.33856],[-98.11001,19.3389],[-98.10956,19.33921],[-98.1093,19.33888],[-98.10804,19.33776],[-98.10762,19.33725],[-98.10668,19.3365],[-98.10546,19.33473],[-98.10499,19.33376],[-98.10448,19.33365],[-98.10427,19.33335],[-98.09544,19.32539],[-98.09402,19.32534],[-98.0925,19.32548],[-98.09085,19.32622],[-98.08734,19.32724],[-98.08752,19.32648],[-98.08743,19.32652],[-98.08685,19.32614],[-98.08576,19.32481],[-98.08535,19.32451],[-98.08199,19.32275],[-98.08118,19.32208],[-98.07862,19.3209],[-98.07491,19.31855],[-98.073,19.317],[-98.07555,19.31379],[-98.07655,19.31284],[-98.07868,19.31041],[-98.07928,19.30967],[-98.0797,19.30864],[-98.08011,19.30856],[-98.08045,19.30873],[-98.08057,19.3089],[-98.08132,19.30944],[-98.0833,19.30983],[-98.08504,19.31063],[-98.08643,19.31205],[-98.08857,19.31397],[-98.08955,19.31527],[-98.09128,19.31694],[-98.09162,19.31756],[-98.09231,19.31824],[-98.09516,19.31877],[-98.09571,19.31897],[-98.09625,19.3194],[-98.09742,19.31936],[-98.09788,19.31953],[-98.09863,19.32026],[-98.09937,19.32052],[-98.09924,19.31977],[-98.09997,19.31991],[-98.10045,19.31967],[-98.10076,19.31971],[-98.10139,19.32011],[-98.10188,19.3202],[-98.10237,19.32051],[-98.10394,19.32083],[-98.10556,19.31949],[-98.10583,19.31963],[-98.10837,19.32018],[-98.10921,19.32151],[-98.11002,19.32205],[-98.1108,19.32297],[-98.11125,19.32326],[-98.1116,19.32323],[-98.11194,19.32334],[-98.11307,19.32414],[-98.11414,19.32432],[-98.11733,19.32653],[-98.11821,19.32704],[-98.11904,19.32733],[-98.12007,19.32795],[-98.12137,19.32845],[-98.12175,19.32831],[-98.12232,19.32861],[-98.12283,19.32863],[-98.12337,19.32921],[-98.1239,19.32955],[-98.12575,19.33017],[-98.12614,19.33045],[-98.12807,19.33126],[-98.12838,19.3315],[-98.12633,19.33406],[-98.12392,19.3368],[-98.12359,19.33732]]]}},{"type":"Feature","properties":{"seccion":80,"municipio":6,"distrito_local":1,"distrito_federal":2},"geometry":{"type":"Polygon","coordinates":[[[-98.56791,19.59217],[-98.56858,19.59221],[-98.56847,19.59255],[-98.56827,19.59286],[-98.56737,19.59406],[-98.56709,19.59528],[-98.56715,19.59614],[-98.56622,19.59736],[-98.56593,19.59716],[-98.56578,19.59634],[-98.56543,19.59607],[-98.56498,19.59707],[-98.56409,19.59783],[-98.56364,19.5984],[-98.56286,19.59981],[-98.56241,19.6004],[-98.5605,19.59962],[-98.56217,19.59691],[-98.56319,19.59735],[-98.56336,19.59698],[-98.56333,19.59673],[-98.56341,19.59656],[-98.56356,19.59654],[-98.56377,19.59569],[-98.56412,19.59558],[-98.56436,19.59526],[-98.56462,19.59465],[-98.56508,19.59476],[-98.56539,19.5937],[-98.56575,19.5929],[-98.56587,19.59207],[-98.56601,19.59195],[-98.56666,19.5907],[-98.56706,19.58978],[-98.56619,19.58943],[-98.56677,19.58884],[-98.56721,19.58738],[-98.5673,19.58658],[-98.5703,19.58782],[-98.56845,19.59181],[-98.56791,19.59217]]]}},{"type":"Feature","properties":{"seccion":398,"municipio":30,"distrito_local":3,"distrito_federal":1},"geometry":{"type":"Polygon","coordinates":[[[-97.92084,19.46949],[-97.92123,19.46963],[-97.92393,19.4715],[-97.92212,19.47387],[-97.92364,19.47485],[-97.92343,19.47656],[-97.92335,19.47677],[-97.9232,19.47685],[-97.92334,19.47751],[-97.92364,19.47746],[-97.92368,19.47801],[-97.92364,19.47818],[-97.92332,19.47859],[-97.92354,19.47882],[-97.92354,19.47895],[-97.92332,19.47912],[-97.92333,19.47921],[-97.92374,19.47924],[-97.92327,19.48078],[-97.92348,19.48112],[-97.92383,19.48106],[-97.92448,19.48074],[-97.92491,19.4807],[-97.92535,19.48049],[-97.92642,19.48075],[-97.92714,19.4806],[-97.92792,19.48007],[-97.92919,19.47957],[-97.92975,19.4792],[-97.93011,19.4787],[-97.93201,19.47677],[-97.93221,19.47659],[-97.93235,19.47658],[-97.93454,19.47676],[-97.93448,19.47894],[-97.93418,19.48253],[-97.93871,19.48202],[-97.93762,19.48473],[-97.93754,19.48671],[-97.9373,19.48746],[-97.93623,19.48844],[-97.93522,19.48984],[-97.9348,19.49092],[-97.93425,19.49278],[-97.93365,19.49381],[-97.93334,19.49534],[-97.93316,19.49587],[-97.9325,19.49711],[-97.93168,19.49772],[-97.93044,19.49834],[-97.92967,19.49908],[-97.92984,19.49999],[-97.92965,19.50069],[-97.92912,19.50081],[-97.92831,19.5008],[-97.92754,19.50113],[-97.92713,19.50146],[-97.92578,19.50182],[-97.92478,19.50226],[-97.92413,19.50271],[-97.92349,19.503],[-97.9229,19.50295],[-97.92203,19.50269],[-97.92151,19.50236],[-97.92116,19.50194],[-97.92053,19.50144],[-97.92,19.50172],[-97.9197,19.50205],[-97.91934,19.50276],[-97.91839,19.50387],[-97.91769,19.50431],[-97.91722,19.50448],[-97.91605,19.5043],[-97.91541,19.50405],[-97.91325,19.50419],[-97.91166,19.50447],[-97.91008,19.50512],[-97.90785,19.50588],[-97.90744,19.50613],[-97.90737,19.50659],[-97.90648,19.50749],[-97.90519,19.50831],[-97.9046,19.50855],[-97.90383,19.50912],[-97.90238,19.50857],[-97.89532,19.50784],[-97.89328,19.50733],[-97.89012,19.50738],[-97.88778,19.50716],[-97.88569,19.50647],[-97.88255,19.5052],[-97.88326,19.50451],[-97.88338,19.50426],[-97.88397,19.50401],[-97.88543,19.50394],[-97.88631,19.50379],[-97.88655,19.50333],[-97.88656,19.50275],[-97.88586,19.50217],[-97.88423,19.50182],[-97.88336,19.50144],[-97.88237,19.5006],[-97.88152,19.49906],[-97.88066,19.49785],[-97.87949,19.4973],[-97.87915,19.49659],[-97.87916,19.49606],[-97.87964,19.49473],[-97.88053,19.49416],[-97.88111,19.49417],[-97.88205,19.49401],[-97.88317,19.49357],[-97.88534,19.49247],[-97.88595,19.49048],[-97.88614,19.48961],[-97.88609,19.48833],[-97.88671,19.48597],[-97.88672,19.48527],[-97.88697,19.48378],[-97.88698,19.48262],[-97.88806,19.48101],[-97.88737,19.47947],[-97.88709,19.47914],[-97.88733,19.47856],[-97.88954,19.47924],[-97.89094,19.47905],[-97.89223,19.47873],[-97.89358,19.47874],[-97.89416,19.47866],[-97.89498,19.47838],[-97.89611,19.47727],[-97.89647,19.47674],[-97.89689,19.47558],[-97.8969,19.47513],[-97.8972,19.47417],[-97.8975,19.47356],[-97.89763,19.47215],[-97.89747,19.47153],[-97.89806,19.47083],[-97.8983,19.47037],[-97.89912,19.46976],[-97.90012,19.46935],[-97.90044,19.46745],[-97.90056,19.46716],[-97.90057,19.46662],[-97.90034,19.46592],[-97.90035,19.4655],[-97.901,19.46362],[-97.9016,19.46344],[-97.90189,19.46349],[-97.90212,19.46336],[-97.903,19.46341],[-97.9037,19.46371],[-97.90452,19.46367],[-97.90475,19.46392],[-97.90533,19.46364],[-97.90569,19.4636],[-97.90622,19.46332],[-97.90645,19.46307],[-97.90675,19.46291],[-97.90698,19.46295],[-97.90757,19.46283],[-97.90757,19.46221],[-97.90805,19.46147],[-97.90811,19.46118],[-97.90765,19.46089],[-97.90772,19.45997],[-97.90872,19.4594],[-97.90907,19.45932],[-97.91006,19.45929],[-97.91047,19.45917],[-97.91113,19.45843],[-97.91148,19.45777],[-97.91189,19.45773],[-97.92055,19.46729],[-97.92054,19.46738],[-97.92108,19.46749],[-97.92141,19.46773],[-97.92166,19.46825],[-97.92084,19.46949]]]}},{"type":"Feature","properties":{"seccion":399,"municipio":30,"distrito_local":3,"distrito_federal":1},"geometry":{"type":"Polygon","coordinates":[[[-97.94022,19.47558],[-97.94034,19.47602],[-97.94027,19.47616],[-97.93966,19.47694],[-97.93902,19.47752],[-97.93858,19.47875],[-97.93871,19.48202],[-97.93418,19.48253],[-97.93448,19.47894],[-97.93454,19.47676],[-97.93235,19.47658],[-97.93221,19.47659],[-97.93201,19.47677],[-97.93011,19.4787],[-97.92975,19.4792],[-97.92919,19.47957],[-97.92792,19.48007],[-97.92714,19.4806],[-97.92642,19.48075],[-97.92535,19.48049],[-97.92491,19.4807],[-97.92448,19.48074],[-97.92383,19.48106],[-97.92348,19.48112],[-97.92327,19.48078],[-97.92374,19.47924],[-97.92333,19.47921],[-97.92332,19.47912],[-97.92354,19.47895],[-97.92354,19.47882],[-97.92332,19.47859],[-97.92364,19.47818],[-97.92368,19.47801],[-97.92364,19.47746],[-97.92334,19.47751],[-97.9232,19.47685],[-97.92335,19.47677],[-97.92343,19.47656],[-97.92364,19.47485],[-97.92212,19.47387],[-97.92393,19.4715],[-97.92123,19.46963],[-97.92084,19.46949],[-97.92166,19.46825],[-97.92157,19.46799],[-97.92128,19.46759],[-97.92054,19.46738],[-97.92065,19.46685],[-97.92106,19.46592],[-97.92114,19.46464],[-97.9213,19.46429],[-97.92137,19.46362],[-97.92175,19.46307],[-97.92289,19.4624],[-97.92345,19.46184],[-97.92461,19.4615],[-97.92473,19.46115],[-97.92527,19.46051],[-97.92528,19.46027],[-97.92464,19.4598],[-97.92467,19.45935],[-97.92562,19.45824],[-97.92578,19.45782],[-97.92603,19.45773],[-97.92662,19.45778],[-97.92976,19.45876],[-97.93087,19.45898],[-97.93221,19.45936],[-97.93362,19.45961],[-97.9381,19.45993],[-97.93793,19.46027],[-97.93809,19.4622],[-97.93792,19.46285],[-97.93798,19.46307],[-97.93757,19.4646],[-97.93771,19.46537],[-97.93799,19.46573],[-97.9381,19.46659],[-97.93775,19.46865],[-97.93756,19.46906],[-97.93741,19.46918],[-97.93737,19.46962],[-97.93699,19.47111],[-97.93682,19.47141],[-97.93679,19.47163],[-97.9372,19.4719],[-97.93814,19.47227],[-97.93893,19.47282],[-97.93991,19.47415],[-97.94027,19.475],[-97.94032,19.47541],[-97.94022,19.47558]]]}},{"type":"Feature","properties":{"seccion":400,"municipio":54,"distrito_local":3,"distrito_federal":1},"geometry":{"type":"Polygon","coordinates":[[[-97.95629,19.60136],[-97.95601,19.60099],[-97.95602,19.60028],[-97.95615,19.59966],[-97.95522,19.59895],[-97.95512,19.59787],[-97.95519,19.59688],[-97.95416,19.59504],[-97.95393,19.59425],[-97.95221,19.59217],[-97.95203,19.59221],[-97.95168,19.59192],[-97.95164,19.59042],[-97.95153,19.58976],[-97.95091,19.5881],[-97.94987,19.58697],[-97.94912,19.58634],[-97.94801,19.58571],[-97.94644,19.58541],[-97.94661,19.58619],[-97.94492,19.58568],[-97.94445,19.58576],[-97.94157,19.58673],[-97.93945,19.58787],[-97.93857,19.58815],[-97.93775,19.58823],[-97.93623,19.58822],[-97.93417,19.58907],[-97.93213,19.58889],[-97.9301,19.5875],[-97.9307,19.58639],[-97.93123,19.58569],[-97.932,19.58499],[-97.9326,19.58412],[-97.93337,19.58351],[-97.93413,19.58273],[-97.9349,19.5824],[-97.93613,19.58217],[-97.93724,19.58218],[-97.93836,19.58198],[-97.93924,19.58157],[-97.93994,19.58137],[-97.94129,19.58134],[-97.94269,19.58119],[-97.9434,19.58094],[-97.9441,19.58041],[-97.94476,19.57976],[-97.94529,19.57935],[-97.94547,19.57868],[-97.94606,19.57815],[-97.94642,19.57753],[-97.94672,19.5772],[-97.94725,19.57688],[-97.94687,19.57654],[-97.94623,19.57654],[-97.9462,19.57547],[-97.94663,19.57503],[-97.94665,19.57429],[-97.9458,19.57389],[-97.94572,19.57267],[-97.94577,19.57234],[-97.94608,19.57206],[-97.9448,19.57135],[-97.94462,19.57134],[-97.94352,19.57046],[-97.94248,19.57004],[-97.94254,19.56938],[-97.94272,19.56888],[-97.94273,19.56851],[-97.94315,19.56802],[-97.94385,19.56765],[-97.94433,19.5672],[-97.94468,19.56699],[-97.94515,19.56629],[-97.94586,19.56597],[-97.94657,19.56515],[-97.9484,19.56375],[-97.94969,19.56343],[-97.95004,19.56327],[-97.9504,19.56294],[-97.95034,19.56257],[-97.95052,19.56224],[-97.95047,19.56215],[-97.95059,19.56166],[-97.95077,19.56145],[-97.95083,19.56091],[-97.95067,19.56],[-97.95073,19.55959],[-97.95092,19.55888],[-97.95163,19.55752],[-97.9517,19.55703],[-97.952,19.55653],[-97.95235,19.55629],[-97.95259,19.55587],[-97.95306,19.55567],[-97.95359,19.5551],[-97.95471,19.55453],[-97.95566,19.5535],[-97.9565,19.55176],[-97.95762,19.55123],[-97.95843,19.5512],[-97.95943,19.551],[-97.96031,19.55035],[-97.96098,19.54857],[-97.96169,19.54767],[-97.96222,19.54726],[-97.96263,19.54776],[-97.96286,19.54772],[-97.96316,19.54726],[-97.96346,19.54627],[-97.96376,19.54615],[-97.96463,19.54632],[-97.96468,19.54686],[-97.96503,19.54711],[-97.96573,19.54745],[-97.96643,19.54746],[-97.96677,19.54808],[-97.9671,19.55012],[-97.96698,19.55074],[-97.96689,19.55314],[-97.96744,19.55604],[-97.96737,19.55691],[-97.96742,19.55774],[-97.9678,19.55949],[-97.96802,19.56106],[-97.96794,19.56276],[-97.96828,19.56363],[-97.96861,19.56525],[-97.96863,19.56836],[-97.9696,19.57081],[-97.97006,19.57148],[-97.97016,19.57243],[-97.96979,19.57388],[-97.97013,19.57496],[-97.97042,19.57538],[-97.97106,19.57592],[-97.97221,19.57722],[-97.97657,19.57933],[-97.97773,19.58004],[-97.98017,19.58134],[-97.98259,19.58347],[-97.9819,19.58326],[-97.98108,19.58337],[-97.9805,19.58353],[-97.97997,19.5839],[-97.97909,19.58402],[-97.97822,19.58364],[-97.97736,19.58313],[-97.97683,19.58313],[-97.97619,19.58333],[-97.97561,19.58336],[-97.97456,19.5831],[-97.97392,19.58269],[-97.9727,19.5828],[-97.9702,19.58269],[-97.96817,19.58189],[-97.96712,19.58167],[-97.96532,19.58145],[-97.96474,19.58061],[-97.96317,19.58047],[-97.96255,19.58076],[-97.96234,19.58056],[-97.96155,19.58073],[-97.96083,19.58035],[-97.9604,19.57968],[-97.96003,19.57935],[-97.95918,19.57924],[-97.95895,19.57906],[-97.95913,19.5785],[-97.9591,19.57818],[-97.95893,19.57786],[-97.95865,19.57779],[-97.95809,19.57781],[-97.95781,19.57736],[-97.95752,19.57656],[-97.95724,19.57646],[-97.95657,19.57671],[-97.95567,19.57645],[-97.95548,19.57608],[-97.95465,19.57536],[-97.9542,19.57514],[-97.95291,19.57472],[-97.95243,19.57448],[-97.95182,19.57622],[-97.9507,19.57695],[-97.9518,19.5774],[-97.95243,19.57752],[-97.95311,19.57779],[-97.95359,19.5788],[-97.95404,19.57912],[-97.95445,19.57928],[-97.95478,19.57969],[-97.95641,19.5806],[-97.95666,19.58125],[-97.95811,19.58145],[-97.95934,19.58209],[-97.96048,19.58254],[-97.96124,19.58306],[-97.96139,19.58293],[-97.96173,19.5833],[-97.96165,19.58377],[-97.96205,19.58391],[-97.96231,19.58417],[-97.96223,19.58484],[-97.96259,19.58473],[-97.96283,19.58455],[-97.9631,19.5848],[-97.96301,19.5864],[-97.96307,19.58673],[-97.96121,19.58886],[-97.96202,19.58978],[-97.96241,19.59094],[-97.96268,19.5926],[-97.96227,19.59343],[-97.96156,19.59392],[-97.96115,19.59433],[-97.9602,19.5961],[-97.96017,19.59846],[-97.96005,19.5992],[-97.95934,19.59978],[-97.95659,19.60062],[-97.95636,19.60103],[-97.95629,19.60136]]]}},{"type":"Feature","properties":{"seccion":403,"municipio":30,"distrito_local":3,"distrito_federal":1},"geometry":{"type":"Polygon","coordinates":[[[-97.86872,19.5451],[-97.86792,19.54377],[-97.86676,19.54256],[-97.86689,19.5421],[-97.86673,19.54094],[-97.86691,19.54024],[-97.86804,19.53872],[-97.86894,19.53665],[-97.86907,19.53599],[-97.86902,19.53508],[-97.86863,19.53392],[-97.86805,19.53345],[-97.8666,19.53265],[-97.86654,19.5322],[-97.87003,19.52962],[-97.87091,19.52905],[-97.87232,19.52831],[-97.8728,19.5277],[-97.87569,19.52524],[-97.8764,19.52445],[-97.87682,19.52384],[-97.87742,19.52252],[-97.87749,19.52165],[-97.87738,19.5214],[-97.87774,19.52082],[-97.87873,19.52079],[-97.8792,19.52092],[-97.87971,19.52167],[-97.87982,19.52208],[-97.88017,19.52221],[-97.88053,19.52188],[-97.881,19.52118],[-97.88142,19.52028],[-97.88215,19.51804],[-97.88257,19.51718],[-97.88317,19.51652],[-97.88506,19.515],[-97.88548,19.51405],[-97.88544,19.51277],[-97.88498,19.51156],[-97.88429,19.51098],[-97.88395,19.51035],[-97.88255,19.5052],[-97.88569,19.50647],[-97.88778,19.50716],[-97.89012,19.50738],[-97.89328,19.50733],[-97.89532,19.50784],[-97.90238,19.50857],[-97.90383,19.50912],[-97.9046,19.50855],[-97.90519,19.50831],[-97.90648,19.50749],[-97.90737,19.50659],[-97.90744,19.50613],[-97.90785,19.50588],[-97.91008,19.50512],[-97.91166,19.50447],[-97.91325,19.50419],[-97.91541,19.50405],[-97.91605,19.5043],[-97.91722,19.50448],[-97.91769,19.50431],[-97.91839,19.50387],[-97.91934,19.50276],[-97.9197,19.50205],[-97.92,19.50172],[-97.92053,19.50144],[-97.92116,19.50194],[-97.92151,19.50236],[-97.92203,19.50269],[-97.9229,19.50295],[-97.92349,19.503],[-97.92413,19.50271],[-97.92478,19.50226],[-97.92578,19.50182],[-97.92713,19.50146],[-97.93228,19.51493],[-97.93175,19.53419],[-97.93047,19.53418],[-97.92918,19.53437],[-97.92721,19.53299],[-97.92598,19.53273],[-97.92464,19.53284],[-97.92329,19.53337],[-97.92258,19.53345],[-97.92217,19.53361],[-97.92146,19.53414],[-97.92088,19.5343],[-97.92047,19.53459],[-97.92092,19.536],[-97.9198,19.53657],[-97.91968,19.53677],[-97.91761,19.53895],[-97.91602,19.54002],[-97.91485,19.53992],[-97.91472,19.54063],[-97.91518,19.54138],[-97.91459,19.54179],[-97.91318,19.54244],[-97.9106,19.54266],[-97.90732,19.54346],[-97.90592,19.54291],[-97.90505,19.54282],[-97.90389,19.54223],[-97.90283,19.54218],[-97.90072,19.54282],[-97.89863,19.54222],[-97.89728,19.542],[-97.89565,19.54199],[-97.89402,19.54144],[-97.89245,19.54064],[-97.8876,19.54026],[-97.88579,19.54033],[-97.8841,19.54027],[-97.88217,19.53996],[-97.87527,19.54044],[-97.87058,19.54139],[-97.86993,19.54176],[-97.86886,19.54283],[-97.86874,19.54365],[-97.86872,19.5451]]]}},{"type":"Feature","properties":{"seccion":401,"municipio":54,"distrito_local":3,"distrito_federal":1},"geometry":{"type":"Polygon","coordinates":[[[-97.92231,19.56285],[-97.92267,19.56297],[-97.92294,19.56267],[-97.92338,19.56293],[-97.92369,19.56286],[-97.92364,19.56277],[-97.92371,19.56256],[-97.92353,19.56217],[-97.92288,19.5616],[-97.9228,19.56129],[-97.923,19.56141],[-97.9233,19.56145],[-97.92363,19.56147],[-97.924,19.56136],[-97.92478,19.56096],[-97.92475,19.56082],[-97.92501,19.56066],[-97.92503,19.56026],[-97.92491,19.56006],[-97.92458,19.55987],[-97.92419,19.55935],[-97.92338,19.55875],[-97.9228,19.5582],[-97.92265,19.55788],[-97.92228,19.55761],[-97.92205,19.55735],[-97.92194,19.55675],[-97.92176,19.55654],[-97.92158,19.55644],[-97.9213,19.55644],[-97.92101,19.5569],[-97.92076,19.55704],[-97.92051,19.55754],[-97.92039,19.5575],[-97.91997,19.55698],[-97.9195,19.5566],[-97.91923,19.55655],[-97.91894,19.55661],[-97.91894,19.55625],[-97.91867,19.55573],[-97.91894,19.55539],[-97.91859,19.55494],[-97.91829,19.55482],[-97.91807,19.55414],[-97.91818,19.55359],[-97.91804,19.55303],[-97.91752,19.55308],[-97.91532,19.55251],[-97.91549,19.55172],[-97.91568,19.55124],[-97.91588,19.55092],[-97.91647,19.55032],[-97.91654,19.54918],[-97.91644,19.54769],[-97.91669,19.54694],[-97.9167,19.54636],[-97.91664,19.54578],[-97.91636,19.54503],[-97.91601,19.54478],[-97.91556,19.54395],[-97.91459,19.54179],[-97.91518,19.54138],[-97.91472,19.54063],[-97.91485,19.53992],[-97.91602,19.54002],[-97.91761,19.53895],[-97.91968,19.53677],[-97.9198,19.53657],[-97.92092,19.536],[-97.92047,19.53459],[-97.92088,19.5343],[-97.92146,19.53414],[-97.92217,19.53361],[-97.92258,19.53345],[-97.92329,19.53337],[-97.92464,19.53284],[-97.92598,19.53273],[-97.92721,19.53299],[-97.92918,19.53437],[-97.93047,19.53418],[-97.93175,19.53419],[-97.93227,19.53452],[-97.93279,19.53561],[-97.93272,19.53652],[-97.93254,19.53701],[-97.93176,19.53821],[-97.93199,19.53837],[-97.93246,19.53854],[-97.93299,19.53855],[-97.93445,19.53823],[-97.93474,19.53836],[-97.93544,19.53836],[-97.93573,19.53833],[-97.93644,19.53792],[-97.93679,19.53792],[-97.93767,19.53797],[-97.93837,19.53822],[-97.9393,19.53827],[-97.94006,19.53869],[-97.94105,19.53845],[-97.94274,19.53888],[-97.9435,19.53926],[-97.945,19.5406],[-97.94744,19.54174],[-97.94831,19.54237],[-97.94854,19.54308],[-97.94982,19.54359],[-97.95011,19.54355],[-97.95028,19.54434],[-97.95051,19.54463],[-97.95108,19.54509],[-97.95154,19.5458],[-97.95183,19.54638],[-97.952,19.54696],[-97.95168,19.54862],[-97.95191,19.54961],[-97.95178,19.55036],[-97.9516,19.55081],[-97.95239,19.55264],[-97.9532,19.55393],[-97.95331,19.55443],[-97.95359,19.5551],[-97.95306,19.55567],[-97.95259,19.55587],[-97.95235,19.55629],[-97.952,19.55653],[-97.9517,19.55703],[-97.95163,19.55752],[-97.95092,19.55888],[-97.95067,19.56],[-97.95083,19.56091],[-97.95077,19.56145],[-97.95059,19.56166],[-97.95047,19.56215],[-97.95052,19.56224],[-97.95034,19.56257],[-97.9504,19.56294],[-97.95004,19.56327],[-97.94969,19.56343],[-97.9484,19.56375],[-97.94657,19.56515],[-97.94586,19.56597],[-97.94515,19.56629],[-97.94468,19.56699],[-97.94433,19.5672],[-97.94385,19.56765],[-97.94315,19.56802],[-97.94273,19.56851],[-97.94272,19.56888],[-97.94248,19.56975],[-97.94248,19.57004],[-97.94352,19.57046],[-97.94462,19.57134],[-97.9448,19.57135],[-97.94608,19.57206],[-97.94577,19.57234],[-97.94572,19.57267],[-97.9458,19.57389],[-97.94665,19.57429],[-97.94663,19.57503],[-97.9462,19.57547],[-97.94623,19.57654],[-97.94687,19.57654],[-97.94725,19.57688],[-97.94672,19.5772],[-97.94642,19.57753],[-97.94606,19.57815],[-97.94547,19.57868],[-97.94529,19.57935],[-97.94476,19.57976],[-97.9441,19.58041],[-97.9434,19.58094],[-97.94269,19.58119],[-97.94129,19.58134],[-97.93994,19.58137],[-97.93924,19.58157],[-97.93836,19.58198],[-97.93724,19.58218],[-97.93613,19.58217],[-97.9349,19.5824],[-97.93413,19.58273],[-97.93337,19.58351],[-97.9326,19.58412],[-97.932,19.58499],[-97.93123,19.58569],[-97.9307,19.58639],[-97.9301,19.5875],[-97.92928,19.58782],[-97.92822,19.58852],[-97.92634,19.58929],[-97.92593,19.58929],[-97.92511,19.58891],[-97.92476,19.58882],[-97.92418,19.58882],[-97.92306,19.58959],[-97.92018,19.59052],[-97.91953,19.5908],[-97.91918,19.59122],[-97.91824,19.59179],[-97.91624,19.59256],[-97.91534,19.59272],[-97.91511,19.59226],[-97.91459,19.59172],[-97.9132,19.59075],[-97.91302,19.5905],[-97.91267,19.59029],[-97.91239,19.58975],[-97.91205,19.58817],[-97.91183,19.58638],[-97.91178,19.5848],[-97.91162,19.58364],[-97.91075,19.58247],[-97.90947,19.58164],[-97.91013,19.58082],[-97.91078,19.58049],[-97.91355,19.57849],[-97.91449,19.57796],[-97.91543,19.57726],[-97.91744,19.57566],[-97.91804,19.57501],[-97.91862,19.57472],[-97.91945,19.57394],[-97.92005,19.57249],[-97.91994,19.57212],[-97.92024,19.57158],[-97.92036,19.57109],[-97.92061,19.56981],[-97.92045,19.56898],[-97.92093,19.56811],[-97.92199,19.56688],[-97.92189,19.5663],[-97.92154,19.56559],[-97.92186,19.56389],[-97.92203,19.5636],[-97.9221,19.56315],[-97.92231,19.56285]]]}},{"type":"Feature","properties":{"seccion":83,"municipio":6,"distrito_local":1,"distrito_federal":2},"geometry":{"type":"Polygon","coordinates":[[[-98.56471,19.58489],[-98.5673,19.58658],[-98.56721,19.58738],[-98.56677,19.58884],[-98.56619,19.58943],[-98.56706,19.58978],[-98.56666,19.5907],[-98.56614,19.5905],[-98.56576,19.59066],[-98.56562,19.59059],[-98.56536,19.59035],[-98.56549,19.59001],[-98.56426,19.59019],[-98.5648,19.58892],[-98.56012,19.58703],[-98.56089,19.58497],[-98.56036,19.58446],[-98.56123,19.58295],[-98.56471,19.58489]]]}},{"type":"Feature","properties":{"seccion":84,"municipio":6,"distrito_local":1,"distrito_federal":2},"geometry":{"type":"Polygon","coordinates":[[[-98.57291,19.58652],[-98.57299,19.58667],[-98.57335,19.58695],[-98.57348,19.58736],[-98.57373,19.58753],[-98.57366,19.58784],[-98.5737,19.58804],[-98.57397,19.58839],[-98.57404,19.58885],[-98.57288,19.58887],[-98.56828,19.58697],[-98.56879,19.58563],[-98.56981,19.58553],[-98.56991,19.58589],[-98.57008,19.58552],[-98.57136,19.58602],[-98.57253,19.58636],[-98.57263,19.58588],[-98.57276,19.58657],[-98.57291,19.58652]]]}},{"type":"Feature","properties":{"seccion":402,"municipio":55,"distrito_local":3,"distrito_federal":1},"geometry":{"type":"Polygon","coordinates":[[[-97.9993,19.54341],[-97.99895,19.54347],[-97.99863,19.54335],[-97.99851,19.54368],[-97.99811,19.544],[-97.99708,19.54398],[-97.9967,19.54406],[-97.99658,19.5444],[-97.99621,19.54452],[-97.99566,19.5443],[-97.99515,19.54439],[-97.99474,19.54425],[-97.99481,19.54383],[-97.99473,19.54347],[-97.99457,19.54329],[-97.99433,19.54339],[-97.99395,19.54312],[-97.99374,19.54284],[-97.99334,19.54283],[-97.9929,19.54261],[-97.99278,19.54236],[-97.99295,19.54141],[-97.99266,19.5412],[-97.99235,19.54141],[-97.99205,19.54139],[-97.99143,19.54104],[-97.99147,19.54026],[-97.99109,19.54023],[-97.99095,19.54012],[-97.99107,19.53993],[-97.99071,19.53973],[-97.99069,19.53948],[-97.99039,19.53921],[-97.99067,19.5386],[-97.99055,19.53848],[-97.99018,19.53865],[-97.99008,19.53848],[-97.99018,19.53813],[-97.99008,19.53774],[-97.9895,19.5375],[-97.98941,19.53708],[-97.98906,19.53695],[-97.98885,19.53677],[-97.98881,19.53646],[-97.98854,19.53601],[-97.98858,19.53569],[-97.98837,19.53518],[-97.98859,19.53483],[-97.98858,19.53443],[-97.98793,19.53399],[-97.98771,19.53359],[-97.98769,19.53245],[-97.98725,19.53259],[-97.98684,19.53247],[-97.98664,19.53215],[-97.98624,19.53226],[-97.98597,19.53217],[-97.98556,19.53271],[-97.98464,19.53355],[-97.97982,19.53345],[-97.9822,19.5365],[-97.98034,19.53904],[-97.97997,19.53856],[-97.97873,19.53954],[-97.97898,19.53992],[-97.97853,19.54038],[-97.97816,19.54055],[-97.97771,19.54091],[-97.97669,19.54088],[-97.97599,19.54103],[-97.97547,19.54102],[-97.97534,19.54111],[-97.97515,19.54102],[-97.97476,19.54104],[-97.97332,19.54138],[-97.97303,19.5413],[-97.97197,19.54196],[-97.97102,19.54222],[-97.97047,19.54254],[-97.97043,19.54275],[-97.97052,19.54331],[-97.9707,19.54352],[-97.97097,19.54412],[-97.97129,19.54521],[-97.97131,19.54557],[-97.97162,19.54667],[-97.97161,19.54727],[-97.97142,19.5473],[-97.97122,19.5471],[-97.97055,19.54604],[-97.96996,19.54553],[-97.9688,19.54549],[-97.96786,19.54581],[-97.96763,19.54616],[-97.96751,19.54675],[-97.96764,19.54702],[-97.96765,19.54777],[-97.96759,19.54795],[-97.9674,19.548],[-97.96689,19.54737],[-97.96656,19.54734],[-97.96643,19.54746],[-97.96573,19.54745],[-97.96503,19.54711],[-97.96468,19.54686],[-97.96463,19.54632],[-97.96376,19.54615],[-97.96346,19.54627],[-97.96316,19.54726],[-97.96286,19.54772],[-97.96263,19.54776],[-97.96222,19.54726],[-97.96169,19.54767],[-97.96098,19.54857],[-97.96031,19.55035],[-97.95943,19.551],[-97.95843,19.5512],[-97.95762,19.55123],[-97.9565,19.55176],[-97.95566,19.5535],[-97.95471,19.55453],[-97.95359,19.5551],[-97.95331,19.55443],[-97.9532,19.55393],[-97.95239,19.55264],[-97.9516,19.55081],[-97.95178,19.55036],[-97.95191,19.54961],[-97.95168,19.54862],[-97.952,19.54696],[-97.95183,19.54638],[-97.9526,19.54539],[-97.95342,19.54498],[-97.95384,19.54462],[-97.95437,19.54391],[-97.95532,19.54305],[-97.95632,19.54261],[-97.9582,19.542],[-97.96061,19.54024],[-97.96279,19.53897],[-97.96497,19.5375],[-97.96527,19.53684],[-97.96651,19.53577],[-97.9691,19.53447],[-97.97169,19.53279],[-97.97223,19.53185],[-97.97177,19.53159],[-97.97172,19.53101],[-97.97196,19.52998],[-97.97407,19.52921],[-97.97531,19.52847],[-97.97562,19.52736],[-97.97639,19.52587],[-97.97658,19.52525],[-97.97735,19.52426],[-97.97747,19.52389],[-97.97872,19.52175],[-97.97985,19.52031],[-97.98068,19.51961],[-97.98122,19.51854],[-97.98135,19.51705],[-97.98195,19.51573],[-97.98208,19.51494],[-97.98204,19.51324],[-97.98212,19.51167],[-97.98175,19.50868],[-97.98107,19.50623],[-97.98114,19.50582],[-97.98184,19.50574],[-97.98443,19.50431],[-97.98631,19.50313],[-97.98702,19.50226],[-97.9884,19.49966],[-97.9897,19.49818],[-97.99012,19.49756],[-97.99054,19.49653],[-97.9902,19.49586],[-97.99021,19.49499],[-97.99057,19.49438],[-97.99128,19.49368],[-97.99227,19.49327],[-97.9928,19.49323],[-97.99316,19.49229],[-97.99439,19.4918],[-97.99458,19.49122],[-97.99481,19.49097],[-97.99528,19.48933],[-97.9958,19.48971],[-97.99749,19.48977],[-97.99964,19.49025],[-98.0003,19.48847],[-98.01223,19.4912],[-98.01158,19.49223],[-98.01507,19.49359],[-98.01646,19.49426],[-98.01786,19.49473],[-98.01908,19.49549],[-98.0203,19.49646],[-98.02204,19.49722],[-98.02343,19.49761],[-98.02571,19.49771],[-98.02646,19.49817],[-98.02827,19.49794],[-98.03025,19.4985],[-98.03445,19.49871],[-98.03527,19.49793],[-98.03627,19.49744],[-98.0359,19.49926],[-98.03658,19.50196],[-98.03727,19.50267],[-98.03832,19.5028],[-98.03798,19.50251],[-98.04187,19.50349],[-98.03142,19.51309],[-98.02243,19.51453],[-98.02131,19.51555],[-98.01991,19.51587],[-98.01914,19.51702],[-98.01826,19.51768],[-98.01784,19.51887],[-98.01842,19.51954],[-98.02266,19.52223],[-98.01013,19.53548],[-98.00287,19.54116],[-98.00153,19.5419],[-98.00059,19.54255],[-97.99953,19.54304],[-97.9993,19.54341]]]}},{"type":"Feature","properties":{"seccion":408,"municipio":30,"distrito_local":3,"distrito_federal":1},"geometry":{"type":"Polygon","coordinates":[[[-97.99129,19.44101],[-97.97315,19.4409],[-97.96708,19.43538],[-97.96559,19.43375],[-97.96473,19.43242],[-97.96357,19.43141],[-97.96241,19.43058],[-97.96183,19.42991],[-97.9605,19.42894],[-97.95864,19.42806],[-97.95778,19.42714],[-97.95662,19.42642],[-97.9557,19.42559],[-97.95505,19.4255],[-97.95425,19.42458],[-97.95303,19.42411],[-97.95221,19.42357],[-97.9517,19.42282],[-97.95146,19.42285],[-97.95264,19.42233],[-97.95311,19.42175],[-97.95341,19.42163],[-97.95376,19.4213],[-97.95504,19.42135],[-97.95587,19.42124],[-97.95622,19.42078],[-97.95646,19.42062],[-97.95698,19.42046],[-97.95734,19.42021],[-97.95788,19.41919],[-97.95836,19.41803],[-97.96606,19.41855],[-97.96647,19.41835],[-97.96907,19.41638],[-97.96896,19.4158],[-97.96845,19.41463],[-97.96799,19.41392],[-97.96791,19.41345],[-97.96924,19.41487],[-97.96999,19.41608],[-97.97079,19.41762],[-97.97212,19.41879],[-97.97363,19.41988],[-97.98446,19.42861],[-97.99055,19.43952],[-97.99129,19.44101]]]}},{"type":"Feature","properties":{"seccion":87,"municipio":6,"distrito_local":1,"distrito_federal":2},"geometry":{"type":"Polygon","coordinates":[[[-98.57164,19.58105],[-98.57167,19.58149],[-98.57203,19.58175],[-98.57207,19.58193],[-98.57209,19.58236],[-98.57233,19.58323],[-98.57231,19.58424],[-98.5726,19.58469],[-98.57278,19.58531],[-98.57307,19.5859],[-98.57291,19.58652],[-98.57276,19.58657],[-98.57263,19.58588],[-98.57253,19.58636],[-98.57136,19.58602],[-98.57008,19.58552],[-98.56991,19.58589],[-98.56981,19.58553],[-98.56879,19.58563],[-98.56944,19.58391],[-98.56916,19.58248],[-98.57156,19.58343],[-98.57175,19.58422],[-98.5719,19.58436],[-98.5718,19.58401],[-98.57195,19.58336],[-98.57171,19.58241],[-98.57087,19.58149],[-98.57164,19.58105]]]}},{"type":"Feature","properties":{"seccion":404,"municipio":30,"distrito_local":3,"distrito_federal":1},"geometry":{"type":"Polygon","coordinates":[[[-97.93871,19.48202],[-97.93858,19.47875],[-97.93902,19.47752],[-97.93966,19.47694],[-97.94027,19.47616],[-97.94034,19.47602],[-97.94022,19.47558],[-97.94032,19.47541],[-97.94027,19.475],[-97.93991,19.47415],[-97.93893,19.47282],[-97.93814,19.47227],[-97.9372,19.4719],[-97.93679,19.47163],[-97.93682,19.47141],[-97.93699,19.47111],[-97.93737,19.46962],[-97.93741,19.46918],[-97.93756,19.46906],[-97.93775,19.46865],[-97.9381,19.46659],[-97.93799,19.46573],[-97.93771,19.46537],[-97.93757,19.4646],[-97.93798,19.46307],[-97.93792,19.46285],[-97.93809,19.4622],[-97.93793,19.46027],[-97.9381,19.45993],[-97.94237,19.45966],[-97.95219,19.4592],[-97.95307,19.45907],[-97.95409,19.45541],[-97.96501,19.4537],[-97.96653,19.4522],[-97.97315,19.4409],[-97.99129,19.44101],[-97.99251,19.4421],[-97.99404,19.44083],[-97.9944,19.43955],[-97.9951,19.43919],[-97.99633,19.43879],[-97.99779,19.4381],[-97.99913,19.43844],[-98.0004,19.43907],[-98.00209,19.43909],[-98.00419,19.43895],[-98.00583,19.43917],[-98.00324,19.44192],[-98.00165,19.44348],[-98.00064,19.44562],[-97.99964,19.44665],[-97.99975,19.44805],[-97.99904,19.44875],[-97.99864,19.44862],[-97.99788,19.44903],[-97.99699,19.44977],[-97.99623,19.45005],[-97.99524,19.45087],[-97.99477,19.4509],[-97.99406,19.45218],[-97.992,19.45473],[-97.99084,19.45467],[-97.98949,19.45503],[-97.98784,19.45754],[-97.98765,19.45891],[-97.98782,19.45982],[-97.98781,19.4604],[-97.98658,19.46121],[-97.98247,19.47181],[-97.98224,19.47972],[-97.99402,19.48584],[-97.99495,19.48618],[-97.99553,19.48706],[-97.99523,19.48817],[-97.99528,19.48933],[-97.99481,19.49097],[-97.99458,19.49122],[-97.99439,19.4918],[-97.99316,19.49229],[-97.9928,19.49323],[-97.99227,19.49327],[-97.99128,19.49368],[-97.99057,19.49438],[-97.99021,19.49499],[-97.9902,19.49586],[-97.99054,19.49653],[-97.99042,19.4969],[-97.99012,19.49756],[-97.9897,19.49818],[-97.9884,19.49966],[-97.98702,19.50226],[-97.98631,19.50313],[-97.98443,19.50431],[-97.98184,19.50574],[-97.98114,19.50582],[-97.98107,19.50623],[-97.98175,19.50868],[-97.98212,19.51167],[-97.98204,19.51324],[-97.98208,19.51494],[-97.98195,19.51573],[-97.98135,19.51705],[-97.98122,19.51854],[-97.98068,19.51961],[-97.97985,19.52031],[-97.97872,19.52175],[-97.97747,19.52389],[-97.97735,19.52426],[-97.97658,19.52525],[-97.97639,19.52587],[-97.97562,19.52736],[-97.97531,19.52847],[-97.97407,19.52921],[-97.97196,19.52998],[-97.97172,19.53101],[-97.97177,19.53159],[-97.97223,19.53185],[-97.97169,19.53279],[-97.9691,19.53447],[-97.96651,19.53577],[-97.96527,19.53684],[-97.96497,19.5375],[-97.96279,19.53897],[-97.96061,19.54024],[-97.9582,19.542],[-97.95632,19.54261],[-97.95532,19.54305],[-97.95437,19.54391],[-97.95384,19.54462],[-97.95342,19.54498],[-97.9526,19.54539],[-97.95183,19.54638],[-97.95108,19.54509],[-97.95051,19.54463],[-97.95028,19.54434],[-97.95011,19.54355],[-97.94982,19.54359],[-97.94854,19.54308],[-97.94831,19.54237],[-97.94744,19.54174],[-97.945,19.5406],[-97.9435,19.53926],[-97.94274,19.53888],[-97.94105,19.53845],[-97.94006,19.53869],[-97.9393,19.53827],[-97.93837,19.53822],[-97.93767,19.53797],[-97.93644,19.53792],[-97.93573,19.53833],[-97.93474,19.53836],[-97.93445,19.53823],[-97.93299,19.53855],[-97.93246,19.53854],[-97.93199,19.53837],[-97.93176,19.53821],[-97.93254,19.53701],[-97.93272,19.53652],[-97.93279,19.53561],[-97.93227,19.53452],[-97.93175,19.53419],[-97.93228,19.51493],[-97.92713,19.50146],[-97.92754,19.50113],[-97.92831,19.5008],[-97.92912,19.50081],[-97.92965,19.50069],[-97.92984,19.49999],[-97.92967,19.49908],[-97.93044,19.49834],[-97.93168,19.49772],[-97.9325,19.49711],[-97.93316,19.49587],[-97.93334,19.49534],[-97.93365,19.49381],[-97.93425,19.49278],[-97.9348,19.49092],[-97.93522,19.48984],[-97.93623,19.48844],[-97.9373,19.48746],[-97.93754,19.48671],[-97.93762,19.48473],[-97.93871,19.48202]]]}},{"type":"Feature","properties":{"seccion":409,"municipio":31,"distrito_local":3,"distrito_federal":1},"geometry":{"type":"Polygon","coordinates":[[[-98.10125,19.47298],[-98.10679,19.46401],[-98.10687,19.46374],[-98.10683,19.46329],[-98.10693,19.46232],[-98.10766,19.4623],[-98.10802,19.4621],[-98.10897,19.46044],[-98.11697,19.46016],[-98.11671,19.46049],[-98.11729,19.46118],[-98.11749,19.46131],[-98.11737,19.46155],[-98.11755,19.46182],[-98.11766,19.46245],[-98.11751,19.46265],[-98.11746,19.46308],[-98.11752,19.46335],[-98.11841,19.46441],[-98.11963,19.4665],[-98.11972,19.46739],[-98.11913,19.46781],[-98.1199,19.4681],[-98.12083,19.46828],[-98.12222,19.46933],[-98.12225,19.46983],[-98.12408,19.47069],[-98.1242,19.47107],[-98.12384,19.47164],[-98.1234,19.47181],[-98.1233,19.47196],[-98.1256,19.47499],[-98.1216,19.47681],[-98.11465,19.47967],[-98.1107,19.48106],[-98.10789,19.48015],[-98.10663,19.48015],[-98.10293,19.48082],[-98.10158,19.48128],[-98.10116,19.48185],[-98.10077,19.48219],[-98.09977,19.48268],[-98.09806,19.48335],[-98.09852,19.48242],[-98.09917,19.48156],[-98.09965,19.48046],[-98.09998,19.47902],[-98.09999,19.4781],[-98.1002,19.47778],[-98.10125,19.47298]]]}},{"type":"Feature","properties":{"seccion":478,"municipio":34,"distrito_local":2,"distrito_federal":1},"geometry":{"type":"Polygon","coordinates":[[[-98.12449,19.59842],[-98.12328,19.59787],[-98.12238,19.59774],[-98.12254,19.59627],[-98.12318,19.59378],[-98.12343,19.59365],[-98.12422,19.59244],[-98.12771,19.5918],[-98.12868,19.58883],[-98.13398,19.59182],[-98.13451,19.59113],[-98.13513,19.59055],[-98.13622,19.58989],[-98.13703,19.5898],[-98.13783,19.58934],[-98.13815,19.58906],[-98.13915,19.58911],[-98.14021,19.58865],[-98.14177,19.59466],[-98.14117,19.59606],[-98.13982,19.59686],[-98.13962,19.59706],[-98.13929,19.59711],[-98.13882,19.59703],[-98.13825,19.59718],[-98.1376,19.59757],[-98.1374,19.59792],[-98.13729,19.59917],[-98.13684,19.59995],[-98.13655,19.60016],[-98.13644,19.60044],[-98.13651,19.60086],[-98.13565,19.60119],[-98.1347,19.60169],[-98.13381,19.60186],[-98.13224,19.60195],[-98.13159,19.60209],[-98.13084,19.60262],[-98.13044,19.60315],[-98.12996,19.60324],[-98.12937,19.60358],[-98.12945,19.60391],[-98.12856,19.60431],[-98.12765,19.60506],[-98.12731,19.60508],[-98.1272,19.60521],[-98.12726,19.60555],[-98.12673,19.60656],[-98.12568,19.60707],[-98.12549,19.60732],[-98.12525,19.60827],[-98.12372,19.60778],[-98.12392,19.60719],[-98.12174,19.60652],[-98.1225,19.60369],[-98.12256,19.60342],[-98.12252,19.60299],[-98.12282,19.60217],[-98.12417,19.59987],[-98.12437,19.59928],[-98.12449,19.59842]]]}},{"type":"Feature","properties":{"seccion":405,"municipio":30,"distrito_local":3,"distrito_federal":1},"geometry":{"type":"Polygon","coordinates":[[[-97.88111,19.49417],[-97.88053,19.49416],[-97.88048,19.49358],[-97.8799,19.49287],[-97.87979,19.49229],[-97.87986,19.49171],[-97.87958,19.49088],[-97.8797,19.49001],[-97.87971,19.48914],[-97.87943,19.48843],[-97.87885,19.48802],[-97.87844,19.48801],[-97.87639,19.48878],[-97.87562,19.48915],[-97.87533,19.48943],[-97.8748,19.48951],[-97.87305,19.48954],[-97.87264,19.48962],[-97.87193,19.48998],[-97.87122,19.49101],[-97.87099,19.49055],[-97.87083,19.48935],[-97.87066,19.48914],[-97.87002,19.4888],[-97.86979,19.48847],[-97.8695,19.48797],[-97.86957,19.48752],[-97.86898,19.48759],[-97.86804,19.48821],[-97.86669,19.48882],[-97.86581,19.48906],[-97.86452,19.48954],[-97.86328,19.49011],[-97.86192,19.49122],[-97.86086,19.49183],[-97.86022,19.49199],[-97.85917,19.49157],[-97.85853,19.4916],[-97.85777,19.4918],[-97.8572,19.4908],[-97.85661,19.49067],[-97.85568,19.49062],[-97.85527,19.49025],[-97.85447,19.48887],[-97.85396,19.48779],[-97.85315,19.48724],[-97.85251,19.48715],[-97.85198,19.48723],[-97.8517,19.48673],[-97.85129,19.48652],[-97.85106,19.4859],[-97.85043,19.48515],[-97.84992,19.48398],[-97.84963,19.48369],[-97.84952,19.48331],[-97.8486,19.48202],[-97.84867,19.48144],[-97.84849,19.48136],[-97.84844,19.48098],[-97.84839,19.47999],[-97.84846,19.4792],[-97.84824,19.47846],[-97.84789,19.47779],[-97.8475,19.47654],[-97.84763,19.47563],[-97.84723,19.47521],[-97.847,19.47467],[-97.84689,19.47393],[-97.84708,19.47343],[-97.8479,19.47294],[-97.84814,19.47265],[-97.84832,19.47228],[-97.84832,19.47208],[-97.8482,19.47187],[-97.84833,19.47129],[-97.84845,19.47108],[-97.84991,19.47097],[-97.85026,19.47085],[-97.85056,19.47052],[-97.8508,19.47003],[-97.85092,19.46941],[-97.85129,19.46837],[-97.85188,19.46792],[-97.8527,19.46772],[-97.85334,19.46769],[-97.85411,19.46732],[-97.85458,19.46646],[-97.85553,19.46555],[-97.85612,19.46514],[-97.857,19.46486],[-97.85735,19.46491],[-97.85795,19.46408],[-97.85951,19.46041],[-97.86051,19.45988],[-97.86075,19.45947],[-97.86099,19.45893],[-97.86106,19.45823],[-97.86142,19.45749],[-97.86173,19.45612],[-97.8619,19.45596],[-97.86226,19.45592],[-97.86377,19.45614],[-97.86511,19.45648],[-97.86617,19.45616],[-97.86663,19.45617],[-97.86698,19.45667],[-97.86733,19.45684],[-97.86756,19.45692],[-97.86832,19.45697],[-97.86885,19.45681],[-97.8695,19.45619],[-97.86991,19.45595],[-97.87055,19.45587],[-97.8709,19.456],[-97.87248,19.45589],[-97.87295,19.45577],[-97.87401,19.45524],[-97.87442,19.45512],[-97.87722,19.45519],[-97.87944,19.45574],[-97.87979,19.4557],[-97.88067,19.45526],[-97.88243,19.45453],[-97.88325,19.45404],[-97.88413,19.45376],[-97.88448,19.45401],[-97.88488,19.45467],[-97.88493,19.45525],[-97.8845,19.45682],[-97.88356,19.45793],[-97.8825,19.45855],[-97.88197,19.45867],[-97.88063,19.45828],[-97.88004,19.45836],[-97.87975,19.4586],[-97.87957,19.45898],[-97.87968,19.4591],[-97.87959,19.46159],[-97.88575,19.46446],[-97.88681,19.46372],[-97.88905,19.46271],[-97.88993,19.46214],[-97.89193,19.46108],[-97.89246,19.46087],[-97.89316,19.46076],[-97.89339,19.4608],[-97.89398,19.46072],[-97.89497,19.4609],[-97.89572,19.46186],[-97.89636,19.46207],[-97.89688,19.46207],[-97.89765,19.46154],[-97.8994,19.46135],[-97.89992,19.46189],[-97.89975,19.46261],[-97.8999,19.46294],[-97.901,19.46362],[-97.90035,19.4655],[-97.90034,19.46592],[-97.90057,19.46662],[-97.90056,19.46716],[-97.90044,19.46745],[-97.90012,19.46935],[-97.89912,19.46976],[-97.8983,19.47037],[-97.89806,19.47083],[-97.89747,19.47153],[-97.89763,19.47215],[-97.8975,19.47356],[-97.8972,19.47417],[-97.8969,19.47513],[-97.89689,19.47558],[-97.89647,19.47674],[-97.89611,19.47727],[-97.89498,19.47838],[-97.89416,19.47866],[-97.89358,19.47874],[-97.89223,19.47873],[-97.89094,19.47905],[-97.88954,19.47924],[-97.88733,19.47856],[-97.88709,19.47914],[-97.88737,19.47947],[-97.88806,19.48101],[-97.88698,19.48262],[-97.88697,19.48378],[-97.88672,19.48527],[-97.88671,19.48597],[-97.88609,19.48833],[-97.88614,19.48961],[-97.88546,19.49218],[-97.88534,19.49247],[-97.8851,19.49263],[-97.88317,19.49357],[-97.88205,19.49401],[-97.88111,19.49417]]]}},{"type":"Feature","properties":{"seccion":410,"municipio":31,"distrito_local":3,"distrito_federal":1},"geometry":{"type":"Polygon","coordinates":[[[-98.09447,19.46219],[-98.09632,19.46289],[-98.09681,19.46395],[-98.097,19.46414],[-98.09706,19.4641],[-98.09702,19.46365],[-98.0966,19.46276],[-98.09628,19.46139],[-98.09604,19.46116],[-98.09543,19.45983],[-98.09505,19.45949],[-98.09562,19.45899],[-98.09626,19.45864],[-98.09883,19.4576],[-98.09958,19.45712],[-98.09976,19.45709],[-98.10121,19.45544],[-98.1016,19.45473],[-98.10161,19.45425],[-98.10173,19.45395],[-98.10188,19.45477],[-98.10226,19.45496],[-98.10256,19.45646],[-98.10276,19.45692],[-98.10324,19.45752],[-98.10347,19.45742],[-98.10425,19.45738],[-98.10475,19.45767],[-98.10489,19.45764],[-98.10517,19.45748],[-98.10555,19.45686],[-98.1066,19.45684],[-98.10673,19.45667],[-98.10673,19.4564],[-98.10693,19.45625],[-98.10702,19.45641],[-98.1078,19.45592],[-98.10819,19.45637],[-98.10877,19.45633],[-98.10964,19.4561],[-98.10998,19.45668],[-98.11035,19.45704],[-98.11073,19.45727],[-98.11143,19.45727],[-98.11215,19.45693],[-98.11243,19.4578],[-98.11261,19.45951],[-98.11282,19.46028],[-98.10897,19.46044],[-98.10802,19.4621],[-98.10766,19.4623],[-98.10693,19.46232],[-98.10683,19.46329],[-98.10687,19.46374],[-98.10679,19.46401],[-98.10125,19.47298],[-98.09655,19.4683],[-98.09706,19.46746],[-98.09718,19.46692],[-98.09759,19.4665],[-98.09787,19.466],[-98.09783,19.46575],[-98.09749,19.4653],[-98.09739,19.46504],[-98.09706,19.4654],[-98.09598,19.46615],[-98.09495,19.46643],[-98.09466,19.46669],[-98.09456,19.46661],[-98.09447,19.46219]]]}},{"type":"Feature","properties":{"seccion":88,"municipio":6,"distrito_local":1,"distrito_federal":2},"geometry":{"type":"Polygon","coordinates":[[[-98.56916,19.58248],[-98.56944,19.58391],[-98.56828,19.58697],[-98.56697,19.58643],[-98.56626,19.58593],[-98.56626,19.5852],[-98.56592,19.58311],[-98.56545,19.58109],[-98.56652,19.58143],[-98.56916,19.58248]]]}},{"type":"Feature","properties":{"seccion":406,"municipio":30,"distrito_local":3,"distrito_federal":1},"geometry":{"type":"Polygon","coordinates":[[[-97.92603,19.45773],[-97.92578,19.45782],[-97.92562,19.45824],[-97.92467,19.45935],[-97.92464,19.4598],[-97.92528,19.46027],[-97.92527,19.46051],[-97.92473,19.46115],[-97.92461,19.4615],[-97.92345,19.46184],[-97.92289,19.4624],[-97.92175,19.46307],[-97.92137,19.46362],[-97.9213,19.46429],[-97.92114,19.46464],[-97.92106,19.46592],[-97.92065,19.46685],[-97.92055,19.46729],[-97.91189,19.45773],[-97.91148,19.45777],[-97.91113,19.45843],[-97.91047,19.45917],[-97.91006,19.45929],[-97.90907,19.45932],[-97.90872,19.4594],[-97.90772,19.45997],[-97.90765,19.46089],[-97.90811,19.46118],[-97.90805,19.46147],[-97.90757,19.46221],[-97.90757,19.46283],[-97.90698,19.46295],[-97.90675,19.46291],[-97.90645,19.46307],[-97.90622,19.46332],[-97.90569,19.4636],[-97.90533,19.46364],[-97.90475,19.46392],[-97.90452,19.46367],[-97.9037,19.46371],[-97.903,19.46341],[-97.90212,19.46336],[-97.90189,19.46349],[-97.9016,19.46344],[-97.901,19.46362],[-97.8999,19.46294],[-97.89975,19.46261],[-97.89992,19.46189],[-97.8994,19.46135],[-97.89765,19.46154],[-97.89688,19.46207],[-97.89636,19.46207],[-97.89572,19.46186],[-97.89497,19.4609],[-97.89398,19.46072],[-97.89246,19.46087],[-97.89193,19.46108],[-97.88993,19.46214],[-97.88905,19.46271],[-97.88681,19.46372],[-97.88575,19.46446],[-97.87959,19.46159],[-97.87968,19.4591],[-97.87957,19.45898],[-97.87975,19.4586],[-97.88004,19.45836],[-97.88063,19.45828],[-97.88197,19.45867],[-97.8825,19.45855],[-97.88356,19.45793],[-97.8845,19.45682],[-97.88493,19.45525],[-97.88488,19.45467],[-97.88448,19.45401],[-97.88413,19.45376],[-97.88438,19.45297],[-97.88644,19.45141],[-97.8881,19.44944],[-97.88857,19.44924],[-97.88945,19.44937],[-97.89044,19.44909],[-97.89285,19.44816],[-97.89332,19.44787],[-97.89438,19.44697],[-97.89622,19.44508],[-97.89677,19.44338],[-97.89696,19.44231],[-97.89767,19.4414],[-97.8988,19.43914],[-97.89965,19.43711],[-97.90006,19.43654],[-97.90094,19.43704],[-97.9014,19.437],[-97.90181,19.43717],[-97.90221,19.43763],[-97.90337,19.43835],[-97.904,19.4391],[-97.90429,19.4401],[-97.90446,19.44039],[-97.90625,19.44148],[-97.90678,19.44161],[-97.90824,19.44146],[-97.90971,19.44093],[-97.90994,19.44077],[-97.91036,19.43998],[-97.91038,19.43891],[-97.91015,19.43824],[-97.91012,19.43563],[-97.91019,19.43509],[-97.90916,19.4331],[-97.90836,19.43193],[-97.90728,19.42935],[-97.90659,19.42856],[-97.90618,19.4283],[-97.90583,19.42822],[-97.90573,19.42764],[-97.90585,19.42735],[-97.90626,19.42685],[-97.90663,19.42574],[-97.90692,19.42549],[-97.90704,19.42504],[-97.90792,19.42488],[-97.90904,19.4239],[-97.90958,19.42291],[-97.9097,19.42237],[-97.91031,19.42084],[-97.91074,19.4189],[-97.91147,19.41662],[-97.91189,19.41592],[-97.91225,19.41497],[-97.91296,19.41419],[-97.91459,19.41458],[-97.91575,19.4155],[-97.9172,19.41647],[-97.91807,19.41672],[-97.91881,19.41855],[-97.91944,19.41939],[-97.91971,19.42088],[-97.91952,19.42241],[-97.9208,19.42255],[-97.92249,19.42256],[-97.92577,19.4223],[-97.92694,19.42244],[-97.92868,19.42295],[-97.92926,19.42333],[-97.93012,19.42474],[-97.93034,19.42591],[-97.93051,19.4264],[-97.93238,19.42584],[-97.93242,19.4275],[-97.93201,19.4282],[-97.93117,19.42923],[-97.93033,19.43096],[-97.92997,19.43191],[-97.92972,19.43377],[-97.92942,19.43443],[-97.92881,19.43646],[-97.92857,19.43687],[-97.92842,19.43923],[-97.92865,19.43948],[-97.92857,19.44106],[-97.92872,19.44363],[-97.92865,19.44483],[-97.92921,19.44603],[-97.92967,19.44724],[-97.9296,19.4484],[-97.92971,19.44857],[-97.92976,19.44919],[-97.92918,19.44927],[-97.92846,19.45054],[-97.92799,19.45087],[-97.92769,19.4512],[-97.92673,19.45297],[-97.92655,19.45372],[-97.92596,19.45458],[-97.92588,19.45566],[-97.926,19.45595],[-97.92603,19.45773]]]}},{"type":"Feature","properties":{"seccion":407,"municipio":30,"distrito_local":3,"distrito_federal":1},"geometry":{"type":"Polygon","coordinates":[[[-97.93781,19.45995],[-97.93366,19.45962],[-97.93221,19.45936],[-97.93087,19.45898],[-97.92976,19.45876],[-97.92662,19.45778],[-97.92603,19.45773],[-97.926,19.45595],[-97.92588,19.45566],[-97.92596,19.45458],[-97.92655,19.45372],[-97.92673,19.45297],[-97.92769,19.4512],[-97.92799,19.45087],[-97.92846,19.45054],[-97.92918,19.44927],[-97.92976,19.44919],[-97.92971,19.44857],[-97.9296,19.4484],[-97.92967,19.44724],[-97.92921,19.44603],[-97.92865,19.44483],[-97.92872,19.44363],[-97.92857,19.44106],[-97.92865,19.43948],[-97.92842,19.43923],[-97.92857,19.43687],[-97.92881,19.43646],[-97.92942,19.43443],[-97.92972,19.43377],[-97.92997,19.43191],[-97.93033,19.43096],[-97.93117,19.42923],[-97.93201,19.4282],[-97.93242,19.4275],[-97.93238,19.42584],[-97.93924,19.42375],[-97.94164,19.42385],[-97.94321,19.42432],[-97.94503,19.42388],[-97.94602,19.42372],[-97.94684,19.4239],[-97.9473,19.4239],[-97.94805,19.42461],[-97.94935,19.424],[-97.95111,19.4229],[-97.9517,19.42282],[-97.95221,19.42357],[-97.95303,19.42411],[-97.95425,19.42458],[-97.95505,19.4255],[-97.9557,19.42559],[-97.95662,19.42642],[-97.95778,19.42714],[-97.95864,19.42806],[-97.9605,19.42894],[-97.96183,19.42991],[-97.96241,19.43058],[-97.96357,19.43141],[-97.96473,19.43242],[-97.96559,19.43375],[-97.96708,19.43538],[-97.97315,19.4409],[-97.96653,19.4522],[-97.96501,19.4537],[-97.95409,19.45541],[-97.95307,19.45907],[-97.95219,19.4592],[-97.94237,19.45966],[-97.93781,19.45995]]]}},{"type":"Feature","properties":{"seccion":411,"municipio":31,"distrito_local":3,"distrito_federal":1},"geometry":{"type":"Polygon","coordinates":[[[-98.10981,19.44414],[-98.10949,19.44427],[-98.10898,19.44469],[-98.10722,19.44255],[-98.1059,19.44338],[-98.09188,19.42643],[-98.091,19.42534],[-98.09106,19.42507],[-98.09089,19.42497],[-98.0909,19.42489],[-98.09172,19.42441],[-98.09261,19.4241],[-98.09604,19.42421],[-98.09688,19.42405],[-98.0971,19.42388],[-98.09727,19.42336],[-98.09798,19.42191],[-98.09777,19.42118],[-98.09722,19.42078],[-98.09722,19.42064],[-98.09802,19.42101],[-98.09941,19.42127],[-98.10317,19.4203],[-98.10402,19.41942],[-98.10465,19.41912],[-98.10638,19.41852],[-98.10759,19.4182],[-98.10797,19.41817],[-98.11164,19.43184],[-98.11252,19.43484],[-98.11298,19.43681],[-98.11593,19.43662],[-98.11643,19.43692],[-98.11674,19.43738],[-98.11661,19.43753],[-98.11672,19.43787],[-98.11621,19.43836],[-98.11549,19.43968],[-98.1155,19.43992],[-98.11489,19.44196],[-98.11456,19.44425],[-98.11459,19.44516],[-98.11449,19.44563],[-98.11461,19.44626],[-98.11488,19.44674],[-98.11569,19.45002],[-98.11648,19.45256],[-98.1158,19.45338],[-98.11535,19.45319],[-98.11492,19.45279],[-98.11413,19.45176],[-98.11374,19.45137],[-98.11384,19.45005],[-98.11346,19.44912],[-98.1134,19.44861],[-98.11316,19.44788],[-98.11256,19.44756],[-98.11248,19.44722],[-98.11205,19.44669],[-98.11182,19.44605],[-98.11191,19.44558],[-98.1106,19.44569],[-98.10989,19.44584],[-98.10994,19.44491],[-98.10977,19.44474],[-98.10969,19.44451],[-98.10981,19.44414]],[[-98.10135,19.43365],[-98.10247,19.43507],[-98.1041,19.4337],[-98.10604,19.43236],[-98.10479,19.42964],[-98.10256,19.43102],[-98.10339,19.43227],[-98.10135,19.43365]]]}},{"type":"Feature","properties":{"seccion":412,"municipio":31,"distrito_local":3,"distrito_federal":1},"geometry":{"type":"Polygon","coordinates":[[[-98.09089,19.42497],[-98.09106,19.42507],[-98.091,19.42534],[-98.09188,19.42643],[-98.1059,19.44338],[-98.10722,19.44255],[-98.10898,19.44469],[-98.10949,19.44427],[-98.10981,19.44414],[-98.10969,19.44451],[-98.10977,19.44474],[-98.10994,19.44491],[-98.10989,19.44584],[-98.1106,19.44569],[-98.11191,19.44558],[-98.11182,19.44605],[-98.11205,19.44669],[-98.11248,19.44722],[-98.11256,19.44756],[-98.11316,19.44788],[-98.1134,19.44861],[-98.11346,19.44912],[-98.11384,19.45005],[-98.11374,19.45137],[-98.11423,19.45188],[-98.11467,19.45254],[-98.11535,19.45319],[-98.11571,19.45338],[-98.1158,19.45338],[-98.11648,19.45256],[-98.11657,19.45279],[-98.11661,19.45307],[-98.11648,19.45354],[-98.11636,19.45366],[-98.11576,19.45388],[-98.1152,19.45436],[-98.11486,19.45484],[-98.11441,19.45575],[-98.11279,19.45529],[-98.11143,19.45557],[-98.10877,19.45633],[-98.10819,19.45637],[-98.1078,19.45592],[-98.10702,19.45641],[-98.10693,19.45625],[-98.10673,19.4564],[-98.10673,19.45667],[-98.1066,19.45684],[-98.10555,19.45686],[-98.10517,19.45748],[-98.10489,19.45764],[-98.10475,19.45767],[-98.10425,19.45738],[-98.10347,19.45742],[-98.10324,19.45752],[-98.10299,19.45726],[-98.10256,19.45646],[-98.10194,19.45355],[-98.10181,19.45328],[-98.10118,19.45251],[-98.10112,19.45219],[-98.1012,19.4508],[-98.10095,19.45037],[-98.10039,19.44965],[-98.09867,19.44814],[-98.09776,19.44694],[-98.09355,19.4433],[-98.09104,19.44089],[-98.0908,19.44058],[-98.09067,19.43979],[-98.09009,19.43872],[-98.08996,19.43818],[-98.0889,19.43674],[-98.08871,19.4362],[-98.08774,19.43507],[-98.08722,19.43474],[-98.08691,19.4348],[-98.08686,19.43464],[-98.087,19.43425],[-98.08718,19.43397],[-98.08747,19.43371],[-98.0922,19.43101],[-98.09123,19.42871],[-98.09092,19.42754],[-98.09076,19.42592],[-98.09089,19.42497]]]}},{"type":"Feature","properties":{"seccion":413,"municipio":31,"distrito_local":3,"distrito_federal":1},"geometry":{"type":"Polygon","coordinates":[[[-98.08336,19.44994],[-98.0852,19.4468],[-98.08505,19.44619],[-98.08499,19.44472],[-98.08473,19.44476],[-98.08442,19.44451],[-98.08422,19.44303],[-98.08639,19.4414],[-98.08693,19.4404],[-98.08708,19.43981],[-98.08521,19.43866],[-98.08529,19.43858],[-98.08083,19.43498],[-98.08106,19.43434],[-98.08175,19.43306],[-98.08287,19.43206],[-98.08442,19.43338],[-98.08516,19.43386],[-98.08686,19.43464],[-98.08691,19.4348],[-98.08722,19.43474],[-98.08774,19.43507],[-98.08857,19.43601],[-98.0889,19.43674],[-98.08996,19.43818],[-98.09009,19.43872],[-98.09067,19.43979],[-98.09083,19.44066],[-98.09221,19.44208],[-98.09355,19.4433],[-98.09776,19.44694],[-98.09867,19.44814],[-98.10039,19.44965],[-98.1012,19.4508],[-98.10115,19.45241],[-98.10194,19.45355],[-98.10226,19.45496],[-98.10188,19.45477],[-98.10173,19.45395],[-98.10161,19.45425],[-98.1016,19.45473],[-98.10121,19.45544],[-98.09976,19.45709],[-98.09958,19.45712],[-98.09883,19.4576],[-98.09626,19.45864],[-98.09562,19.45899],[-98.09505,19.45949],[-98.09543,19.45983],[-98.09604,19.46116],[-98.09628,19.46139],[-98.0966,19.46276],[-98.09702,19.46365],[-98.09706,19.4641],[-98.097,19.46414],[-98.09681,19.46395],[-98.09632,19.46289],[-98.09447,19.46219],[-98.09435,19.46205],[-98.09364,19.46178],[-98.09378,19.46147],[-98.09307,19.46134],[-98.09269,19.46117],[-98.09227,19.4614],[-98.09143,19.46149],[-98.09116,19.46179],[-98.09046,19.46201],[-98.08993,19.46166],[-98.08967,19.46119],[-98.08968,19.46109],[-98.08953,19.46106],[-98.08931,19.46087],[-98.08929,19.46048],[-98.08955,19.46008],[-98.08953,19.45993],[-98.08929,19.45957],[-98.08898,19.45942],[-98.08894,19.45923],[-98.08911,19.45902],[-98.08908,19.45822],[-98.09002,19.4565],[-98.09069,19.45575],[-98.09053,19.45513],[-98.09059,19.45456],[-98.09002,19.45465],[-98.0891,19.45537],[-98.08831,19.45555],[-98.0877,19.45581],[-98.08698,19.4559],[-98.08599,19.45669],[-98.07925,19.45596],[-98.08336,19.44994]]]}},{"type":"Feature","properties":{"seccion":414,"municipio":31,"distrito_local":3,"distrito_federal":1},"geometry":{"type":"Polygon","coordinates":[[[-98.10135,19.43365],[-98.1032,19.43239],[-98.10331,19.43255],[-98.10266,19.43296],[-98.10291,19.43328],[-98.10351,19.43285],[-98.10375,19.43319],[-98.10337,19.43345],[-98.10376,19.43397],[-98.10247,19.43507],[-98.10135,19.43365]]]}},{"type":"Feature","properties":{"seccion":415,"municipio":31,"distrito_local":3,"distrito_federal":1},"geometry":{"type":"Polygon","coordinates":[[[-98.10604,19.43236],[-98.10376,19.43397],[-98.10337,19.43345],[-98.10375,19.43319],[-98.10351,19.43285],[-98.10291,19.43328],[-98.10266,19.43296],[-98.10331,19.43255],[-98.1032,19.43239],[-98.10339,19.43227],[-98.10256,19.43102],[-98.10479,19.42964],[-98.10604,19.43236]]]}},{"type":"Feature","properties":{"seccion":416,"municipio":31,"distrito_local":3,"distrito_federal":1},"geometry":{"type":"Polygon","coordinates":[[[-98.07136,19.51125],[-98.07074,19.51133],[-98.07043,19.5136],[-98.07017,19.51633],[-98.07033,19.51741],[-98.07032,19.51845],[-98.07048,19.51923],[-98.07059,19.52031],[-98.07049,19.52371],[-98.07019,19.52478],[-98.06919,19.52568],[-98.06743,19.52699],[-98.06702,19.5274],[-98.06637,19.52852],[-98.0653,19.52979],[-98.06442,19.53069],[-98.06313,19.53176],[-98.06271,19.53238],[-98.06247,19.53312],[-98.0627,19.5337],[-98.0628,19.53474],[-98.05883,19.53578],[-98.05848,19.53632],[-98.05906,19.53678],[-98.05986,19.53794],[-98.06101,19.53862],[-98.06176,19.53945],[-98.06188,19.53982],[-98.06144,19.54222],[-98.06114,19.54301],[-98.05955,19.5451],[-98.059,19.54684],[-98.05889,19.54692],[-98.05882,19.54796],[-98.05891,19.54986],[-98.05879,19.5509],[-98.05621,19.55232],[-98.05913,19.5562],[-98.05636,19.5652],[-98.05017,19.57148],[-98.04612,19.56975],[-98.04068,19.56084],[-98.03982,19.55967],[-98.03954,19.55889],[-98.03908,19.55814],[-98.03857,19.55676],[-98.03771,19.55531],[-98.0371,19.55273],[-98.03636,19.55128],[-98.0359,19.55082],[-98.03432,19.55188],[-98.03372,19.55316],[-98.03313,19.55407],[-98.0326,19.55468],[-98.03086,19.554],[-98.03045,19.55375],[-98.0294,19.55354],[-98.02883,19.55316],[-98.02795,19.55348],[-98.02743,19.55315],[-98.02773,19.55236],[-98.02751,19.55153],[-98.02217,19.54473],[-98.02537,19.54077],[-98.02509,19.53944],[-98.02439,19.5384],[-98.02202,19.53635],[-98.02179,19.53531],[-98.02262,19.53412],[-98.02292,19.53304],[-98.02353,19.53238],[-98.02394,19.53215],[-98.02502,19.53306],[-98.02525,19.53343],[-98.0255,19.53365],[-98.0267,19.53416],[-98.02863,19.53422],[-98.03125,19.53474],[-98.03235,19.53487],[-98.03399,19.53477],[-98.03435,19.53407],[-98.03511,19.53349],[-98.03593,19.53305],[-98.03617,19.53235],[-98.03623,19.53123],[-98.03689,19.52983],[-98.03736,19.52917],[-98.04186,19.52789],[-98.04347,19.52368],[-98.04383,19.52223],[-98.04436,19.52087],[-98.0449,19.51897],[-98.04562,19.51703],[-98.04627,19.51563],[-98.04686,19.5146],[-98.04757,19.51382],[-98.04793,19.51275],[-98.04811,19.51168],[-98.04812,19.51056],[-98.04871,19.50878],[-98.05043,19.50565],[-98.0502,19.5056],[-98.05155,19.50361],[-98.05524,19.50717],[-98.05535,19.50736],[-98.05625,19.50592],[-98.05642,19.50586],[-98.05678,19.50533],[-98.05751,19.50409],[-98.05824,19.50325],[-98.05953,19.50151],[-98.05948,19.50134],[-98.05971,19.50105],[-98.0675,19.50612],[-98.06916,19.50844],[-98.06941,19.5089],[-98.07136,19.51125]]]}},{"type":"Feature","properties":{"seccion":418,"municipio":31,"distrito_local":3,"distrito_federal":1},"geometry":{"type":"Polygon","coordinates":[[[-98.10125,19.47298],[-98.1002,19.47778],[-98.09999,19.4781],[-98.09998,19.47902],[-98.09965,19.48046],[-98.09917,19.48156],[-98.09852,19.48242],[-98.09806,19.48335],[-98.09977,19.48268],[-98.10077,19.48219],[-98.10116,19.48185],[-98.10158,19.48128],[-98.10293,19.48082],[-98.10663,19.48015],[-98.10789,19.48015],[-98.1107,19.48106],[-98.11465,19.47967],[-98.1216,19.47681],[-98.1256,19.47499],[-98.1233,19.47196],[-98.1234,19.47181],[-98.12384,19.47164],[-98.1242,19.47107],[-98.12408,19.47069],[-98.12225,19.46983],[-98.12314,19.4699],[-98.12411,19.46982],[-98.12546,19.47002],[-98.12633,19.46999],[-98.12657,19.46962],[-98.12682,19.46953],[-98.12979,19.47118],[-98.13003,19.4706],[-98.13039,19.47007],[-98.13118,19.46976],[-98.1324,19.46984],[-98.13267,19.46976],[-98.13339,19.46921],[-98.13357,19.46917],[-98.13408,19.46928],[-98.13427,19.46919],[-98.13578,19.46759],[-98.13684,19.4686],[-98.13509,19.47025],[-98.13344,19.47207],[-98.13322,19.47244],[-98.13288,19.47333],[-98.13235,19.47413],[-98.12893,19.47897],[-98.12641,19.48235],[-98.12431,19.48498],[-98.12654,19.48551],[-98.13429,19.4876],[-98.1446,19.49252],[-98.15746,19.49549],[-98.1568,19.49628],[-98.15598,19.49682],[-98.15533,19.49769],[-98.15473,19.49876],[-98.15449,19.49972],[-98.15465,19.50091],[-98.15718,19.50485],[-98.15735,19.50551],[-98.15711,19.50634],[-98.15629,19.50643],[-98.15518,19.5064],[-98.15459,19.50624],[-98.15377,19.50653],[-98.15324,19.50703],[-98.15154,19.50774],[-98.1506,19.50783],[-98.1499,19.508],[-98.14878,19.50896],[-98.14836,19.50954],[-98.14819,19.509],[-98.14767,19.50864],[-98.1469,19.50926],[-98.14678,19.50988],[-98.1467,19.51157],[-98.14566,19.51046],[-98.14491,19.50989],[-98.14333,19.5097],[-98.13924,19.50985],[-98.13853,19.5106],[-98.13811,19.51151],[-98.13787,19.51242],[-98.13786,19.51324],[-98.13768,19.51366],[-98.13697,19.51416],[-98.13662,19.51478],[-98.13591,19.51536],[-98.13474,19.5157],[-98.13388,19.51344],[-98.13079,19.51275],[-98.13393,19.50968],[-98.13399,19.50889],[-98.13429,19.50803],[-98.13553,19.50719],[-98.13814,19.50149],[-98.13298,19.5002],[-98.12225,19.49792],[-98.12131,19.49784],[-98.12043,19.49822],[-98.11973,19.4988],[-98.11666,19.50047],[-98.11372,19.50305],[-98.11368,19.50477],[-98.11467,19.50958],[-98.11455,19.51048],[-98.11456,19.51109],[-98.11395,19.51345],[-98.10162,19.5202],[-98.0837,19.5249],[-98.08678,19.51901],[-98.08697,19.51694],[-98.08733,19.51607],[-98.08803,19.51508],[-98.08786,19.51401],[-98.08746,19.51293],[-98.08677,19.51205],[-98.0852,19.51146],[-98.08358,19.51042],[-98.08362,19.50905],[-98.08267,19.50823],[-98.08321,19.50801],[-98.0837,19.50768],[-98.08449,19.50568],[-98.08514,19.50553],[-98.08605,19.50551],[-98.08623,19.50491],[-98.08692,19.49954],[-98.08786,19.49789],[-98.088,19.49679],[-98.08822,19.49632],[-98.08821,19.49613],[-98.08815,19.4959],[-98.08769,19.49522],[-98.08756,19.49484],[-98.08733,19.49455],[-98.08641,19.49373],[-98.08588,19.49369],[-98.08482,19.49297],[-98.08423,19.49225],[-98.08407,19.492],[-98.08393,19.49152],[-98.08423,19.49108],[-98.08421,19.49065],[-98.08346,19.48991],[-98.08292,19.48977],[-98.08219,19.48983],[-98.08036,19.48942],[-98.07984,19.48954],[-98.07935,19.4894],[-98.07808,19.48885],[-98.07232,19.48048],[-98.09456,19.46661],[-98.09466,19.46669],[-98.09495,19.46643],[-98.09598,19.46615],[-98.09706,19.4654],[-98.09739,19.46504],[-98.09749,19.4653],[-98.09783,19.46575],[-98.09787,19.466],[-98.09759,19.4665],[-98.09718,19.46692],[-98.09706,19.46746],[-98.09655,19.4683],[-98.10125,19.47298]]]}},{"type":"Feature","properties":{"seccion":421,"municipio":31,"distrito_local":3,"distrito_federal":1},"geometry":{"type":"Polygon","coordinates":[[[-98.15482,19.46807],[-98.15441,19.46952],[-98.15377,19.46938],[-98.15297,19.47008],[-98.15254,19.46991],[-98.15228,19.47157],[-98.15103,19.47097],[-98.15012,19.47174],[-98.14992,19.47159],[-98.14983,19.4707],[-98.14873,19.46979],[-98.14683,19.46844],[-98.14691,19.46827],[-98.14584,19.4678],[-98.14546,19.4675],[-98.14473,19.4668],[-98.14302,19.46475],[-98.14101,19.4634],[-98.13918,19.46076],[-98.13873,19.46044],[-98.13657,19.45818],[-98.13719,19.45766],[-98.13798,19.45571],[-98.13805,19.45469],[-98.14024,19.45214],[-98.14194,19.45072],[-98.14256,19.44956],[-98.1438,19.44807],[-98.14394,19.44737],[-98.14605,19.44534],[-98.14713,19.4447],[-98.14723,19.44496],[-98.1472,19.44705],[-98.14644,19.44883],[-98.14953,19.44953],[-98.14838,19.45121],[-98.14783,19.45215],[-98.14753,19.4568],[-98.15233,19.45944],[-98.15275,19.45657],[-98.1539,19.45702],[-98.15375,19.4578],[-98.15398,19.45809],[-98.15448,19.45906],[-98.15568,19.46216],[-98.15532,19.46238],[-98.15492,19.46278],[-98.15423,19.46374],[-98.15435,19.46408],[-98.1543,19.46447],[-98.15482,19.46807]]]}},{"type":"Feature","properties":{"seccion":89,"municipio":6,"distrito_local":1,"distrito_federal":2},"geometry":{"type":"Polygon","coordinates":[[[-98.55939,19.56973],[-98.56007,19.57171],[-98.56005,19.57224],[-98.55993,19.57275],[-98.5578,19.57788],[-98.56156,19.57843],[-98.5644,19.57899],[-98.56388,19.5806],[-98.56545,19.58109],[-98.56592,19.58311],[-98.56626,19.5852],[-98.56626,19.58593],[-98.56471,19.58489],[-98.56127,19.58297],[-98.56085,19.58285],[-98.55996,19.58243],[-98.55752,19.58111],[-98.5562,19.58023],[-98.5515,19.57678],[-98.55225,19.57687],[-98.55245,19.57682],[-98.55363,19.57564],[-98.55443,19.57544],[-98.55457,19.57531],[-98.55507,19.57417],[-98.55522,19.57403],[-98.55597,19.574],[-98.55614,19.57386],[-98.5563,19.573],[-98.55674,19.57207],[-98.55717,19.57169],[-98.55741,19.57131],[-98.5575,19.57071],[-98.5583,19.57032],[-98.55857,19.57],[-98.55939,19.56973]]]}},{"type":"Feature","properties":{"seccion":419,"municipio":31,"distrito_local":3,"distrito_federal":1},"geometry":{"type":"Polygon","coordinates":[[[-98.07136,19.51125],[-98.06941,19.5089],[-98.06916,19.50844],[-98.0675,19.50612],[-98.05971,19.50105],[-98.05948,19.50134],[-98.05953,19.50151],[-98.05824,19.50325],[-98.05751,19.50409],[-98.05678,19.50533],[-98.05642,19.50586],[-98.05625,19.50592],[-98.05535,19.50736],[-98.05524,19.50717],[-98.05155,19.50361],[-98.0502,19.5056],[-98.03798,19.50251],[-98.03832,19.5028],[-98.03727,19.50267],[-98.03658,19.50196],[-98.0359,19.49926],[-98.03627,19.49744],[-98.03527,19.49793],[-98.03445,19.49871],[-98.03025,19.4985],[-98.02827,19.49794],[-98.02646,19.49817],[-98.02571,19.49771],[-98.02343,19.49761],[-98.02204,19.49722],[-98.0203,19.49646],[-98.01908,19.49549],[-98.01786,19.49473],[-98.01646,19.49426],[-98.01507,19.49359],[-98.01158,19.49223],[-98.01223,19.4912],[-98.0003,19.48847],[-97.99964,19.49025],[-97.99749,19.48977],[-97.9958,19.48971],[-97.99528,19.48933],[-97.99523,19.48817],[-97.99553,19.48706],[-97.99495,19.48618],[-97.99402,19.48584],[-97.98224,19.47972],[-97.98247,19.47181],[-97.98658,19.46121],[-97.98781,19.4604],[-97.98782,19.45982],[-97.98765,19.45891],[-97.98784,19.45754],[-97.98861,19.45631],[-97.98949,19.45503],[-97.99084,19.45467],[-97.992,19.45473],[-97.99406,19.45218],[-97.99477,19.4509],[-97.99524,19.45087],[-97.99623,19.45005],[-97.99699,19.44977],[-97.99788,19.44903],[-97.99864,19.44862],[-97.99904,19.44875],[-97.99975,19.44805],[-97.99964,19.44665],[-98.00064,19.44562],[-98.00165,19.44348],[-98.00324,19.44192],[-98.00583,19.43917],[-98.00706,19.43802],[-98.00812,19.43692],[-98.00924,19.43552],[-98.01094,19.43388],[-98.01471,19.43545],[-98.01663,19.43655],[-98.01825,19.43764],[-98.02139,19.43928],[-98.02469,19.44126],[-98.02854,19.44225],[-98.04107,19.44904],[-98.04611,19.46102],[-98.04669,19.46164],[-98.04662,19.46288],[-98.0476,19.46513],[-98.04793,19.46658],[-98.04804,19.46745],[-98.04798,19.4682],[-98.04827,19.46899],[-98.04832,19.46969],[-98.04772,19.47118],[-98.04847,19.47222],[-98.04835,19.47305],[-98.04788,19.47391],[-98.04821,19.47545],[-98.0485,19.47543],[-98.04863,19.4753],[-98.04859,19.47572],[-98.04903,19.47609],[-98.04923,19.47577],[-98.04958,19.47598],[-98.05014,19.47574],[-98.05036,19.47603],[-98.05056,19.47579],[-98.05121,19.47567],[-98.05164,19.47567],[-98.052,19.47598],[-98.0523,19.47633],[-98.05185,19.47685],[-98.05113,19.47717],[-98.05098,19.47759],[-98.05117,19.47804],[-98.05216,19.47776],[-98.05333,19.47769],[-98.05513,19.47878],[-98.05653,19.47838],[-98.05758,19.47827],[-98.06206,19.47902],[-98.06364,19.47949],[-98.06504,19.47901],[-98.06621,19.47877],[-98.06795,19.47941],[-98.06853,19.48012],[-98.07033,19.48063],[-98.07144,19.48039],[-98.07232,19.48048],[-98.07808,19.48885],[-98.07935,19.4894],[-98.07984,19.48954],[-98.08036,19.48942],[-98.08219,19.48983],[-98.08292,19.48977],[-98.08346,19.48991],[-98.08421,19.49065],[-98.08423,19.49108],[-98.08393,19.49152],[-98.08407,19.492],[-98.08423,19.49225],[-98.08482,19.49297],[-98.08588,19.49369],[-98.08641,19.49373],[-98.08733,19.49455],[-98.08815,19.4959],[-98.08822,19.49632],[-98.088,19.49679],[-98.08786,19.49789],[-98.08692,19.49954],[-98.08623,19.50491],[-98.08605,19.50551],[-98.08514,19.50553],[-98.08449,19.50568],[-98.0837,19.50768],[-98.08321,19.50801],[-98.08267,19.50823],[-98.08362,19.50905],[-98.08358,19.51042],[-98.0852,19.51146],[-98.08677,19.51205],[-98.08746,19.51293],[-98.08786,19.51401],[-98.08803,19.51508],[-98.08733,19.51607],[-98.08697,19.51694],[-98.08678,19.51901],[-98.0837,19.5249],[-98.07232,19.51113],[-98.07136,19.51125]]]}},{"type":"Feature","properties":{"seccion":420,"municipio":31,"distrito_local":3,"distrito_federal":1},"geometry":{"type":"Polygon","coordinates":[[[-98.1446,19.49252],[-98.13429,19.4876],[-98.12654,19.48551],[-98.12431,19.48498],[-98.12641,19.48235],[-98.12893,19.47897],[-98.13274,19.47356],[-98.13322,19.47244],[-98.1337,19.47175],[-98.13509,19.47025],[-98.14169,19.46388],[-98.14302,19.46475],[-98.14473,19.4668],[-98.14546,19.4675],[-98.14584,19.4678],[-98.14691,19.46827],[-98.14683,19.46844],[-98.14873,19.46979],[-98.14983,19.4707],[-98.14992,19.47159],[-98.15012,19.47174],[-98.15103,19.47097],[-98.15228,19.47157],[-98.15254,19.46991],[-98.15297,19.47008],[-98.15377,19.46938],[-98.15441,19.46952],[-98.15482,19.46807],[-98.15579,19.47561],[-98.15699,19.47925],[-98.15815,19.47988],[-98.15896,19.48014],[-98.16008,19.47957],[-98.16161,19.4773],[-98.1622,19.47656],[-98.16267,19.47528],[-98.16421,19.47261],[-98.16625,19.47217],[-98.16783,19.4721],[-98.16888,19.47182],[-98.16929,19.47137],[-98.17151,19.47069],[-98.17267,19.47107],[-98.17401,19.47195],[-98.1754,19.47271],[-98.17656,19.47363],[-98.17831,19.47377],[-98.179,19.47531],[-98.17951,19.4773],[-98.17978,19.48086],[-98.18317,19.48453],[-98.17227,19.49262],[-98.17193,19.49221],[-98.17019,19.49098],[-98.16867,19.49029],[-98.16733,19.48972],[-98.16582,19.48928],[-98.16436,19.48912],[-98.16284,19.48926],[-98.16161,19.48976],[-98.15895,19.49238],[-98.15749,19.49264],[-98.15718,19.49413],[-98.15723,19.49507],[-98.15746,19.49549],[-98.1446,19.49252]]]}},{"type":"Feature","properties":{"seccion":484,"municipio":34,"distrito_local":2,"distrito_federal":1},"geometry":{"type":"Polygon","coordinates":[[[-98.35771,19.65552],[-98.34332,19.65884],[-98.34095,19.66159],[-98.32453,19.68409],[-98.3298,19.68824],[-98.33147,19.68974],[-98.33219,19.69163],[-98.33198,19.69325],[-98.3326,19.69388],[-98.33223,19.69467],[-98.3318,19.69488],[-98.3323,19.69934],[-98.31933,19.69539],[-98.29725,19.69537],[-98.29799,19.69446],[-98.29817,19.69392],[-98.29817,19.69309],[-98.29805,19.69231],[-98.29836,19.69111],[-98.29891,19.6902],[-98.30003,19.68916],[-98.30108,19.68879],[-98.30201,19.68891],[-98.30294,19.68833],[-98.30356,19.68767],[-98.30523,19.68544],[-98.30548,19.68469],[-98.30554,19.6813],[-98.30572,19.6775],[-98.30565,19.67588],[-98.30577,19.67468],[-98.30627,19.6741],[-98.3067,19.6734],[-98.30614,19.67154],[-98.3062,19.66984],[-98.30713,19.66931],[-98.30868,19.66856],[-98.31029,19.66678],[-98.31122,19.66533],[-98.31208,19.66446],[-98.31239,19.6638],[-98.31635,19.65945],[-98.31678,19.6578],[-98.31715,19.6568],[-98.31776,19.64878],[-98.319,19.64924],[-98.32161,19.64965],[-98.32266,19.65006],[-98.33425,19.64678],[-98.35771,19.65552]]]}},{"type":"Feature","properties":{"seccion":423,"municipio":31,"distrito_local":3,"distrito_federal":1},"geometry":{"type":"Polygon","coordinates":[[[-98.08336,19.44994],[-98.07925,19.45596],[-98.08599,19.45669],[-98.08698,19.4559],[-98.0877,19.45581],[-98.08831,19.45555],[-98.0891,19.45537],[-98.09002,19.45465],[-98.09059,19.45456],[-98.09053,19.45513],[-98.09069,19.45575],[-98.09002,19.4565],[-98.08908,19.45822],[-98.08911,19.45902],[-98.08894,19.45923],[-98.08898,19.45942],[-98.08929,19.45957],[-98.08953,19.45993],[-98.08955,19.46008],[-98.08929,19.46048],[-98.08931,19.46087],[-98.08953,19.46106],[-98.08968,19.46109],[-98.08967,19.46119],[-98.08993,19.46166],[-98.09046,19.46201],[-98.09116,19.46179],[-98.09143,19.46149],[-98.09227,19.4614],[-98.09269,19.46117],[-98.09307,19.46134],[-98.09378,19.46147],[-98.09364,19.46178],[-98.09435,19.46205],[-98.09447,19.46219],[-98.09456,19.46661],[-98.07232,19.48048],[-98.07144,19.48039],[-98.07033,19.48063],[-98.06853,19.48012],[-98.06795,19.47941],[-98.06621,19.47877],[-98.06504,19.47901],[-98.06364,19.47949],[-98.06206,19.47902],[-98.05758,19.47827],[-98.05653,19.47838],[-98.05513,19.47878],[-98.05333,19.47769],[-98.05216,19.47776],[-98.05117,19.47804],[-98.05098,19.47759],[-98.05113,19.47717],[-98.05185,19.47685],[-98.0523,19.47633],[-98.05164,19.47567],[-98.05056,19.47579],[-98.05036,19.47603],[-98.05014,19.47574],[-98.04958,19.47598],[-98.04923,19.47577],[-98.04903,19.47609],[-98.04859,19.47572],[-98.04863,19.4753],[-98.0485,19.47543],[-98.04821,19.47545],[-98.04788,19.47391],[-98.04835,19.47305],[-98.04847,19.47222],[-98.04772,19.47118],[-98.04832,19.46969],[-98.04827,19.46899],[-98.04798,19.4682],[-98.04804,19.46745],[-98.04793,19.46658],[-98.0476,19.46513],[-98.04662,19.46288],[-98.04669,19.46164],[-98.04611,19.46102],[-98.04039,19.44734],[-98.03981,19.44621],[-98.039,19.44525],[-98.03733,19.44355],[-98.03828,19.44044],[-98.03929,19.43855],[-98.04134,19.43733],[-98.04315,19.43639],[-98.04421,19.43599],[-98.04792,19.43855],[-98.05114,19.43664],[-98.05294,19.43785],[-98.058,19.43886],[-98.06011,19.43767],[-98.06308,19.4351],[-98.07208,19.44201],[-98.07669,19.44336],[-98.07688,19.44327],[-98.0804,19.44958],[-98.08074,19.44952],[-98.08275,19.44733],[-98.08287,19.44408],[-98.08422,19.44303],[-98.08442,19.44451],[-98.08473,19.44476],[-98.08499,19.44472],[-98.08505,19.44619],[-98.0852,19.4468],[-98.08336,19.44994]]]}},{"type":"Feature","properties":{"seccion":470,"municipio":34,"distrito_local":2,"distrito_federal":1},"geometry":{"type":"Polygon","coordinates":[[[-98.12656,19.62319],[-98.13176,19.62416],[-98.13203,19.62444],[-98.13217,19.62472],[-98.13256,19.62591],[-98.13276,19.62619],[-98.13302,19.62637],[-98.13318,19.6268],[-98.1334,19.62708],[-98.13359,19.62808],[-98.13403,19.62916],[-98.134,19.62958],[-98.13372,19.62993],[-98.13367,19.63043],[-98.13403,19.63145],[-98.13404,19.63191],[-98.13376,19.63281],[-98.13359,19.63304],[-98.13361,19.63345],[-98.13333,19.63438],[-98.13312,19.63464],[-98.13307,19.63508],[-98.13323,19.63627],[-98.13377,19.63722],[-98.13388,19.63827],[-98.13313,19.64126],[-98.13349,19.6425],[-98.13393,19.64582],[-98.13202,19.64801],[-98.13178,19.64846],[-98.13233,19.66333],[-98.12451,19.6585],[-98.12393,19.65854],[-98.12352,19.65845],[-98.12195,19.65782],[-98.12155,19.65778],[-98.12097,19.65719],[-98.12074,19.65673],[-98.12122,19.6552],[-98.1217,19.65417],[-98.12195,19.65289],[-98.12178,19.65181],[-98.12162,19.65127],[-98.12186,19.65016],[-98.12222,19.64937],[-98.12228,19.64867],[-98.122,19.64671],[-98.12196,19.64618],[-98.12202,19.64548],[-98.12173,19.64528],[-98.1216,19.64497],[-98.12062,19.64493],[-98.12035,19.64465],[-98.11893,19.64387],[-98.11916,19.64347],[-98.11932,19.64278],[-98.11953,19.64229],[-98.11945,19.6417],[-98.11919,19.64098],[-98.12001,19.64019],[-98.1203,19.63979],[-98.12044,19.63943],[-98.1203,19.63913],[-98.12025,19.63878],[-98.12037,19.63844],[-98.12061,19.63815],[-98.12068,19.63775],[-98.11985,19.6346],[-98.11911,19.63121],[-98.11769,19.62202],[-98.11757,19.62167],[-98.11791,19.6207],[-98.11989,19.62101],[-98.11999,19.62305],[-98.12298,19.62356],[-98.12299,19.62374],[-98.12324,19.62376],[-98.12328,19.62355],[-98.12445,19.62368],[-98.12455,19.6232],[-98.12497,19.62355],[-98.1252,19.62423],[-98.12574,19.62343],[-98.12581,19.62315],[-98.12656,19.62319]]]}},{"type":"Feature","properties":{"seccion":472,"municipio":34,"distrito_local":2,"distrito_federal":1},"geometry":{"type":"Polygon","coordinates":[[[-98.1015,19.6278],[-98.1016,19.6273],[-98.10203,19.6263],[-98.1022,19.62567],[-98.10237,19.62537],[-98.1026,19.62519],[-98.10314,19.62391],[-98.1034,19.62374],[-98.10371,19.62317],[-98.10414,19.62261],[-98.10427,19.62202],[-98.10418,19.62166],[-98.10366,19.62062],[-98.10353,19.61998],[-98.10361,19.61958],[-98.10353,19.61856],[-98.10413,19.61842],[-98.10482,19.61784],[-98.10504,19.61756],[-98.10533,19.61742],[-98.10604,19.61663],[-98.10638,19.61614],[-98.10735,19.61447],[-98.10908,19.61261],[-98.11042,19.61206],[-98.11283,19.61325],[-98.11419,19.61181],[-98.11594,19.61276],[-98.11739,19.61328],[-98.11647,19.61491],[-98.11567,19.6157],[-98.11452,19.61667],[-98.11591,19.6174],[-98.11514,19.6185],[-98.11485,19.61878],[-98.11418,19.61987],[-98.11357,19.62042],[-98.11342,19.62068],[-98.11344,19.62116],[-98.11238,19.62188],[-98.11212,19.62198],[-98.11163,19.62197],[-98.11134,19.62221],[-98.1098,19.62496],[-98.10916,19.62545],[-98.10892,19.62617],[-98.10869,19.62647],[-98.10744,19.62724],[-98.10667,19.62802],[-98.1063,19.62855],[-98.10589,19.62942],[-98.10567,19.63028],[-98.10529,19.6305],[-98.1015,19.6278]]]}},{"type":"Feature","properties":{"seccion":473,"municipio":34,"distrito_local":2,"distrito_federal":1},"geometry":{"type":"Polygon","coordinates":[[[-98.11791,19.6207],[-98.11912,19.61654],[-98.12258,19.61737],[-98.12264,19.6169],[-98.12273,19.61679],[-98.12673,19.61812],[-98.12837,19.61845],[-98.12779,19.62339],[-98.12656,19.62319],[-98.12581,19.62315],[-98.12574,19.62343],[-98.1252,19.62423],[-98.12497,19.62355],[-98.12455,19.6232],[-98.12445,19.62368],[-98.12328,19.62355],[-98.12324,19.62376],[-98.12299,19.62374],[-98.12298,19.62356],[-98.11999,19.62305],[-98.11989,19.62101],[-98.11791,19.6207]]]}},{"type":"Feature","properties":{"seccion":471,"municipio":34,"distrito_local":2,"distrito_federal":1},"geometry":{"type":"Polygon","coordinates":[[[-98.09672,19.60858],[-98.09788,19.60948],[-98.09802,19.60978],[-98.09918,19.61079],[-98.1004,19.6111],[-98.10069,19.61072],[-98.10067,19.61051],[-98.10082,19.61037],[-98.10183,19.60979],[-98.1035,19.60931],[-98.10435,19.6092],[-98.10722,19.60924],[-98.10784,19.60931],[-98.10874,19.6096],[-98.10955,19.61016],[-98.10863,19.61157],[-98.11042,19.61206],[-98.10908,19.61261],[-98.10735,19.61447],[-98.10638,19.61614],[-98.10604,19.61663],[-98.10533,19.61742],[-98.10504,19.61756],[-98.10482,19.61784],[-98.10413,19.61842],[-98.10353,19.61856],[-98.10361,19.61958],[-98.10353,19.61998],[-98.10366,19.62062],[-98.10418,19.62166],[-98.10427,19.62202],[-98.10414,19.62261],[-98.10371,19.62317],[-98.1034,19.62374],[-98.10314,19.62391],[-98.1026,19.62519],[-98.10237,19.62537],[-98.1022,19.62567],[-98.10203,19.6263],[-98.1016,19.6273],[-98.1015,19.6278],[-98.10529,19.6305],[-98.10567,19.63028],[-98.10589,19.62942],[-98.1063,19.62855],[-98.10667,19.62802],[-98.10744,19.62724],[-98.10869,19.62647],[-98.10892,19.62617],[-98.10916,19.62545],[-98.1098,19.62496],[-98.11134,19.62221],[-98.11163,19.62197],[-98.11212,19.62198],[-98.11238,19.62188],[-98.11344,19.62116],[-98.11342,19.62068],[-98.11357,19.62042],[-98.11418,19.61987],[-98.11485,19.61878],[-98.1154,19.61908],[-98.11613,19.6186],[-98.11667,19.6185],[-98.11694,19.61858],[-98.11719,19.61896],[-98.11827,19.61949],[-98.11757,19.62167],[-98.11769,19.62202],[-98.11911,19.63121],[-98.11985,19.6346],[-98.12068,19.63775],[-98.12061,19.63815],[-98.12037,19.63844],[-98.12025,19.63878],[-98.1203,19.63913],[-98.12044,19.63943],[-98.1203,19.63979],[-98.12001,19.64019],[-98.11919,19.64098],[-98.11945,19.6417],[-98.11953,19.64229],[-98.11932,19.64278],[-98.11916,19.64347],[-98.11893,19.64387],[-98.12035,19.64465],[-98.12062,19.64493],[-98.1216,19.64497],[-98.12173,19.64528],[-98.12202,19.64548],[-98.12196,19.64618],[-98.122,19.64671],[-98.12228,19.64867],[-98.12222,19.64937],[-98.12186,19.65016],[-98.12162,19.65127],[-98.12178,19.65181],[-98.12195,19.65289],[-98.1217,19.65417],[-98.12122,19.6552],[-98.12074,19.65673],[-98.12097,19.65719],[-98.12155,19.65778],[-98.12195,19.65782],[-98.12352,19.65845],[-98.12393,19.65854],[-98.12451,19.6585],[-98.13233,19.66333],[-98.13228,19.68507],[-98.13064,19.6851],[-98.12743,19.68553],[-98.12352,19.68657],[-98.12076,19.68816],[-98.11813,19.68901],[-98.11482,19.68807],[-98.11296,19.6871],[-98.11059,19.68551],[-98.10828,19.68367],[-98.10625,19.68245],[-98.10632,19.68125],[-98.10686,19.68014],[-98.10581,19.67984],[-98.10477,19.67921],[-98.10327,19.67758],[-98.10218,19.676],[-98.10099,19.67255],[-98.10065,19.67176],[-98.10067,19.67035],[-98.1005,19.66919],[-98.09715,19.67181],[-98.09475,19.67333],[-98.09328,19.67485],[-98.09102,19.67831],[-98.09096,19.67905],[-98.09194,19.67956],[-98.09269,19.6808],[-98.09337,19.68247],[-98.09286,19.6866],[-98.0925,19.6878],[-98.09131,19.68982],[-98.08966,19.69171],[-98.0879,19.6929],[-98.08591,19.69354],[-98.08491,19.69407],[-98.08484,19.69502],[-98.08437,19.69568],[-98.08325,19.69625],[-98.08295,19.69712],[-98.08335,19.69824],[-98.08392,19.69887],[-98.08345,19.70011],[-98.08273,19.70126],[-98.07952,19.70185],[-98.07859,19.70213],[-98.07759,19.70291],[-98.0725,19.71007],[-98.07243,19.71078],[-98.07137,19.71143],[-98.07078,19.71246],[-98.07053,19.71407],[-98.07045,19.71573],[-98.07003,19.71726],[-98.06932,19.71845],[-98.06826,19.7194],[-98.06725,19.72088],[-98.06718,19.72175],[-98.06757,19.72324],[-98.06755,19.72486],[-98.06766,19.72602],[-98.06724,19.72742],[-98.06671,19.72762],[-98.06554,19.72786],[-98.06495,19.72815],[-98.06413,19.72839],[-98.06174,19.72874],[-98.05877,19.72855],[-98.05685,19.72803],[-98.05621,19.72774],[-98.05547,19.72641],[-98.05502,19.72479],[-98.05497,19.72392],[-98.05452,19.72255],[-98.05344,19.72055],[-98.05293,19.71897],[-98.053,19.71777],[-98.0528,19.71504],[-98.05263,19.71466],[-98.05176,19.71374],[-98.05106,19.71349],[-98.0502,19.71303],[-98.04835,19.71127],[-98.04732,19.70985],[-98.04674,19.70894],[-98.04634,19.70811],[-98.04531,19.70669],[-98.04376,19.70485],[-98.04214,19.70339],[-98.04048,19.70081],[-98.03953,19.69686],[-98.03895,19.69143],[-98.03878,19.69094],[-98.03625,19.68822],[-98.03585,19.6876],[-98.03612,19.68717],[-98.03645,19.68602],[-98.03633,19.6856],[-98.03576,19.68435],[-98.036,19.6836],[-98.03664,19.68282],[-98.03682,19.68182],[-98.03671,19.68082],[-98.03643,19.67991],[-98.03568,19.67832],[-98.03522,19.67691],[-98.03448,19.67503],[-98.0339,19.67387],[-98.03344,19.67262],[-98.0331,19.67208],[-98.03298,19.6717],[-98.03183,19.66928],[-98.03062,19.66733],[-98.0293,19.66449],[-98.02894,19.66406],[-98.03298,19.66231],[-98.03455,19.66208],[-98.03521,19.66109],[-98.03568,19.6601],[-98.03662,19.65949],[-98.03774,19.65896],[-98.03897,19.65818],[-98.03961,19.65765],[-98.04113,19.65791],[-98.04282,19.65789],[-98.04358,19.6574],[-98.04505,19.65621],[-98.04664,19.65423],[-98.04688,19.6537],[-98.04759,19.65329],[-98.04852,19.65288],[-98.04963,19.65289],[-98.0515,19.65245],[-98.05244,19.65205],[-98.05437,19.6514],[-98.0549,19.65087],[-98.05521,19.64934],[-98.05586,19.64856],[-98.05703,19.64791],[-98.0582,19.64709],[-98.05943,19.64697],[-98.06053,19.6474],[-98.06147,19.64691],[-98.06182,19.64633],[-98.06288,19.64597],[-98.06473,19.64661],[-98.06566,19.64674],[-98.06666,19.64642],[-98.06754,19.64593],[-98.06907,19.6447],[-98.07061,19.64231],[-98.07244,19.63992],[-98.07268,19.63901],[-98.07281,19.63815],[-98.07328,19.63724],[-98.07435,19.63559],[-98.07442,19.63439],[-98.07513,19.6339],[-98.07555,19.63299],[-98.07626,19.63196],[-98.07703,19.63048],[-98.07884,19.62979],[-98.08013,19.6291],[-98.08025,19.62844],[-98.08067,19.62811],[-98.08237,19.62721],[-98.08441,19.62677],[-98.08511,19.62628],[-98.08728,19.62523],[-98.08881,19.62404],[-98.08825,19.62188],[-98.08722,19.62009],[-98.0867,19.61946],[-98.08817,19.61293],[-98.08923,19.61187],[-98.08959,19.61096],[-98.0903,19.60972],[-98.09073,19.60811],[-98.09288,19.60875],[-98.0941,19.60893],[-98.09672,19.60858]]]}},{"type":"Feature","properties":{"seccion":474,"municipio":34,"distrito_local":2,"distrito_federal":1},"geometry":{"type":"Polygon","coordinates":[[[-98.1417,19.59436],[-98.14202,19.59416],[-98.15025,19.59291],[-98.15164,19.5993],[-98.15127,19.60121],[-98.15161,19.60204],[-98.15211,19.60423],[-98.15149,19.60443],[-98.1506,19.61136],[-98.15049,19.61301],[-98.1499,19.61317],[-98.14956,19.6134],[-98.14885,19.61391],[-98.14788,19.6148],[-98.14621,19.61727],[-98.14577,19.61829],[-98.14565,19.61897],[-98.14531,19.61977],[-98.14526,19.62142],[-98.14535,19.62245],[-98.14574,19.62348],[-98.14791,19.62598],[-98.14854,19.62643],[-98.14754,19.62789],[-98.14728,19.62818],[-98.14675,19.62852],[-98.14639,19.62946],[-98.1464,19.62977],[-98.14633,19.62997],[-98.14616,19.63008],[-98.14611,19.63029],[-98.14565,19.63013],[-98.14468,19.63011],[-98.14439,19.62998],[-98.14395,19.62993],[-98.14329,19.63009],[-98.14197,19.62996],[-98.14158,19.62969],[-98.13997,19.62916],[-98.13962,19.6288],[-98.13862,19.6283],[-98.13736,19.62796],[-98.13587,19.6273],[-98.13529,19.62725],[-98.13448,19.62696],[-98.1334,19.62708],[-98.13318,19.6268],[-98.13302,19.62637],[-98.13276,19.62619],[-98.13256,19.62591],[-98.13217,19.62472],[-98.13203,19.62444],[-98.13176,19.62416],[-98.12779,19.62339],[-98.12837,19.61845],[-98.12673,19.61812],[-98.12273,19.61679],[-98.12181,19.61509],[-98.12123,19.61478],[-98.12063,19.6146],[-98.12156,19.61368],[-98.12303,19.613],[-98.1237,19.61245],[-98.12422,19.6107],[-98.12472,19.60966],[-98.12525,19.60827],[-98.12549,19.60732],[-98.12568,19.60707],[-98.12673,19.60656],[-98.12726,19.60555],[-98.1272,19.60521],[-98.12731,19.60508],[-98.12765,19.60506],[-98.12856,19.60431],[-98.12945,19.60391],[-98.12937,19.60358],[-98.12996,19.60324],[-98.13044,19.60315],[-98.13084,19.60262],[-98.13159,19.60209],[-98.13224,19.60195],[-98.13381,19.60186],[-98.1347,19.60169],[-98.13565,19.60119],[-98.13651,19.60086],[-98.13644,19.60044],[-98.13655,19.60016],[-98.13684,19.59995],[-98.13729,19.59917],[-98.1374,19.59792],[-98.1376,19.59757],[-98.13825,19.59718],[-98.13882,19.59703],[-98.13929,19.59711],[-98.13962,19.59706],[-98.13982,19.59686],[-98.14117,19.59606],[-98.14177,19.59466],[-98.1417,19.59436]]]}},{"type":"Feature","properties":{"seccion":475,"municipio":34,"distrito_local":2,"distrito_federal":1},"geometry":{"type":"Polygon","coordinates":[[[-98.11739,19.61328],[-98.1176,19.61275],[-98.11772,19.6121],[-98.11747,19.61146],[-98.11743,19.61076],[-98.11997,19.61195],[-98.12303,19.613],[-98.12156,19.61368],[-98.12063,19.6146],[-98.12166,19.61496],[-98.1219,19.6152],[-98.12273,19.61679],[-98.12264,19.6169],[-98.12258,19.61737],[-98.11912,19.61654],[-98.11827,19.61949],[-98.11719,19.61896],[-98.11694,19.61858],[-98.11667,19.6185],[-98.11613,19.6186],[-98.1154,19.61908],[-98.11485,19.61878],[-98.11514,19.6185],[-98.11591,19.6174],[-98.11452,19.61667],[-98.11567,19.6157],[-98.11647,19.61491],[-98.11739,19.61328]]]}},{"type":"Feature","properties":{"seccion":476,"municipio":34,"distrito_local":2,"distrito_federal":1},"geometry":{"type":"Polygon","coordinates":[[[-98.09984,19.58959],[-98.10045,19.58965],[-98.10166,19.59522],[-98.1075,19.59408],[-98.10836,19.59481],[-98.10883,19.59538],[-98.11031,19.5958],[-98.11089,19.59551],[-98.11175,19.59597],[-98.11346,19.59625],[-98.1146,19.59666],[-98.11727,19.59804],[-98.11778,19.59859],[-98.11797,19.599],[-98.11873,19.59921],[-98.11992,19.59987],[-98.12039,19.59997],[-98.12057,19.60016],[-98.12097,19.60029],[-98.12098,19.60052],[-98.12204,19.60083],[-98.12228,19.60097],[-98.1224,19.6009],[-98.12238,19.60026],[-98.12275,19.60019],[-98.1229,19.59966],[-98.12332,19.5995],[-98.12359,19.59909],[-98.12449,19.59842],[-98.12437,19.59928],[-98.12417,19.59987],[-98.12282,19.60217],[-98.12252,19.60299],[-98.12256,19.60342],[-98.12211,19.60523],[-98.12174,19.60652],[-98.12122,19.60783],[-98.12067,19.60849],[-98.11972,19.61009],[-98.11956,19.61053],[-98.11939,19.61072],[-98.11886,19.61104],[-98.11858,19.6113],[-98.11743,19.61076],[-98.11747,19.61146],[-98.11772,19.6121],[-98.1176,19.61275],[-98.11739,19.61328],[-98.11594,19.61276],[-98.11419,19.61181],[-98.11283,19.61325],[-98.11042,19.61206],[-98.10863,19.61157],[-98.10955,19.61016],[-98.10874,19.6096],[-98.10784,19.60931],[-98.10722,19.60924],[-98.10435,19.6092],[-98.1035,19.60931],[-98.10183,19.60979],[-98.10082,19.61037],[-98.10067,19.61051],[-98.10069,19.61072],[-98.1004,19.6111],[-98.09918,19.61079],[-98.09802,19.60978],[-98.09788,19.60948],[-98.09672,19.60858],[-98.0941,19.60893],[-98.09288,19.60875],[-98.09073,19.60811],[-98.09103,19.60675],[-98.08998,19.6069],[-98.08899,19.6069],[-98.08783,19.60659],[-98.08679,19.60597],[-98.08517,19.60467],[-98.08459,19.60458],[-98.0829,19.60494],[-98.08167,19.60559],[-98.0839,19.60337],[-98.08426,19.60284],[-98.0845,19.60189],[-98.08514,19.60164],[-98.08562,19.60086],[-98.08647,19.59805],[-98.09291,19.59471],[-98.0932,19.5948],[-98.09438,19.59365],[-98.0955,19.59212],[-98.09709,19.5909],[-98.09984,19.58959]]]}},{"type":"Feature","properties":{"seccion":477,"municipio":34,"distrito_local":2,"distrito_federal":1},"geometry":{"type":"Polygon","coordinates":[[[-98.12174,19.60652],[-98.12392,19.60719],[-98.12372,19.60778],[-98.12525,19.60827],[-98.12472,19.60966],[-98.12422,19.6107],[-98.1237,19.61245],[-98.12303,19.613],[-98.11997,19.61195],[-98.11858,19.6113],[-98.11956,19.61053],[-98.11972,19.61009],[-98.12067,19.60849],[-98.12122,19.60783],[-98.12174,19.60652]]]}},{"type":"Feature","properties":{"seccion":479,"municipio":34,"distrito_local":2,"distrito_federal":1},"geometry":{"type":"Polygon","coordinates":[[[-98.30044,19.72327],[-98.29247,19.72385],[-98.29264,19.72476],[-98.29334,19.72587],[-98.29375,19.72629],[-98.29393,19.72674],[-98.29107,19.72633],[-98.29061,19.726],[-98.29037,19.7255],[-98.29025,19.72468],[-98.28996,19.72393],[-98.28926,19.72344],[-98.28874,19.72319],[-98.2878,19.72307],[-98.28699,19.72278],[-98.28623,19.72154],[-98.2857,19.72113],[-98.28354,19.71981],[-98.28265,19.71935],[-98.28187,19.71869],[-98.28124,19.71785],[-98.28123,19.71714],[-98.2822,19.71503],[-98.28282,19.71416],[-98.28387,19.71399],[-98.28573,19.71399],[-98.28704,19.7144],[-98.28853,19.71477],[-98.29002,19.71502],[-98.2925,19.71572],[-98.29442,19.71576],[-98.29442,19.7146],[-98.29405,19.7139],[-98.29318,19.71332],[-98.29268,19.7127],[-98.29187,19.71072],[-98.29131,19.70898],[-98.29125,19.70811],[-98.29075,19.70733],[-98.29007,19.70646],[-98.28746,19.70423],[-98.28708,19.70348],[-98.28659,19.70212],[-98.28658,19.70142],[-98.28789,19.70038],[-98.2885,19.6991],[-98.289,19.69902],[-98.29037,19.70005],[-98.29111,19.69992],[-98.29167,19.69959],[-98.29322,19.69781],[-98.2939,19.69723],[-98.29489,19.69607],[-98.29545,19.69591],[-98.29588,19.69603],[-98.29725,19.69537],[-98.31933,19.69539],[-98.3323,19.69934],[-98.32981,19.6993],[-98.32975,19.70129],[-98.32865,19.70447],[-98.32918,19.70451],[-98.33057,19.70443],[-98.3311,19.70451],[-98.33151,19.70501],[-98.33169,19.70592],[-98.33181,19.70728],[-98.3321,19.70782],[-98.33274,19.70831],[-98.33315,19.70897],[-98.33292,19.70988],[-98.33327,19.71034],[-98.33339,19.71083],[-98.33333,19.71141],[-98.33258,19.71245],[-98.33287,19.7134],[-98.33264,19.7141],[-98.33147,19.71505],[-98.33148,19.71637],[-98.33166,19.71761],[-98.3316,19.71877],[-98.33097,19.7222],[-98.32986,19.72241],[-98.32899,19.72221],[-98.32823,19.72188],[-98.32718,19.72196],[-98.32608,19.72258],[-98.32503,19.72341],[-98.32416,19.72345],[-98.32287,19.72333],[-98.322,19.72312],[-98.32136,19.72312],[-98.32008,19.72346],[-98.3188,19.72408],[-98.3167,19.72532],[-98.31641,19.72557],[-98.31391,19.72697],[-98.31327,19.72726],[-98.31263,19.72731],[-98.30948,19.72714],[-98.30744,19.72694],[-98.30184,19.72281],[-98.30044,19.72327]]]}},{"type":"Feature","properties":{"seccion":480,"municipio":34,"distrito_local":2,"distrito_federal":1},"geometry":{"type":"Polygon","coordinates":[[[-98.26085,19.71679],[-98.25623,19.71816],[-98.25536,19.71766],[-98.2546,19.717],[-98.25432,19.71609],[-98.2542,19.71506],[-98.25462,19.71283],[-98.25492,19.71234],[-98.2548,19.7118],[-98.25522,19.71027],[-98.25522,19.70907],[-98.25505,19.70887],[-98.25465,19.70804],[-98.25349,19.70626],[-98.25326,19.70569],[-98.25315,19.70362],[-98.25327,19.70304],[-98.25322,19.70185],[-98.25328,19.70102],[-98.25317,19.7004],[-98.25317,19.69962],[-98.25329,19.69912],[-98.25324,19.69648],[-98.25366,19.6947],[-98.25636,19.69102],[-98.28613,19.68893],[-98.28644,19.6888],[-98.28682,19.69075],[-98.28694,19.69104],[-98.28701,19.69393],[-98.2867,19.69588],[-98.28608,19.69666],[-98.28546,19.69782],[-98.28515,19.69923],[-98.28658,19.70142],[-98.28659,19.70212],[-98.28708,19.70348],[-98.28746,19.70423],[-98.29007,19.70646],[-98.29075,19.70733],[-98.29125,19.70811],[-98.29131,19.70898],[-98.29187,19.71072],[-98.29268,19.7127],[-98.29318,19.71332],[-98.29405,19.7139],[-98.29442,19.7146],[-98.29442,19.71576],[-98.2925,19.71572],[-98.29002,19.71502],[-98.28853,19.71477],[-98.28704,19.7144],[-98.28573,19.71399],[-98.28387,19.71399],[-98.28282,19.71416],[-98.2822,19.71503],[-98.28183,19.71589],[-98.27854,19.71635],[-98.276,19.71598],[-98.27469,19.71619],[-98.27283,19.71661],[-98.27085,19.71789],[-98.26942,19.71851],[-98.268,19.71797],[-98.26666,19.71729],[-98.26561,19.71698],[-98.26522,19.71692],[-98.26431,19.71697],[-98.26085,19.71679]]]}},{"type":"Feature","properties":{"seccion":485,"municipio":34,"distrito_local":2,"distrito_federal":1},"geometry":{"type":"Polygon","coordinates":[[[-98.28728,19.66986],[-98.27383,19.67566],[-98.25636,19.69102],[-98.25883,19.68461],[-98.25803,19.68362],[-98.25666,19.68283],[-98.25604,19.68213],[-98.25573,19.68068],[-98.25579,19.68002],[-98.25622,19.67919],[-98.25672,19.67874],[-98.25721,19.67807],[-98.25771,19.67626],[-98.25764,19.67543],[-98.25739,19.67481],[-98.25745,19.67336],[-98.25733,19.67216],[-98.25695,19.67071],[-98.25664,19.66691],[-98.25639,19.66563],[-98.25602,19.66459],[-98.25595,19.66356],[-98.25626,19.66253],[-98.25632,19.66108],[-98.25669,19.66017],[-98.25744,19.65901],[-98.25849,19.65599],[-98.25991,19.6528],[-98.26071,19.65198],[-98.26164,19.65177],[-98.26448,19.64641],[-98.26496,19.64712],[-98.26686,19.64769],[-98.26815,19.64797],[-98.27067,19.6482],[-98.27396,19.64876],[-98.27545,19.64395],[-98.28043,19.64476],[-98.28333,19.64603],[-98.28475,19.64649],[-98.28532,19.64675],[-98.28748,19.64824],[-98.28774,19.6483],[-98.28879,19.64806],[-98.28924,19.64813],[-98.2906,19.64862],[-98.28795,19.65078],[-98.28731,19.65169],[-98.28692,19.65265],[-98.28581,19.65476],[-98.2845,19.6562],[-98.28417,19.65755],[-98.28433,19.65806],[-98.28569,19.66005],[-98.28631,19.66112],[-98.28711,19.66139],[-98.2875,19.66196],[-98.28917,19.6632],[-98.29021,19.66419],[-98.29122,19.6649],[-98.29169,19.66576],[-98.28728,19.66986]]]}},{"type":"Feature","properties":{"seccion":543,"municipio":39,"distrito_local":3,"distrito_federal":1},"geometry":{"type":"Polygon","coordinates":[[[-98.06249,19.40992],[-98.05646,19.40135],[-98.05436,19.39817],[-98.05533,19.39717],[-98.05648,19.39628],[-98.06211,19.39389],[-98.06284,19.39351],[-98.06382,19.39325],[-98.06415,19.39309],[-98.0642,19.39278],[-98.0722,19.39716],[-98.08348,19.40316],[-98.08329,19.40347],[-98.08577,19.41007],[-98.08339,19.41277],[-98.08219,19.4139],[-98.07916,19.41645],[-98.07777,19.41577],[-98.0762,19.41533],[-98.07455,19.41278],[-98.07426,19.41206],[-98.07321,19.41168],[-98.07241,19.41128],[-98.07174,19.41118],[-98.06951,19.41046],[-98.06249,19.40992]]]}},{"type":"Feature","properties":{"seccion":481,"municipio":34,"distrito_local":2,"distrito_federal":1},"geometry":{"type":"Polygon","coordinates":[[[-98.1334,19.62708],[-98.13448,19.62696],[-98.13529,19.62725],[-98.13587,19.6273],[-98.13736,19.62796],[-98.13862,19.6283],[-98.13962,19.6288],[-98.13997,19.62916],[-98.14158,19.62969],[-98.14197,19.62996],[-98.14329,19.63009],[-98.14395,19.62993],[-98.14439,19.62998],[-98.14468,19.63011],[-98.14565,19.63013],[-98.14611,19.63029],[-98.14616,19.63008],[-98.14633,19.62997],[-98.1464,19.62977],[-98.14639,19.62946],[-98.14675,19.62852],[-98.14728,19.62818],[-98.14754,19.62789],[-98.14854,19.62643],[-98.14791,19.62598],[-98.14574,19.62348],[-98.14535,19.62245],[-98.14526,19.62142],[-98.14531,19.61977],[-98.14565,19.61897],[-98.14577,19.61829],[-98.14621,19.61727],[-98.14788,19.6148],[-98.14885,19.61391],[-98.14956,19.6134],[-98.1499,19.61317],[-98.15049,19.61301],[-98.1506,19.61136],[-98.15149,19.60443],[-98.15211,19.60423],[-98.15471,19.60633],[-98.15673,19.60775],[-98.158,19.60917],[-98.1584,19.61041],[-98.15908,19.61212],[-98.15895,19.6129],[-98.15841,19.61489],[-98.16679,19.61245],[-98.17132,19.61137],[-98.17895,19.61414],[-98.17901,19.61621],[-98.17852,19.61861],[-98.1779,19.62038],[-98.17796,19.62175],[-98.17877,19.62295],[-98.17877,19.62415],[-98.17772,19.62634],[-98.17784,19.62816],[-98.17915,19.62998],[-98.17989,19.63225],[-98.17469,19.64024],[-98.175,19.64106],[-98.17655,19.64222],[-98.17699,19.64433],[-98.17767,19.64544],[-98.17866,19.64735],[-98.17991,19.64871],[-98.18071,19.65066],[-98.18916,19.6636],[-98.19028,19.66451],[-98.19102,19.66633],[-98.19171,19.67017],[-98.19283,19.67269],[-98.19126,19.67338],[-98.19114,19.67404],[-98.19129,19.67603],[-98.19128,19.67698],[-98.18735,19.67964],[-98.18198,19.67438],[-98.17865,19.6756],[-98.17765,19.67621],[-98.17661,19.67574],[-98.17487,19.67432],[-98.17022,19.67317],[-98.16959,19.67237],[-98.16925,19.6715],[-98.16774,19.67083],[-98.16745,19.67099],[-98.16633,19.66997],[-98.16662,19.66872],[-98.16639,19.66852],[-98.16604,19.66823],[-98.16581,19.66814],[-98.16465,19.66827],[-98.16353,19.66917],[-98.16277,19.66958],[-98.16119,19.67086],[-98.15933,19.67151],[-98.15839,19.67221],[-98.15646,19.67345],[-98.15471,19.67427],[-98.15412,19.6748],[-98.15319,19.67542],[-98.15278,19.67579],[-98.1526,19.67583],[-98.15202,19.67563],[-98.1505,19.67603],[-98.14828,19.67727],[-98.14793,19.67789],[-98.14799,19.67867],[-98.14839,19.67909],[-98.14885,19.68024],[-98.14902,19.68037],[-98.1485,19.68098],[-98.14757,19.68069],[-98.14721,19.68123],[-98.14675,19.68144],[-98.14611,19.68135],[-98.14593,19.68139],[-98.14336,19.68312],[-98.14295,19.68324],[-98.1412,19.68361],[-98.14068,19.68357],[-98.13893,19.68369],[-98.13753,19.68393],[-98.13601,19.68393],[-98.13374,19.68421],[-98.13228,19.68507],[-98.13233,19.66333],[-98.13178,19.64846],[-98.13202,19.64801],[-98.13393,19.64582],[-98.13349,19.6425],[-98.13313,19.64126],[-98.13388,19.63827],[-98.13377,19.63722],[-98.13323,19.63627],[-98.13307,19.63508],[-98.13312,19.63464],[-98.13333,19.63438],[-98.13361,19.63345],[-98.13359,19.63304],[-98.13376,19.63281],[-98.13404,19.63191],[-98.13403,19.63145],[-98.13367,19.63043],[-98.13372,19.62993],[-98.134,19.62958],[-98.13403,19.62916],[-98.13359,19.62808],[-98.1334,19.62708]]]}},{"type":"Feature","properties":{"seccion":482,"municipio":34,"distrito_local":2,"distrito_federal":1},"geometry":{"type":"Polygon","coordinates":[[[-98.23253,19.68082],[-98.23228,19.68078],[-98.23333,19.67478],[-98.23196,19.67441],[-98.23029,19.67449],[-98.22775,19.67441],[-98.22551,19.67408],[-98.22191,19.6738],[-98.21962,19.67475],[-98.21863,19.67558],[-98.21727,19.67636],[-98.21311,19.67732],[-98.21125,19.67703],[-98.20933,19.67699],[-98.2092,19.67504],[-98.21019,19.67359],[-98.21094,19.67202],[-98.21229,19.6664],[-98.21335,19.66321],[-98.21322,19.66135],[-98.21378,19.66028],[-98.21433,19.65738],[-98.21365,19.65573],[-98.21377,19.65383],[-98.21541,19.65133],[-98.21766,19.65005],[-98.21792,19.64857],[-98.21791,19.64129],[-98.22534,19.62818],[-98.22837,19.62177],[-98.2288,19.62177],[-98.23029,19.62239],[-98.23203,19.624],[-98.23786,19.62668],[-98.24233,19.62912],[-98.24562,19.63102],[-98.24686,19.63156],[-98.24915,19.63271],[-98.24754,19.63272],[-98.24686,19.63284],[-98.24574,19.63367],[-98.24401,19.63623],[-98.24414,19.63896],[-98.24433,19.63975],[-98.24296,19.64087],[-98.24284,19.64169],[-98.2429,19.64264],[-98.24303,19.6438],[-98.24346,19.64438],[-98.24353,19.64711],[-98.24334,19.64789],[-98.24198,19.65063],[-98.242,19.65506],[-98.24136,19.6551],[-98.24123,19.65479],[-98.24027,19.65379],[-98.23993,19.65353],[-98.23937,19.65344],[-98.23927,19.65386],[-98.23901,19.65428],[-98.23837,19.65472],[-98.23793,19.65442],[-98.23734,19.6545],[-98.23775,19.6552],[-98.23745,19.65517],[-98.23606,19.65713],[-98.23576,19.65766],[-98.23597,19.6583],[-98.23563,19.65876],[-98.23636,19.6587],[-98.23685,19.66027],[-98.23483,19.66331],[-98.23862,19.66578],[-98.23937,19.66881],[-98.23969,19.66864],[-98.24028,19.66853],[-98.24076,19.66869],[-98.24066,19.66901],[-98.24098,19.66909],[-98.24127,19.66939],[-98.24207,19.67126],[-98.24244,19.67172],[-98.24219,19.67213],[-98.24176,19.67246],[-98.24238,19.67341],[-98.24207,19.67366],[-98.24207,19.67412],[-98.24226,19.67436],[-98.2422,19.67494],[-98.2427,19.67655],[-98.24127,19.67676],[-98.2396,19.6773],[-98.23804,19.67685],[-98.23674,19.67718],[-98.23482,19.67846],[-98.23327,19.67983],[-98.23253,19.68082]]]}},{"type":"Feature","properties":{"seccion":483,"municipio":34,"distrito_local":2,"distrito_federal":1},"geometry":{"type":"Polygon","coordinates":[[[-98.28658,19.70142],[-98.28515,19.69923],[-98.28546,19.69782],[-98.28608,19.69666],[-98.2867,19.69588],[-98.28701,19.69393],[-98.28694,19.69104],[-98.28682,19.69075],[-98.28644,19.6888],[-98.28613,19.68893],[-98.25636,19.69102],[-98.27383,19.67566],[-98.28728,19.66986],[-98.29471,19.66295],[-98.29397,19.65977],[-98.29539,19.66043],[-98.29601,19.66109],[-98.29744,19.66237],[-98.29868,19.66332],[-98.29993,19.66394],[-98.30079,19.66497],[-98.30154,19.66555],[-98.30272,19.66625],[-98.30427,19.66683],[-98.30545,19.66778],[-98.30655,19.66964],[-98.3062,19.66984],[-98.30614,19.67154],[-98.3067,19.6734],[-98.30627,19.6741],[-98.30577,19.67468],[-98.30565,19.67588],[-98.30572,19.6775],[-98.30554,19.6813],[-98.30548,19.68469],[-98.30523,19.68544],[-98.30356,19.68767],[-98.30294,19.68833],[-98.30201,19.68891],[-98.30108,19.68879],[-98.30003,19.68916],[-98.29891,19.6902],[-98.29836,19.69111],[-98.29805,19.69231],[-98.29817,19.69309],[-98.29817,19.69392],[-98.29799,19.69446],[-98.29725,19.69537],[-98.29588,19.69603],[-98.29545,19.69591],[-98.29489,19.69607],[-98.2939,19.69723],[-98.29322,19.69781],[-98.29167,19.69959],[-98.29111,19.69992],[-98.29037,19.70005],[-98.289,19.69902],[-98.2885,19.6991],[-98.28789,19.70038],[-98.28658,19.70142]]]}},{"type":"Feature","properties":{"seccion":486,"municipio":34,"distrito_local":2,"distrito_federal":1},"geometry":{"type":"Polygon","coordinates":[[[-98.25636,19.69102],[-98.25524,19.69069],[-98.25406,19.68937],[-98.25325,19.68809],[-98.25257,19.6873],[-98.25102,19.68581],[-98.25003,19.68523],[-98.24916,19.68503],[-98.24835,19.68449],[-98.24792,19.68375],[-98.24779,19.68304],[-98.24742,19.68242],[-98.24735,19.68189],[-98.2468,19.6811],[-98.24593,19.68019],[-98.24549,19.67924],[-98.24549,19.67771],[-98.24573,19.67614],[-98.24468,19.67647],[-98.24369,19.67659],[-98.2427,19.67655],[-98.2422,19.67494],[-98.24226,19.67436],[-98.24207,19.67412],[-98.24207,19.67366],[-98.24238,19.67341],[-98.24176,19.67246],[-98.24219,19.67213],[-98.24244,19.67172],[-98.24207,19.67126],[-98.24127,19.66939],[-98.24098,19.66909],[-98.24066,19.66901],[-98.24076,19.66869],[-98.24028,19.66853],[-98.23969,19.66864],[-98.23937,19.66881],[-98.23862,19.66578],[-98.23483,19.66331],[-98.23685,19.66027],[-98.23636,19.6587],[-98.23563,19.65876],[-98.23597,19.6583],[-98.23576,19.65766],[-98.23606,19.65713],[-98.23745,19.65517],[-98.23775,19.6552],[-98.23734,19.6545],[-98.23793,19.65442],[-98.23837,19.65472],[-98.23901,19.65428],[-98.23927,19.65386],[-98.23937,19.65344],[-98.23993,19.65353],[-98.24027,19.65379],[-98.24123,19.65479],[-98.24136,19.6551],[-98.242,19.65506],[-98.24198,19.65063],[-98.24334,19.64789],[-98.24353,19.64711],[-98.24346,19.64438],[-98.24303,19.6438],[-98.2429,19.64264],[-98.24284,19.64169],[-98.24296,19.64087],[-98.24433,19.63975],[-98.24414,19.63896],[-98.24401,19.63623],[-98.24574,19.63367],[-98.24686,19.63284],[-98.24754,19.63272],[-98.24915,19.63271],[-98.25064,19.63383],[-98.25263,19.63585],[-98.25586,19.63871],[-98.25704,19.63953],[-98.25921,19.64143],[-98.26163,19.64304],[-98.26405,19.64424],[-98.26448,19.64641],[-98.26164,19.65177],[-98.26071,19.65198],[-98.25991,19.6528],[-98.25849,19.65599],[-98.25744,19.65901],[-98.25669,19.66017],[-98.25632,19.66108],[-98.25626,19.66253],[-98.25595,19.66356],[-98.25602,19.66459],[-98.25639,19.66563],[-98.25664,19.66691],[-98.25695,19.67071],[-98.25733,19.67216],[-98.25745,19.67336],[-98.25739,19.67481],[-98.25764,19.67543],[-98.25771,19.67626],[-98.25721,19.67807],[-98.25672,19.67874],[-98.25622,19.67919],[-98.25579,19.68002],[-98.25573,19.68068],[-98.25604,19.68213],[-98.25666,19.68283],[-98.25803,19.68362],[-98.25883,19.68461],[-98.25636,19.69102]]]}},{"type":"Feature","properties":{"seccion":487,"municipio":34,"distrito_local":2,"distrito_federal":1},"geometry":{"type":"Polygon","coordinates":[[[-98.29397,19.65977],[-98.29471,19.66295],[-98.29169,19.66576],[-98.29122,19.6649],[-98.29021,19.66419],[-98.28917,19.6632],[-98.2875,19.66196],[-98.28711,19.66139],[-98.28631,19.66112],[-98.28569,19.66005],[-98.28433,19.65806],[-98.28417,19.65755],[-98.2845,19.6562],[-98.28581,19.65476],[-98.28692,19.65265],[-98.28731,19.65169],[-98.28795,19.65078],[-98.2906,19.64862],[-98.28924,19.64813],[-98.28879,19.64806],[-98.28774,19.6483],[-98.28748,19.64824],[-98.28592,19.64716],[-98.2867,19.64655],[-98.28684,19.6466],[-98.28747,19.64629],[-98.2877,19.64642],[-98.28753,19.64661],[-98.28769,19.64673],[-98.28832,19.64661],[-98.28878,19.64673],[-98.2896,19.64632],[-98.29005,19.64624],[-98.29028,19.64606],[-98.29039,19.64587],[-98.29097,19.64599],[-98.29121,19.64595],[-98.29131,19.64572],[-98.29129,19.64549],[-98.29147,19.64534],[-98.29175,19.64539],[-98.292,19.64557],[-98.29222,19.64594],[-98.29271,19.64605],[-98.29307,19.64497],[-98.29184,19.64421],[-98.29081,19.64372],[-98.29034,19.64365],[-98.29028,19.64318],[-98.28966,19.64294],[-98.28935,19.64265],[-98.28873,19.64008],[-98.28817,19.63909],[-98.28798,19.63793],[-98.28816,19.63347],[-98.28778,19.63252],[-98.28754,19.63136],[-98.2879,19.63045],[-98.28902,19.62883],[-98.28939,19.62813],[-98.28939,19.62759],[-98.29044,19.62635],[-98.29094,19.62594],[-98.29081,19.62557],[-98.29038,19.62503],[-98.28988,19.62474],[-98.28938,19.62424],[-98.28827,19.62338],[-98.28771,19.6228],[-98.28734,19.62255],[-98.28702,19.62214],[-98.28678,19.62156],[-98.28646,19.6199],[-98.28628,19.61941],[-98.2859,19.61883],[-98.28559,19.61854],[-98.28547,19.618],[-98.28553,19.61639],[-98.28578,19.61569],[-98.28621,19.61569],[-98.28726,19.61593],[-98.2882,19.61647],[-98.28851,19.6168],[-98.2895,19.61738],[-98.29093,19.61787],[-98.2913,19.61829],[-98.29192,19.6182],[-98.29254,19.61825],[-98.29378,19.61849],[-98.29564,19.61957],[-98.29657,19.61981],[-98.297,19.62014],[-98.29719,19.62039],[-98.29769,19.62072],[-98.2988,19.62126],[-98.29949,19.62171],[-98.29961,19.62213],[-98.30005,19.62246],[-98.30129,19.62291],[-98.30185,19.62291],[-98.30246,19.62307],[-98.3052,19.62481],[-98.30631,19.62576],[-98.30681,19.62601],[-98.30805,19.62634],[-98.30904,19.62733],[-98.3096,19.62762],[-98.31022,19.62778],[-98.31091,19.62774],[-98.31252,19.62699],[-98.3132,19.62645],[-98.31369,19.62633],[-98.31425,19.626],[-98.31481,19.62579],[-98.31499,19.6262],[-98.3145,19.62856],[-98.3142,19.63063],[-98.31451,19.63262],[-98.31451,19.63369],[-98.31513,19.63468],[-98.31569,19.63538],[-98.31694,19.63642],[-98.3178,19.63741],[-98.31805,19.63844],[-98.318,19.64125],[-98.31812,19.64295],[-98.31745,19.64494],[-98.31751,19.64597],[-98.31782,19.64754],[-98.31734,19.65387],[-98.31734,19.6549],[-98.31715,19.6568],[-98.31678,19.6578],[-98.31635,19.65945],[-98.31239,19.6638],[-98.31208,19.66446],[-98.31122,19.66533],[-98.31029,19.66678],[-98.30868,19.66856],[-98.30655,19.66964],[-98.30545,19.66778],[-98.30427,19.66683],[-98.30272,19.66625],[-98.30154,19.66555],[-98.30079,19.66497],[-98.29993,19.66394],[-98.29868,19.66332],[-98.29744,19.66237],[-98.29601,19.66109],[-98.29539,19.66043],[-98.29397,19.65977]]]}},{"type":"Feature","properties":{"seccion":544,"municipio":39,"distrito_local":3,"distrito_federal":1},"geometry":{"type":"Polygon","coordinates":[[[-98.01627,19.41629],[-98.01672,19.41617],[-98.01967,19.41744],[-98.02023,19.41714],[-98.02005,19.42687],[-98.02268,19.42486],[-98.03733,19.44355],[-98.039,19.44525],[-98.03981,19.44621],[-98.04039,19.44734],[-98.04107,19.44904],[-98.02854,19.44225],[-98.02469,19.44126],[-98.02139,19.43928],[-98.01825,19.43764],[-98.01663,19.43655],[-98.01471,19.43545],[-98.01094,19.43388],[-98.00924,19.43552],[-98.00812,19.43692],[-98.00706,19.43802],[-98.00583,19.43917],[-98.00419,19.43895],[-98.00209,19.43909],[-98.0004,19.43907],[-97.99913,19.43844],[-97.99779,19.4381],[-97.99633,19.43879],[-97.9951,19.43919],[-97.9944,19.43955],[-97.99404,19.44083],[-97.99251,19.4421],[-97.99129,19.44101],[-97.99055,19.43952],[-97.98446,19.42861],[-97.97363,19.41988],[-97.97212,19.41879],[-97.97079,19.41762],[-97.96999,19.41608],[-97.96924,19.41487],[-97.96791,19.41345],[-97.97053,19.41401],[-97.98755,19.41385],[-97.99328,19.39764],[-97.99741,19.39785],[-97.99891,19.40043],[-98.00146,19.40248],[-98.00226,19.4034],[-98.00441,19.40496],[-98.00509,19.40716],[-98.00654,19.40783],[-98.0077,19.40917],[-98.01007,19.41114],[-98.01094,19.41202],[-98.01192,19.41281],[-98.01273,19.41328],[-98.0147,19.41504],[-98.01627,19.41629]]]}},{"type":"Feature","properties":{"seccion":488,"municipio":34,"distrito_local":2,"distrito_federal":1},"geometry":{"type":"Polygon","coordinates":[[[-98.27396,19.64876],[-98.27067,19.6482],[-98.26815,19.64797],[-98.26686,19.64769],[-98.26496,19.64712],[-98.26448,19.64641],[-98.26405,19.64424],[-98.26163,19.64304],[-98.25921,19.64143],[-98.25704,19.63953],[-98.25586,19.63871],[-98.25263,19.63585],[-98.25064,19.63383],[-98.24915,19.63271],[-98.25008,19.63027],[-98.25144,19.62858],[-98.25287,19.62721],[-98.25479,19.62518],[-98.25646,19.62241],[-98.25924,19.61894],[-98.26228,19.61711],[-98.26451,19.61748],[-98.26842,19.61793],[-98.2706,19.61758],[-98.27236,19.61704],[-98.27406,19.61628],[-98.27548,19.61541],[-98.27728,19.61317],[-98.27758,19.61065],[-98.27795,19.60842],[-98.28105,19.6073],[-98.29116,19.60704],[-98.29122,19.6082],[-98.29079,19.60886],[-98.28862,19.61023],[-98.28713,19.61081],[-98.28633,19.61151],[-98.28639,19.61345],[-98.28571,19.61461],[-98.28565,19.61589],[-98.28553,19.61639],[-98.28547,19.618],[-98.28559,19.61854],[-98.2859,19.61883],[-98.28628,19.61941],[-98.28646,19.6199],[-98.28678,19.62156],[-98.28702,19.62214],[-98.28734,19.62255],[-98.28771,19.6228],[-98.28827,19.62338],[-98.28938,19.62424],[-98.28988,19.62474],[-98.29038,19.62503],[-98.29081,19.62557],[-98.29094,19.62594],[-98.29044,19.62635],[-98.28939,19.62759],[-98.28939,19.62813],[-98.28902,19.62883],[-98.2879,19.63045],[-98.28754,19.63136],[-98.28778,19.63252],[-98.28816,19.63347],[-98.28798,19.63793],[-98.28817,19.63909],[-98.28873,19.64008],[-98.28935,19.64265],[-98.28966,19.64294],[-98.29028,19.64318],[-98.29034,19.64365],[-98.29081,19.64372],[-98.29184,19.64421],[-98.29307,19.64497],[-98.29271,19.64605],[-98.29222,19.64594],[-98.292,19.64557],[-98.29175,19.64539],[-98.29147,19.64534],[-98.29129,19.64549],[-98.29131,19.64572],[-98.29121,19.64595],[-98.29097,19.64599],[-98.29039,19.64587],[-98.29028,19.64606],[-98.29005,19.64624],[-98.2896,19.64632],[-98.28878,19.64673],[-98.28832,19.64661],[-98.28769,19.64673],[-98.28753,19.64661],[-98.2877,19.64642],[-98.28747,19.64629],[-98.28684,19.6466],[-98.2867,19.64655],[-98.28592,19.64716],[-98.28532,19.64675],[-98.28475,19.64649],[-98.28333,19.64603],[-98.28043,19.64476],[-98.27545,19.64395],[-98.27396,19.64876]]]}},{"type":"Feature","properties":{"seccion":489,"municipio":34,"distrito_local":2,"distrito_federal":1},"geometry":{"type":"Polygon","coordinates":[[[-98.35771,19.65552],[-98.33425,19.64678],[-98.32266,19.65006],[-98.32161,19.64965],[-98.319,19.64924],[-98.31776,19.64878],[-98.31782,19.64754],[-98.31751,19.64597],[-98.31745,19.64494],[-98.31812,19.64295],[-98.318,19.64125],[-98.31805,19.63844],[-98.3178,19.63741],[-98.31694,19.63642],[-98.31569,19.63538],[-98.31513,19.63468],[-98.31451,19.63369],[-98.31451,19.63262],[-98.3142,19.63063],[-98.3145,19.62856],[-98.31499,19.6262],[-98.31481,19.62579],[-98.31468,19.62579],[-98.31629,19.62376],[-98.3161,19.62252],[-98.31536,19.62079],[-98.31455,19.61835],[-98.31467,19.61764],[-98.31417,19.61268],[-98.3151,19.61293],[-98.31578,19.6128],[-98.31937,19.61284],[-98.32099,19.61325],[-98.32335,19.61499],[-98.32496,19.61689],[-98.37983,19.61467],[-98.38852,19.61834],[-98.37503,19.6344],[-98.37553,19.63494],[-98.3678,19.64458],[-98.36687,19.64442],[-98.35771,19.65552]]]}},{"type":"Feature","properties":{"seccion":490,"municipio":34,"distrito_local":2,"distrito_federal":1},"geometry":{"type":"Polygon","coordinates":[[[-97.97254,19.62259],[-97.97241,19.62217],[-97.97206,19.62175],[-97.97085,19.61983],[-97.97016,19.61854],[-97.96976,19.61804],[-97.96941,19.61787],[-97.969,19.61754],[-97.96814,19.61608],[-97.96802,19.61566],[-97.96762,19.61516],[-97.9653,19.61349],[-97.96535,19.61286],[-97.96648,19.6118],[-97.96645,19.61113],[-97.96703,19.61118],[-97.96727,19.61064],[-97.96766,19.61016],[-97.96803,19.60997],[-97.98255,19.60754],[-97.98576,19.60895],[-97.9867,19.60949],[-97.98781,19.61029],[-97.9884,19.61052],[-97.98911,19.61065],[-97.98968,19.61066],[-97.99042,19.61127],[-97.9914,19.61171],[-97.99196,19.61216],[-97.99272,19.61245],[-97.99309,19.61283],[-97.9937,19.61293],[-97.99419,19.61289],[-97.99458,19.61299],[-97.99487,19.61321],[-97.99497,19.61342],[-97.99535,19.61365],[-97.9962,19.61349],[-97.99669,19.61382],[-97.99669,19.61554],[-97.9963,19.61594],[-97.99646,19.616],[-97.99679,19.61638],[-97.99733,19.61669],[-97.99732,19.61745],[-97.99726,19.61757],[-97.99713,19.61762],[-97.99677,19.61886],[-97.99686,19.61909],[-97.99702,19.61921],[-97.99761,19.61925],[-97.99796,19.61913],[-97.99877,19.61915],[-97.9997,19.61932],[-98.00079,19.61907],[-98.00158,19.61927],[-98.00261,19.61982],[-98.00345,19.62048],[-98.00429,19.62039],[-98.00542,19.62132],[-98.00558,19.62196],[-98.00581,19.6223],[-98.00563,19.6235],[-98.00069,19.64198],[-97.99837,19.64639],[-97.99726,19.64613],[-97.99581,19.64616],[-97.9937,19.64701],[-97.99288,19.64713],[-97.9916,19.64707],[-97.99056,19.64665],[-97.98999,19.64553],[-97.98719,19.64525],[-97.98597,19.64491],[-97.9854,19.6442],[-97.98465,19.64382],[-97.98273,19.64347],[-97.98051,19.64354],[-97.97819,19.64248],[-97.97606,19.64093],[-97.9731,19.63941],[-97.96945,19.63739],[-97.96825,19.63589],[-97.96729,19.63285],[-97.96655,19.63169],[-97.9658,19.63098],[-97.96494,19.62981],[-97.96483,19.62948],[-97.96391,19.6279],[-97.96375,19.62715],[-97.96422,19.62645],[-97.96604,19.62535],[-97.96932,19.62389],[-97.97254,19.62259]]]}},{"type":"Feature","properties":{"seccion":545,"municipio":39,"distrito_local":3,"distrito_federal":1},"geometry":{"type":"Polygon","coordinates":[[[-98.07139,19.42052],[-98.07239,19.42129],[-98.07077,19.42367],[-98.06546,19.43049],[-98.06295,19.43495],[-98.06308,19.4351],[-98.06011,19.43767],[-98.058,19.43886],[-98.05294,19.43785],[-98.05114,19.43664],[-98.04792,19.43855],[-98.04495,19.43647],[-98.04502,19.43539],[-98.04562,19.43506],[-98.04675,19.43395],[-98.04679,19.43207],[-98.04727,19.43162],[-98.04855,19.4307],[-98.04856,19.43049],[-98.0488,19.43027],[-98.04914,19.43028],[-98.04937,19.43018],[-98.05177,19.42834],[-98.05217,19.42805],[-98.05226,19.42807],[-98.05252,19.42781],[-98.05593,19.42533],[-98.05626,19.42504],[-98.05628,19.42477],[-98.05616,19.42439],[-98.05619,19.42397],[-98.05638,19.42361],[-98.05786,19.42245],[-98.05569,19.42105],[-98.05571,19.4209],[-98.05361,19.41771],[-98.05248,19.41628],[-98.05384,19.41618],[-98.05494,19.41634],[-98.06223,19.41836],[-98.07019,19.42036],[-98.07139,19.42052]]]}},{"type":"Feature","properties":{"seccion":491,"municipio":34,"distrito_local":2,"distrito_federal":1},"geometry":{"type":"Polygon","coordinates":[[[-98.04323,19.61217],[-98.0422,19.61312],[-98.04185,19.61382],[-98.04141,19.61634],[-98.04105,19.61741],[-98.03043,19.62444],[-98.03734,19.61523],[-98.03753,19.61415],[-98.03823,19.61378],[-98.03842,19.61304],[-98.03819,19.61246],[-98.03779,19.61221],[-98.03791,19.61175],[-98.03826,19.61105],[-98.03833,19.61026],[-98.03822,19.60997],[-98.03846,19.60931],[-98.03887,19.6089],[-98.03923,19.60833],[-98.03912,19.60766],[-98.0393,19.6068],[-98.0396,19.60651],[-98.04013,19.60531],[-98.04009,19.60411],[-98.04028,19.60266],[-98.04053,19.6015],[-98.04006,19.60105],[-98.04077,19.60047],[-98.04101,19.60014],[-98.04113,19.5994],[-98.04096,19.59878],[-98.04068,19.59815],[-98.04033,19.59798],[-98.04022,19.59777],[-98.04052,19.59678],[-98.04082,19.59612],[-98.04165,19.59493],[-98.04194,19.59431],[-98.04295,19.59316],[-98.05283,19.58962],[-98.05349,19.59011],[-98.05386,19.58936],[-98.05427,19.58904],[-98.05435,19.58875],[-98.05476,19.58827],[-98.05497,19.58855],[-98.05531,19.58876],[-98.05537,19.58813],[-98.05603,19.58902],[-98.05631,19.58973],[-98.05666,19.59007],[-98.0573,19.59034],[-98.05753,19.59002],[-98.05783,19.59004],[-98.05812,19.59042],[-98.05828,19.59077],[-98.05833,19.59111],[-98.05966,19.59187],[-98.05991,19.59126],[-98.06011,19.59094],[-98.06013,19.59069],[-98.06135,19.58988],[-98.0619,19.58931],[-98.06231,19.58868],[-98.06289,19.5891],[-98.06521,19.5904],[-98.06486,19.5913],[-98.06401,19.59223],[-98.06396,19.59263],[-98.06462,19.59318],[-98.06494,19.59355],[-98.0651,19.59355],[-98.06514,19.5934],[-98.06536,19.59332],[-98.06507,19.59427],[-98.06529,19.59529],[-98.06523,19.59599],[-98.06501,19.59639],[-98.06424,19.59724],[-98.06352,19.59773],[-98.06302,19.59792],[-98.06243,19.5983],[-98.05573,19.60362],[-98.05493,19.60428],[-98.0545,19.60511],[-98.05346,19.60601],[-98.05262,19.60611],[-98.05154,19.60688],[-98.05153,19.60715],[-98.05026,19.60773],[-98.04606,19.61017],[-98.04509,19.61044],[-98.04479,19.61083],[-98.04441,19.61105],[-98.04389,19.61172],[-98.04323,19.61217]]]}},{"type":"Feature","properties":{"seccion":492,"municipio":34,"distrito_local":2,"distrito_federal":1},"geometry":{"type":"Polygon","coordinates":[[[-98.15841,19.61489],[-98.15895,19.6129],[-98.15908,19.61212],[-98.1584,19.61041],[-98.158,19.60917],[-98.15673,19.60775],[-98.15471,19.60633],[-98.15211,19.60423],[-98.15161,19.60204],[-98.15127,19.60121],[-98.15164,19.5993],[-98.15025,19.59291],[-98.14202,19.59416],[-98.1417,19.59436],[-98.14021,19.58865],[-98.1404,19.58795],[-98.14128,19.58737],[-98.14158,19.58609],[-98.143,19.58424],[-98.14701,19.57993],[-98.14807,19.58015],[-98.14699,19.58262],[-98.1506,19.58366],[-98.15778,19.58699],[-98.15926,19.57738],[-98.17825,19.58226],[-98.17537,19.58798],[-98.17683,19.58801],[-98.17579,19.58981],[-98.17737,19.5892],[-98.17838,19.58788],[-98.17913,19.58793],[-98.17995,19.58781],[-98.18001,19.58732],[-98.18031,19.58641],[-98.18101,19.58629],[-98.18142,19.58642],[-98.18235,19.58638],[-98.18521,19.5857],[-98.1887,19.58594],[-98.18912,19.58519],[-98.18936,19.58449],[-98.19036,19.5838],[-98.19112,19.58351],[-98.19193,19.58344],[-98.19518,19.58491],[-98.19691,19.58666],[-98.1979,19.58729],[-98.19871,19.58722],[-98.2005,19.58914],[-98.20189,19.58977],[-98.20258,19.59048],[-98.20246,19.59147],[-98.20152,19.59213],[-98.20122,19.5927],[-98.2022,19.59414],[-98.19865,19.5973],[-98.19871,19.59796],[-98.19859,19.59937],[-98.19933,19.6009],[-98.19939,19.60193],[-98.19909,19.60321],[-98.19816,19.60528],[-98.19815,19.60574],[-98.19774,19.60592],[-98.19717,19.60698],[-98.19717,19.60859],[-98.19568,19.61149],[-98.17895,19.61414],[-98.17132,19.61137],[-98.16679,19.61245],[-98.15841,19.61489]]]}},{"type":"Feature","properties":{"seccion":493,"municipio":34,"distrito_local":2,"distrito_federal":1},"geometry":{"type":"Polygon","coordinates":[[[-98.20002,19.67563],[-98.19283,19.67269],[-98.19171,19.67017],[-98.19102,19.66633],[-98.19028,19.66451],[-98.18916,19.6636],[-98.18071,19.65066],[-98.17991,19.64871],[-98.17866,19.64735],[-98.17767,19.64544],[-98.17699,19.64433],[-98.17655,19.64222],[-98.175,19.64106],[-98.17469,19.64024],[-98.17989,19.63225],[-98.17915,19.62998],[-98.17784,19.62816],[-98.17772,19.62634],[-98.17877,19.62415],[-98.17877,19.62295],[-98.17796,19.62175],[-98.1779,19.62038],[-98.17852,19.61861],[-98.17901,19.61621],[-98.17895,19.61414],[-98.19568,19.61149],[-98.19717,19.60859],[-98.19717,19.60698],[-98.19774,19.60592],[-98.19815,19.60574],[-98.19816,19.60528],[-98.19909,19.60321],[-98.19939,19.60193],[-98.19933,19.6009],[-98.19859,19.59937],[-98.19871,19.59796],[-98.19865,19.5973],[-98.20354,19.59296],[-98.20497,19.59263],[-98.20627,19.59262],[-98.20651,19.59151],[-98.20769,19.58998],[-98.20775,19.58882],[-98.20713,19.58783],[-98.20669,19.58646],[-98.20669,19.58452],[-98.21172,19.58832],[-98.21321,19.58861],[-98.21643,19.58865],[-98.2186,19.58914],[-98.22015,19.58976],[-98.22158,19.58989],[-98.22294,19.59059],[-98.22511,19.59121],[-98.22679,19.5922],[-98.22896,19.59236],[-98.23162,19.59158],[-98.23565,19.59066],[-98.23726,19.5919],[-98.23906,19.59232],[-98.24092,19.59323],[-98.24204,19.59389],[-98.23381,19.60762],[-98.22837,19.62177],[-98.22534,19.62818],[-98.21791,19.64129],[-98.21792,19.64857],[-98.21766,19.65005],[-98.21541,19.65133],[-98.21377,19.65383],[-98.21365,19.65573],[-98.21433,19.65738],[-98.21378,19.66028],[-98.21322,19.66135],[-98.21335,19.66321],[-98.21229,19.6664],[-98.21094,19.67202],[-98.21019,19.67359],[-98.2092,19.67504],[-98.20771,19.67513],[-98.20517,19.67451],[-98.20238,19.67505],[-98.20164,19.67554],[-98.20002,19.67563]]]}},{"type":"Feature","properties":{"seccion":494,"municipio":34,"distrito_local":2,"distrito_federal":1},"geometry":{"type":"Polygon","coordinates":[[[-98.24915,19.63271],[-98.24686,19.63156],[-98.24562,19.63102],[-98.24233,19.62912],[-98.23786,19.62668],[-98.23203,19.624],[-98.23029,19.62239],[-98.2288,19.62177],[-98.22837,19.62177],[-98.23381,19.60762],[-98.24204,19.59389],[-98.24246,19.58652],[-98.2437,19.5852],[-98.24488,19.58346],[-98.24642,19.58061],[-98.24667,19.57995],[-98.2502,19.58003],[-98.25051,19.58056],[-98.25585,19.58254],[-98.25665,19.583],[-98.25765,19.58527],[-98.25883,19.58693],[-98.26125,19.58874],[-98.26751,19.58969],[-98.27135,19.58898],[-98.27272,19.58845],[-98.27365,19.58762],[-98.2747,19.58762],[-98.27631,19.58828],[-98.27761,19.5891],[-98.27911,19.5903],[-98.28053,19.59125],[-98.28233,19.59129],[-98.28338,19.59145],[-98.28308,19.59274],[-98.28221,19.59319],[-98.28153,19.5946],[-98.28066,19.59539],[-98.28098,19.59816],[-98.28135,19.59936],[-98.28104,19.60039],[-98.28148,19.60188],[-98.28216,19.60366],[-98.2821,19.6056],[-98.28173,19.60643],[-98.28105,19.6073],[-98.27795,19.60842],[-98.27758,19.61065],[-98.27728,19.61317],[-98.27548,19.61541],[-98.27406,19.61628],[-98.27236,19.61704],[-98.2706,19.61758],[-98.26842,19.61793],[-98.26451,19.61748],[-98.26228,19.61711],[-98.25924,19.61894],[-98.25646,19.62241],[-98.25479,19.62518],[-98.25287,19.62721],[-98.25144,19.62858],[-98.25008,19.63027],[-98.24915,19.63271]]]}},{"type":"Feature","properties":{"seccion":495,"municipio":34,"distrito_local":2,"distrito_federal":1},"geometry":{"type":"Polygon","coordinates":[[[-98.36596,19.60297],[-98.36786,19.6088],[-98.36941,19.61509],[-98.32496,19.61689],[-98.32335,19.61499],[-98.32099,19.61325],[-98.31937,19.61284],[-98.31578,19.6128],[-98.3151,19.61293],[-98.31417,19.61268],[-98.31467,19.61764],[-98.31455,19.61835],[-98.31536,19.62079],[-98.3161,19.62252],[-98.31629,19.62376],[-98.31468,19.62579],[-98.31369,19.62633],[-98.3132,19.62645],[-98.31252,19.62699],[-98.31091,19.62774],[-98.31022,19.62778],[-98.3096,19.62762],[-98.30904,19.62733],[-98.30805,19.62634],[-98.30681,19.62601],[-98.30631,19.62576],[-98.3052,19.62481],[-98.30246,19.62307],[-98.30185,19.62291],[-98.30129,19.62291],[-98.30005,19.62246],[-98.29961,19.62213],[-98.29949,19.62171],[-98.2988,19.62126],[-98.29769,19.62072],[-98.29719,19.62039],[-98.297,19.62014],[-98.29657,19.61981],[-98.29564,19.61957],[-98.29378,19.61849],[-98.29254,19.61825],[-98.29192,19.6182],[-98.2913,19.61829],[-98.29093,19.61787],[-98.2895,19.61738],[-98.28851,19.6168],[-98.2882,19.61647],[-98.28726,19.61593],[-98.28621,19.61569],[-98.28578,19.61569],[-98.28565,19.61589],[-98.28571,19.61461],[-98.28639,19.61345],[-98.28633,19.61151],[-98.28713,19.61081],[-98.28862,19.61023],[-98.29079,19.60886],[-98.29122,19.6082],[-98.29116,19.60704],[-98.28105,19.6073],[-98.28173,19.60643],[-98.2821,19.6056],[-98.28216,19.60366],[-98.28148,19.60188],[-98.28104,19.60039],[-98.28135,19.59936],[-98.28098,19.59816],[-98.28066,19.59539],[-98.28153,19.5946],[-98.28221,19.59319],[-98.28308,19.59274],[-98.28338,19.59145],[-98.28475,19.58959],[-98.28542,19.58757],[-98.28486,19.58641],[-98.2848,19.58484],[-98.28554,19.58368],[-98.28684,19.58256],[-98.28957,19.58132],[-98.29198,19.57871],[-98.29341,19.57734],[-98.29569,19.57491],[-98.31557,19.59754],[-98.32496,19.58832],[-98.32723,19.59038],[-98.33805,19.60073],[-98.33892,19.6004],[-98.33899,19.60053],[-98.3425,19.59991],[-98.34279,19.59997],[-98.34338,19.59871],[-98.34478,19.59778],[-98.34612,19.59935],[-98.35102,19.6047],[-98.35623,19.60147],[-98.35885,19.60399],[-98.36096,19.60576],[-98.36596,19.60297]]]}},{"type":"Feature","properties":{"seccion":496,"municipio":34,"distrito_local":2,"distrito_federal":1},"geometry":{"type":"Polygon","coordinates":[[[-98.07373,19.5902],[-98.07386,19.58954],[-98.07404,19.58921],[-98.07486,19.58818],[-98.0758,19.58782],[-98.07691,19.58774],[-98.08028,19.58827],[-98.0816,19.58956],[-98.08224,19.5899],[-98.08288,19.58999],[-98.08896,19.58454],[-98.08964,19.58441],[-98.09984,19.58959],[-98.09709,19.5909],[-98.0955,19.59212],[-98.09438,19.59365],[-98.0932,19.5948],[-98.09291,19.59471],[-98.08647,19.59805],[-98.08562,19.60086],[-98.08514,19.60164],[-98.0845,19.60189],[-98.08426,19.60284],[-98.0839,19.60337],[-98.08167,19.60559],[-98.0829,19.60494],[-98.08459,19.60458],[-98.08517,19.60467],[-98.08679,19.60597],[-98.08783,19.60659],[-98.08899,19.6069],[-98.08998,19.6069],[-98.09103,19.60675],[-98.0903,19.60972],[-98.08959,19.61096],[-98.08923,19.61187],[-98.08817,19.61293],[-98.0867,19.61946],[-98.08722,19.62009],[-98.08825,19.62188],[-98.08881,19.62404],[-98.08728,19.62523],[-98.08511,19.62628],[-98.08441,19.62677],[-98.08237,19.62721],[-98.08067,19.62811],[-98.08025,19.62844],[-98.08013,19.6291],[-98.07884,19.62979],[-98.07703,19.63048],[-98.07626,19.63196],[-98.07555,19.63299],[-98.07513,19.6339],[-98.07442,19.63439],[-98.07435,19.63559],[-98.07328,19.63724],[-98.07281,19.63815],[-98.07268,19.63901],[-98.07244,19.63992],[-98.07061,19.64231],[-98.06907,19.6447],[-98.06754,19.64593],[-98.06666,19.64642],[-98.06566,19.64674],[-98.06473,19.64661],[-98.06288,19.64597],[-98.06182,19.64633],[-98.06147,19.64691],[-98.06053,19.6474],[-98.05943,19.64697],[-98.0582,19.64709],[-98.05703,19.64791],[-98.05586,19.64856],[-98.05521,19.64934],[-98.0549,19.65087],[-98.05437,19.6514],[-98.05244,19.65205],[-98.0515,19.65245],[-98.04963,19.65289],[-98.04852,19.65288],[-98.04759,19.65329],[-98.04688,19.6537],[-98.04664,19.65423],[-98.04505,19.65621],[-98.04358,19.6574],[-98.04282,19.65789],[-98.04113,19.65791],[-98.03961,19.65765],[-98.03897,19.65818],[-98.03774,19.65896],[-98.03662,19.65949],[-98.03568,19.6601],[-98.03521,19.66109],[-98.03455,19.66208],[-98.03298,19.66231],[-98.02894,19.66406],[-98.02394,19.65739],[-98.0239,19.65552],[-98.02398,19.65395],[-98.02388,19.65275],[-98.02366,19.65109],[-98.02339,19.6498],[-98.02299,19.64881],[-98.02183,19.64809],[-98.01934,19.64716],[-98.01981,19.64675],[-98.02005,19.64613],[-98.02099,19.64485],[-98.02135,19.64403],[-98.02178,19.6425],[-98.02261,19.64114],[-98.02326,19.64032],[-98.02437,19.63967],[-98.02478,19.63926],[-98.02543,19.63852],[-98.02709,19.63613],[-98.02734,19.6351],[-98.02705,19.63447],[-98.03043,19.62444],[-98.04105,19.61741],[-98.04141,19.61634],[-98.04185,19.61382],[-98.0422,19.61312],[-98.04323,19.61217],[-98.04389,19.61172],[-98.04441,19.61105],[-98.04479,19.61083],[-98.04509,19.61044],[-98.04606,19.61017],[-98.05026,19.60773],[-98.05153,19.60715],[-98.05154,19.60688],[-98.05262,19.60611],[-98.05346,19.60601],[-98.0545,19.60511],[-98.05493,19.60428],[-98.05573,19.60362],[-98.06243,19.5983],[-98.06302,19.59792],[-98.06352,19.59773],[-98.06424,19.59724],[-98.06501,19.59639],[-98.06523,19.59599],[-98.06529,19.59529],[-98.06507,19.59427],[-98.06536,19.59332],[-98.06634,19.59314],[-98.06704,19.59249],[-98.06796,19.59182],[-98.06842,19.59117],[-98.06863,19.59108],[-98.06873,19.59121],[-98.06941,19.5913],[-98.0704,19.59186],[-98.07079,19.59187],[-98.07161,19.59147],[-98.07196,19.59142],[-98.07373,19.5902]]]}},{"type":"Feature","properties":{"seccion":456,"municipio":33,"distrito_local":7,"distrito_federal":2},"geometry":{"type":"Polygon","coordinates":[[[-98.21357,19.31637],[-98.21414,19.31151],[-98.21494,19.3102],[-98.21554,19.31049],[-98.216,19.30969],[-98.21617,19.30959],[-98.21636,19.30954],[-98.2179,19.30984],[-98.21817,19.31012],[-98.21873,19.31045],[-98.21805,19.31106],[-98.2175,19.31563],[-98.21707,19.31672],[-98.2154,19.31654],[-98.21501,19.31656],[-98.21501,19.31662],[-98.21357,19.31637]]]}},{"type":"Feature","properties":{"seccion":497,"municipio":34,"distrito_local":2,"distrito_federal":1},"geometry":{"type":"Polygon","coordinates":[[[-98.01067,19.55874],[-98.0108,19.55945],[-98.01113,19.55969],[-98.01153,19.55973],[-98.01293,19.56113],[-98.01348,19.56126],[-98.01413,19.56124],[-98.01475,19.56133],[-98.01515,19.5616],[-98.01548,19.5625],[-98.01581,19.56279],[-98.01624,19.56383],[-98.01645,19.56415],[-98.01765,19.56754],[-98.01845,19.5681],[-98.01891,19.56817],[-98.01924,19.56842],[-98.01927,19.56862],[-98.01864,19.57002],[-98.01868,19.57034],[-98.01855,19.57059],[-98.01856,19.57099],[-98.01878,19.57173],[-98.01899,19.57205],[-98.01935,19.57229],[-98.0206,19.57276],[-98.02272,19.57331],[-98.02417,19.57411],[-98.0248,19.57474],[-98.02509,19.57536],[-98.02555,19.57548],[-98.02602,19.57523],[-98.02678,19.57522],[-98.02748,19.5753],[-98.02923,19.57578],[-98.02959,19.57578],[-98.02995,19.57543],[-98.03079,19.57548],[-98.03135,19.5758],[-98.03222,19.57601],[-98.03267,19.57604],[-98.0329,19.57616],[-98.03321,19.57609],[-98.03376,19.57624],[-98.03397,19.57623],[-98.03463,19.57587],[-98.03537,19.57599],[-98.03595,19.5759],[-98.03659,19.5764],[-98.03666,19.57652],[-98.03715,19.5768],[-98.03811,19.57702],[-98.03854,19.57697],[-98.03907,19.57675],[-98.03955,19.57672],[-98.03981,19.57663],[-98.04041,19.57721],[-98.0407,19.57781],[-98.04113,19.57831],[-98.04143,19.57836],[-98.04232,19.57903],[-98.04376,19.58042],[-98.04495,19.58113],[-98.04526,19.58122],[-98.04507,19.58249],[-98.04472,19.58336],[-98.04393,19.58624],[-98.0452,19.58664],[-98.04544,19.58904],[-98.04494,19.58955],[-98.04475,19.59014],[-98.0441,19.59076],[-98.04396,19.59131],[-98.04387,19.59228],[-98.04324,19.59279],[-98.04194,19.59431],[-98.04165,19.59493],[-98.04082,19.59612],[-98.04052,19.59678],[-98.04022,19.59777],[-98.04033,19.59798],[-98.04068,19.59815],[-98.04096,19.59878],[-98.04113,19.5994],[-98.04101,19.60014],[-98.04077,19.60047],[-98.04006,19.60105],[-98.04053,19.6015],[-98.04028,19.60266],[-98.04009,19.60411],[-98.04013,19.60531],[-98.0396,19.60651],[-98.0393,19.6068],[-98.03912,19.60766],[-98.03923,19.60833],[-98.03887,19.6089],[-98.03846,19.60931],[-98.03822,19.60997],[-98.03833,19.61026],[-98.03826,19.61105],[-98.03791,19.61175],[-98.03779,19.61221],[-98.03819,19.61246],[-98.03842,19.61304],[-98.03823,19.61378],[-98.03753,19.61415],[-98.03734,19.61523],[-98.03043,19.62444],[-98.02705,19.63447],[-98.02734,19.6351],[-98.02709,19.63613],[-98.02543,19.63852],[-98.02478,19.63926],[-98.02437,19.63967],[-98.02326,19.64032],[-98.02261,19.64114],[-98.02178,19.6425],[-98.02135,19.64403],[-98.02099,19.64485],[-98.02005,19.64613],[-98.01981,19.64675],[-98.01934,19.64716],[-98.01765,19.6469],[-98.01683,19.64685],[-98.01532,19.64712],[-98.01491,19.64712],[-98.01201,19.64577],[-98.01149,19.64539],[-98.01109,19.64497],[-98.00892,19.64599],[-98.00822,19.64569],[-98.00678,19.64485],[-98.00613,19.64501],[-98.00514,19.64562],[-98.00396,19.64685],[-98.00337,19.6473],[-98.0032,19.64726],[-98.00262,19.64684],[-98.00133,19.64708],[-98.00075,19.64736],[-98.00022,19.64748],[-97.99964,19.64727],[-97.99912,19.64677],[-97.99837,19.64639],[-98.00069,19.64198],[-98.00563,19.6235],[-98.00581,19.6223],[-98.00558,19.62196],[-98.00542,19.62132],[-98.00429,19.62039],[-98.00345,19.62048],[-98.00261,19.61982],[-98.00158,19.61927],[-98.00079,19.61907],[-97.9997,19.61932],[-97.99877,19.61915],[-97.99796,19.61913],[-97.99761,19.61925],[-97.99702,19.61921],[-97.99686,19.61909],[-97.99677,19.61886],[-97.99713,19.61762],[-97.99726,19.61757],[-97.99732,19.61745],[-97.99733,19.61669],[-97.99679,19.61638],[-97.99646,19.616],[-97.9963,19.61594],[-97.99669,19.61554],[-97.99669,19.61382],[-97.9962,19.61349],[-97.99535,19.61365],[-97.99497,19.61342],[-97.99487,19.61321],[-97.99458,19.61299],[-97.99419,19.61289],[-97.9937,19.61293],[-97.99309,19.61283],[-97.99272,19.61245],[-97.99196,19.61216],[-97.9914,19.61171],[-97.99042,19.61127],[-97.98968,19.61066],[-97.98911,19.61065],[-97.9884,19.61052],[-97.98781,19.61029],[-97.9867,19.60949],[-97.98576,19.60895],[-97.98255,19.60754],[-97.96803,19.60997],[-97.96766,19.61016],[-97.96727,19.61064],[-97.96703,19.61118],[-97.96645,19.61113],[-97.96648,19.6118],[-97.96535,19.61286],[-97.9653,19.61349],[-97.96495,19.61311],[-97.96437,19.61286],[-97.96315,19.61265],[-97.96292,19.61211],[-97.96286,19.61177],[-97.96205,19.61127],[-97.96165,19.6109],[-97.96118,19.61044],[-97.96061,19.6096],[-97.96079,19.60856],[-97.96073,19.60794],[-97.95934,19.60723],[-97.95899,19.60677],[-97.95865,19.60585],[-97.95803,19.60294],[-97.95727,19.60269],[-97.95687,19.60227],[-97.95676,19.60168],[-97.95682,19.60144],[-97.95629,19.60136],[-97.95636,19.60103],[-97.95659,19.60062],[-97.95934,19.59978],[-97.96005,19.5992],[-97.96017,19.59846],[-97.9602,19.5961],[-97.96115,19.59433],[-97.96156,19.59392],[-97.96227,19.59343],[-97.96268,19.5926],[-97.96241,19.59094],[-97.96202,19.58978],[-97.96121,19.58886],[-97.96493,19.58459],[-97.96465,19.58413],[-97.96424,19.584],[-97.96408,19.5828],[-97.96333,19.58217],[-97.9631,19.58172],[-97.96317,19.58047],[-97.96474,19.58061],[-97.96532,19.58145],[-97.96712,19.58167],[-97.96817,19.58189],[-97.9702,19.58269],[-97.9727,19.5828],[-97.97392,19.58269],[-97.97456,19.5831],[-97.97561,19.58336],[-97.97619,19.58333],[-97.97683,19.58313],[-97.97736,19.58313],[-97.97822,19.58364],[-97.97909,19.58402],[-97.97997,19.5839],[-97.9805,19.58353],[-97.98108,19.58337],[-97.9819,19.58326],[-97.98259,19.58347],[-97.98727,19.57689],[-97.98883,19.57756],[-97.98918,19.57297],[-97.98913,19.57197],[-97.9885,19.57102],[-97.98723,19.57001],[-97.98794,19.56999],[-97.98885,19.57078],[-97.9891,19.57125],[-97.99597,19.56714],[-98.00563,19.56103],[-98.00591,19.56096],[-98.00612,19.56112],[-98.00657,19.56118],[-98.00702,19.5614],[-98.00741,19.56125],[-98.00761,19.56104],[-98.0081,19.56129],[-98.00831,19.5615],[-98.00854,19.56153],[-98.00869,19.56146],[-98.00901,19.56068],[-98.0091,19.56019],[-98.00966,19.55914],[-98.01013,19.55881],[-98.01067,19.55874]]]}},{"type":"Feature","properties":{"seccion":498,"municipio":34,"distrito_local":2,"distrito_federal":1},"geometry":{"type":"Polygon","coordinates":[[[-98.08964,19.58441],[-98.08896,19.58454],[-98.08288,19.58999],[-98.08224,19.5899],[-98.0816,19.58956],[-98.08028,19.58827],[-98.07691,19.58774],[-98.0758,19.58782],[-98.07486,19.58818],[-98.07404,19.58921],[-98.07386,19.58954],[-98.07373,19.5902],[-98.07196,19.59142],[-98.07161,19.59147],[-98.07079,19.59187],[-98.0704,19.59186],[-98.06941,19.5913],[-98.06873,19.59121],[-98.06863,19.59108],[-98.06842,19.59117],[-98.06796,19.59182],[-98.06704,19.59249],[-98.06634,19.59314],[-98.06536,19.59332],[-98.06514,19.5934],[-98.0651,19.59355],[-98.06494,19.59355],[-98.06462,19.59318],[-98.06396,19.59263],[-98.06401,19.59223],[-98.06486,19.5913],[-98.06521,19.5904],[-98.06289,19.5891],[-98.06231,19.58868],[-98.0619,19.58931],[-98.06135,19.58988],[-98.06013,19.59069],[-98.06011,19.59094],[-98.05991,19.59126],[-98.05966,19.59187],[-98.05833,19.59111],[-98.05828,19.59077],[-98.05812,19.59042],[-98.05783,19.59004],[-98.05753,19.59002],[-98.0573,19.59034],[-98.05666,19.59007],[-98.05631,19.58973],[-98.05603,19.58902],[-98.05537,19.58813],[-98.05531,19.58876],[-98.05497,19.58855],[-98.05476,19.58827],[-98.05435,19.58875],[-98.05427,19.58904],[-98.05386,19.58936],[-98.05349,19.59011],[-98.05283,19.58962],[-98.04295,19.59316],[-98.04324,19.59279],[-98.04387,19.59228],[-98.04396,19.59131],[-98.0441,19.59076],[-98.04475,19.59014],[-98.04494,19.58955],[-98.04544,19.58904],[-98.0452,19.58664],[-98.04393,19.58624],[-98.04472,19.58336],[-98.04507,19.58249],[-98.04526,19.58122],[-98.04495,19.58113],[-98.04376,19.58042],[-98.04232,19.57903],[-98.04143,19.57836],[-98.04113,19.57831],[-98.0407,19.57781],[-98.04041,19.57721],[-98.03981,19.57663],[-98.03955,19.57672],[-98.03907,19.57675],[-98.03854,19.57697],[-98.03811,19.57702],[-98.03715,19.5768],[-98.03666,19.57652],[-98.03659,19.5764],[-98.03595,19.5759],[-98.03537,19.57599],[-98.03463,19.57587],[-98.03397,19.57623],[-98.03376,19.57624],[-98.03321,19.57609],[-98.0329,19.57616],[-98.03267,19.57604],[-98.03222,19.57601],[-98.03135,19.5758],[-98.03079,19.57548],[-98.02995,19.57543],[-98.02959,19.57578],[-98.02923,19.57578],[-98.02748,19.5753],[-98.02678,19.57522],[-98.02602,19.57523],[-98.02555,19.57548],[-98.02509,19.57536],[-98.0248,19.57474],[-98.02417,19.57411],[-98.02272,19.57331],[-98.0218,19.57311],[-98.01981,19.5725],[-98.01899,19.57205],[-98.01878,19.57173],[-98.01856,19.57099],[-98.01855,19.57059],[-98.01868,19.57034],[-98.01864,19.57002],[-98.01927,19.56862],[-98.01924,19.56842],[-98.01891,19.56817],[-98.01845,19.5681],[-98.01765,19.56754],[-98.01645,19.56415],[-98.01624,19.56383],[-98.01581,19.56279],[-98.01548,19.5625],[-98.01515,19.5616],[-98.01475,19.56133],[-98.01413,19.56124],[-98.01348,19.56126],[-98.01293,19.56113],[-98.01153,19.55973],[-98.01113,19.55969],[-98.0108,19.55945],[-98.01067,19.55859],[-98.01049,19.55836],[-98.00979,19.55838],[-98.009,19.55877],[-98.00843,19.55881],[-98.00804,19.55851],[-98.00766,19.5579],[-98.00715,19.55785],[-98.007,19.55765],[-98.00684,19.55713],[-98.00669,19.55704],[-98.00656,19.55679],[-98.00661,19.55646],[-98.00656,19.55615],[-98.00633,19.55555],[-98.00479,19.55275],[-98.00476,19.55256],[-98.00487,19.55207],[-98.00501,19.55179],[-98.00526,19.55197],[-98.00583,19.55184],[-98.00631,19.5519],[-98.00646,19.5516],[-98.00669,19.55156],[-98.00732,19.55202],[-98.00817,19.55309],[-98.00794,19.5532],[-98.00793,19.55344],[-98.00859,19.55406],[-98.00956,19.55447],[-98.00974,19.55423],[-98.01006,19.55349],[-98.01067,19.55314],[-98.01206,19.55302],[-98.01235,19.5529],[-98.01263,19.55266],[-98.01298,19.55272],[-98.01331,19.55259],[-98.01581,19.55407],[-98.01676,19.55415],[-98.01715,19.55434],[-98.01832,19.55466],[-98.0188,19.55487],[-98.01938,19.55495],[-98.01992,19.55486],[-98.02052,19.55424],[-98.02148,19.55264],[-98.02334,19.55307],[-98.0241,19.55315],[-98.02437,19.55346],[-98.02479,19.55372],[-98.0252,19.55376],[-98.02535,19.55368],[-98.02622,19.55264],[-98.0271,19.55179],[-98.02751,19.55153],[-98.02773,19.55236],[-98.02743,19.55315],[-98.02795,19.55348],[-98.02883,19.55316],[-98.0294,19.55354],[-98.03045,19.55375],[-98.03086,19.554],[-98.0326,19.55468],[-98.03313,19.55407],[-98.03372,19.55316],[-98.03432,19.55188],[-98.0359,19.55082],[-98.03636,19.55128],[-98.0371,19.55273],[-98.03771,19.55531],[-98.03857,19.55676],[-98.03908,19.55814],[-98.03954,19.55889],[-98.03982,19.55967],[-98.04068,19.56084],[-98.04612,19.56975],[-98.05017,19.57148],[-98.05636,19.5652],[-98.05913,19.5562],[-98.05621,19.55232],[-98.05879,19.5509],[-98.05891,19.54986],[-98.05882,19.54796],[-98.05889,19.54692],[-98.059,19.54684],[-98.05955,19.5451],[-98.06114,19.54301],[-98.06144,19.54222],[-98.06188,19.53982],[-98.06176,19.53945],[-98.06101,19.53862],[-98.05986,19.53794],[-98.05906,19.53678],[-98.05848,19.53632],[-98.05883,19.53578],[-98.07962,19.54693],[-98.08062,19.54603],[-98.08144,19.54567],[-98.08232,19.54505],[-98.08302,19.54481],[-98.08354,19.54473],[-98.08529,19.54475],[-98.08581,19.54483],[-98.08633,19.54504],[-98.08824,19.54598],[-98.09012,19.54705],[-98.09247,19.54819],[-98.09567,19.54664],[-98.0963,19.54578],[-98.09662,19.54568],[-98.09723,19.54499],[-98.09797,19.54484],[-98.09802,19.54466],[-98.09834,19.54457],[-98.09934,19.54449],[-98.09971,19.54433],[-98.10005,19.54429],[-98.10035,19.5441],[-98.10083,19.54406],[-98.10116,19.54385],[-98.10151,19.5438],[-98.10211,19.54352],[-98.10228,19.54335],[-98.10234,19.54359],[-98.10209,19.54384],[-98.10192,19.54453],[-98.10202,19.54464],[-98.10298,19.54502],[-98.10304,19.54516],[-98.10387,19.54516],[-98.10373,19.54943],[-98.10457,19.54999],[-98.10367,19.55148],[-98.10104,19.55508],[-98.10056,19.55563],[-98.1012,19.55618],[-98.10157,19.55724],[-98.10222,19.55817],[-98.10269,19.55919],[-98.10276,19.56022],[-98.10266,19.56073],[-98.10221,19.56105],[-98.10247,19.5615],[-98.10173,19.56241],[-98.10087,19.56513],[-98.10031,19.56611],[-98.09987,19.56653],[-98.09972,19.56702],[-98.09926,19.56724],[-98.09876,19.5673],[-98.09803,19.56709],[-98.0977,19.56709],[-98.09637,19.56758],[-98.0995,19.5685],[-98.10104,19.56925],[-98.09768,19.57383],[-98.09676,19.57535],[-98.09311,19.57519],[-98.0919,19.57529],[-98.0917,19.57539],[-98.09108,19.57779],[-98.0903,19.58026],[-98.08964,19.58441]]]}},{"type":"Feature","properties":{"seccion":499,"municipio":34,"distrito_local":2,"distrito_federal":1},"geometry":{"type":"Polygon","coordinates":[[[-98.08964,19.58441],[-98.0903,19.58026],[-98.09108,19.57779],[-98.0917,19.57539],[-98.0919,19.57529],[-98.09311,19.57519],[-98.09676,19.57535],[-98.09768,19.57383],[-98.10104,19.56925],[-98.0995,19.5685],[-98.09637,19.56758],[-98.0977,19.56709],[-98.09803,19.56709],[-98.09876,19.5673],[-98.09926,19.56724],[-98.09972,19.56702],[-98.09987,19.56653],[-98.10031,19.56611],[-98.10087,19.56513],[-98.10173,19.56241],[-98.10247,19.5615],[-98.10221,19.56105],[-98.10266,19.56073],[-98.10276,19.56022],[-98.10269,19.55919],[-98.10222,19.55817],[-98.10157,19.55724],[-98.1012,19.55618],[-98.10056,19.55563],[-98.10104,19.55508],[-98.10367,19.55148],[-98.10457,19.54999],[-98.10373,19.54943],[-98.10387,19.54516],[-98.10304,19.54516],[-98.10298,19.54502],[-98.10202,19.54464],[-98.10191,19.54442],[-98.10209,19.54384],[-98.10234,19.54359],[-98.10228,19.54335],[-98.10291,19.54317],[-98.10328,19.54326],[-98.10355,19.54307],[-98.10404,19.54312],[-98.10545,19.54225],[-98.1064,19.54188],[-98.10747,19.54214],[-98.10816,19.54179],[-98.10937,19.54207],[-98.1106,19.54203],[-98.11175,19.54222],[-98.11253,19.54283],[-98.11466,19.544],[-98.11577,19.54342],[-98.11656,19.54377],[-98.11767,19.54361],[-98.11817,19.54325],[-98.11876,19.54309],[-98.1191,19.54277],[-98.1198,19.54264],[-98.12061,19.54273],[-98.12144,19.54246],[-98.12232,19.54301],[-98.12382,19.54279],[-98.12464,19.54349],[-98.12565,19.54389],[-98.12587,19.54425],[-98.12639,19.5446],[-98.12672,19.54524],[-98.12778,19.54504],[-98.12815,19.54511],[-98.12972,19.55088],[-98.13258,19.5502],[-98.13442,19.55166],[-98.13362,19.55429],[-98.13182,19.56104],[-98.13278,19.56453],[-98.1337,19.56491],[-98.13516,19.56508],[-98.1379,19.5649],[-98.1355,19.5713],[-98.13538,19.5714],[-98.13307,19.57712],[-98.14701,19.57993],[-98.143,19.58424],[-98.14158,19.58609],[-98.14128,19.58737],[-98.1404,19.58795],[-98.14021,19.58865],[-98.13915,19.58911],[-98.13815,19.58906],[-98.13783,19.58934],[-98.13703,19.5898],[-98.13622,19.58989],[-98.13513,19.59055],[-98.13451,19.59113],[-98.13398,19.59182],[-98.12868,19.58883],[-98.12771,19.5918],[-98.12422,19.59244],[-98.12343,19.59365],[-98.12318,19.59378],[-98.12254,19.59627],[-98.12238,19.59774],[-98.12328,19.59787],[-98.12449,19.59842],[-98.12359,19.59909],[-98.12332,19.5995],[-98.1229,19.59966],[-98.12275,19.60019],[-98.12238,19.60026],[-98.1224,19.6009],[-98.12228,19.60097],[-98.12204,19.60083],[-98.12098,19.60052],[-98.12097,19.60029],[-98.12057,19.60016],[-98.12039,19.59997],[-98.11992,19.59987],[-98.11873,19.59921],[-98.11797,19.599],[-98.11778,19.59859],[-98.11727,19.59804],[-98.1146,19.59666],[-98.11346,19.59625],[-98.11175,19.59597],[-98.11089,19.59551],[-98.11031,19.5958],[-98.10883,19.59538],[-98.10836,19.59481],[-98.1075,19.59408],[-98.10166,19.59522],[-98.10045,19.58965],[-98.09984,19.58959],[-98.08964,19.58441]]]}},{"type":"Feature","properties":{"seccion":500,"municipio":34,"distrito_local":2,"distrito_federal":1},"geometry":{"type":"Polygon","coordinates":[[[-98.31557,19.59754],[-98.29569,19.57491],[-98.29837,19.57202],[-98.29891,19.57184],[-98.29947,19.5713],[-98.30071,19.57043],[-98.30127,19.56981],[-98.30213,19.56944],[-98.30294,19.56873],[-98.30312,19.56795],[-98.30374,19.56733],[-98.30492,19.56683],[-98.30541,19.56621],[-98.30566,19.56492],[-98.30727,19.5624],[-98.33237,19.56585],[-98.3839,19.57314],[-98.38272,19.57451],[-98.38745,19.58186],[-98.38869,19.58289],[-98.39044,19.58781],[-98.39594,19.60923],[-98.38852,19.61834],[-98.37983,19.61467],[-98.36941,19.61509],[-98.36786,19.6088],[-98.36596,19.60297],[-98.36096,19.60576],[-98.35885,19.60399],[-98.35623,19.60147],[-98.35102,19.6047],[-98.34612,19.59935],[-98.34478,19.59778],[-98.34338,19.59871],[-98.34279,19.59997],[-98.3425,19.59991],[-98.33899,19.60053],[-98.33892,19.6004],[-98.33805,19.60073],[-98.32723,19.59038],[-98.32496,19.58832],[-98.31557,19.59754]]]}},{"type":"Feature","properties":{"seccion":501,"municipio":34,"distrito_local":2,"distrito_federal":1},"geometry":{"type":"Polygon","coordinates":[[[-98.25051,19.58056],[-98.25105,19.57974],[-98.2515,19.57865],[-98.25051,19.57486],[-98.2492,19.57316],[-98.24833,19.57143],[-98.24839,19.56936],[-98.24715,19.56766],[-98.24523,19.56568],[-98.24479,19.56427],[-98.24392,19.56229],[-98.24386,19.5613],[-98.24491,19.55935],[-98.24621,19.5572],[-98.24707,19.55666],[-98.24831,19.55435],[-98.24943,19.55261],[-98.24874,19.54984],[-98.2488,19.54847],[-98.24929,19.54645],[-98.24966,19.5445],[-98.24972,19.5433],[-98.24685,19.53672],[-98.24748,19.53536],[-98.24854,19.53466],[-98.25052,19.52956],[-98.27716,19.53368],[-98.33351,19.54211],[-98.33444,19.54388],[-98.33148,19.54993],[-98.33237,19.56585],[-98.30727,19.5624],[-98.30566,19.56492],[-98.30541,19.56621],[-98.30492,19.56683],[-98.30374,19.56733],[-98.30312,19.56795],[-98.30294,19.56873],[-98.30213,19.56944],[-98.30127,19.56981],[-98.30071,19.57043],[-98.29947,19.5713],[-98.29891,19.57184],[-98.29837,19.57202],[-98.29341,19.57734],[-98.29198,19.57871],[-98.28957,19.58132],[-98.28684,19.58256],[-98.28554,19.58368],[-98.2848,19.58484],[-98.28486,19.58641],[-98.28542,19.58757],[-98.28475,19.58959],[-98.28338,19.59145],[-98.28233,19.59129],[-98.28053,19.59125],[-98.27911,19.5903],[-98.27761,19.5891],[-98.27631,19.58828],[-98.2747,19.58762],[-98.27365,19.58762],[-98.27272,19.58845],[-98.27135,19.58898],[-98.26751,19.58969],[-98.26125,19.58874],[-98.25883,19.58693],[-98.25765,19.58527],[-98.25665,19.583],[-98.25585,19.58254],[-98.25051,19.58056]]]}},{"type":"Feature","properties":{"seccion":546,"municipio":39,"distrito_local":3,"distrito_federal":1},"geometry":{"type":"Polygon","coordinates":[[[-98.03756,19.40056],[-98.03612,19.40161],[-98.03586,19.40125],[-98.03526,19.4017],[-98.0354,19.40379],[-98.03555,19.40456],[-98.03353,19.40552],[-98.03401,19.40746],[-98.03026,19.4103],[-98.0293,19.41042],[-98.02873,19.41028],[-98.02982,19.41495],[-98.02873,19.41705],[-98.03196,19.41768],[-98.0276,19.42111],[-98.02005,19.42687],[-98.02023,19.41714],[-98.01967,19.41744],[-98.01672,19.41617],[-98.01627,19.41629],[-98.01628,19.41476],[-98.016,19.41352],[-98.01613,19.41083],[-98.01585,19.40938],[-98.01592,19.4083],[-98.0168,19.40711],[-98.0178,19.40666],[-98.01862,19.40572],[-98.02053,19.4021],[-98.02181,19.40155],[-98.0242,19.39989],[-98.02483,19.39902],[-98.02536,19.39852],[-98.02606,19.39765],[-98.02615,19.39775],[-98.02815,19.39842],[-98.02901,19.39803],[-98.03253,19.39717],[-98.03316,19.39715],[-98.03323,19.39725],[-98.03333,19.39718],[-98.03346,19.39729],[-98.03453,19.39651],[-98.03756,19.40056]]]}},{"type":"Feature","properties":{"seccion":502,"municipio":34,"distrito_local":2,"distrito_federal":1},"geometry":{"type":"Polygon","coordinates":[[[-98.12815,19.54511],[-98.12778,19.54504],[-98.12672,19.54524],[-98.12639,19.5446],[-98.12587,19.54425],[-98.12565,19.54389],[-98.12464,19.54349],[-98.12382,19.54279],[-98.12232,19.54301],[-98.12144,19.54246],[-98.12061,19.54273],[-98.1198,19.54264],[-98.1191,19.54277],[-98.11876,19.54309],[-98.11817,19.54325],[-98.11767,19.54361],[-98.11656,19.54377],[-98.11577,19.54342],[-98.11466,19.544],[-98.11253,19.54283],[-98.11175,19.54222],[-98.1106,19.54203],[-98.10937,19.54207],[-98.10816,19.54179],[-98.10747,19.54214],[-98.1064,19.54188],[-98.10545,19.54225],[-98.10404,19.54312],[-98.10355,19.54307],[-98.10328,19.54326],[-98.10291,19.54317],[-98.10228,19.54335],[-98.10211,19.54352],[-98.10151,19.5438],[-98.10116,19.54385],[-98.10083,19.54406],[-98.10035,19.5441],[-98.10005,19.54429],[-98.09971,19.54433],[-98.09934,19.54449],[-98.0987,19.5445],[-98.09802,19.54466],[-98.09797,19.54484],[-98.09723,19.54499],[-98.09662,19.54568],[-98.0963,19.54578],[-98.09567,19.54664],[-98.09247,19.54819],[-98.09012,19.54705],[-98.08824,19.54598],[-98.08633,19.54504],[-98.08581,19.54483],[-98.08529,19.54475],[-98.08354,19.54473],[-98.08302,19.54481],[-98.08232,19.54505],[-98.08144,19.54567],[-98.08062,19.54603],[-98.07962,19.54693],[-98.05883,19.53578],[-98.0628,19.53474],[-98.0627,19.5337],[-98.06247,19.53312],[-98.06271,19.53238],[-98.06313,19.53176],[-98.06442,19.53069],[-98.0653,19.52979],[-98.06637,19.52852],[-98.06702,19.5274],[-98.06743,19.52699],[-98.06919,19.52568],[-98.07019,19.52478],[-98.07049,19.52371],[-98.07059,19.52031],[-98.07048,19.51923],[-98.07032,19.51845],[-98.07033,19.51741],[-98.07017,19.51633],[-98.07043,19.5136],[-98.07074,19.51133],[-98.07232,19.51113],[-98.0837,19.5249],[-98.10162,19.5202],[-98.10526,19.52317],[-98.10449,19.52454],[-98.10674,19.52621],[-98.10431,19.53017],[-98.11248,19.53371],[-98.11307,19.53355],[-98.11475,19.53427],[-98.11579,19.53482],[-98.11868,19.53675],[-98.12082,19.5385],[-98.12203,19.53918],[-98.12314,19.53964],[-98.12359,19.54047],[-98.12364,19.54122],[-98.12404,19.54184],[-98.12485,19.5426],[-98.12578,19.54314],[-98.12815,19.54511]]]}},{"type":"Feature","properties":{"seccion":503,"municipio":34,"distrito_local":2,"distrito_federal":1},"geometry":{"type":"Polygon","coordinates":[[[-98.00501,19.55179],[-98.00476,19.55256],[-98.00479,19.55275],[-98.00633,19.55555],[-98.00656,19.55615],[-98.00661,19.55646],[-98.00656,19.55679],[-98.00669,19.55704],[-98.00684,19.55713],[-98.007,19.55765],[-98.00715,19.55785],[-98.00766,19.5579],[-98.00804,19.55851],[-98.00843,19.55881],[-98.009,19.55877],[-98.00979,19.55838],[-98.01049,19.55836],[-98.01067,19.55859],[-98.01067,19.55874],[-98.01013,19.55881],[-98.00966,19.55914],[-98.0091,19.56019],[-98.00901,19.56068],[-98.00869,19.56146],[-98.00854,19.56153],[-98.00831,19.5615],[-98.0081,19.56129],[-98.00761,19.56104],[-98.00741,19.56125],[-98.00702,19.5614],[-98.00657,19.56118],[-98.00612,19.56112],[-98.00591,19.56096],[-98.00563,19.56103],[-97.99597,19.56714],[-97.9891,19.57125],[-97.98885,19.57078],[-97.98794,19.56999],[-97.98723,19.57001],[-97.98585,19.56872],[-97.98447,19.56717],[-97.98442,19.56622],[-97.98454,19.56585],[-97.98484,19.56535],[-97.98543,19.56478],[-97.98695,19.56355],[-97.98778,19.5626],[-97.98867,19.56129],[-97.98949,19.56042],[-97.99155,19.5587],[-97.99221,19.55705],[-97.99326,19.55661],[-97.99351,19.5557],[-97.99352,19.55458],[-97.99371,19.55334],[-97.99467,19.55095],[-97.9952,19.54988],[-97.99644,19.54848],[-97.99786,19.54721],[-97.99868,19.54593],[-97.99941,19.54383],[-97.99972,19.54357],[-97.99984,19.54361],[-98.00048,19.54466],[-98.0007,19.5449],[-98.00131,19.54516],[-98.00207,19.54511],[-98.00241,19.54521],[-98.0026,19.54535],[-98.00277,19.54571],[-98.00322,19.54582],[-98.00352,19.54604],[-98.00389,19.54657],[-98.00421,19.54679],[-98.00442,19.54706],[-98.00417,19.54756],[-98.00403,19.54806],[-98.00444,19.54833],[-98.00444,19.54949],[-98.00451,19.54986],[-98.00418,19.55032],[-98.00501,19.55179]]]}},{"type":"Feature","properties":{"seccion":504,"municipio":34,"distrito_local":2,"distrito_federal":1},"geometry":{"type":"Polygon","coordinates":[[[-98.02751,19.55153],[-98.0271,19.55179],[-98.02622,19.55264],[-98.02535,19.55368],[-98.0252,19.55376],[-98.02479,19.55372],[-98.02437,19.55346],[-98.0241,19.55315],[-98.02334,19.55307],[-98.02148,19.55264],[-98.02052,19.55424],[-98.01992,19.55486],[-98.01938,19.55495],[-98.0188,19.55487],[-98.01832,19.55466],[-98.01715,19.55434],[-98.01676,19.55415],[-98.01581,19.55407],[-98.01331,19.55259],[-98.01298,19.55272],[-98.01263,19.55266],[-98.01235,19.5529],[-98.01206,19.55302],[-98.01067,19.55314],[-98.01006,19.55349],[-98.00974,19.55423],[-98.00956,19.55447],[-98.00859,19.55406],[-98.00793,19.55344],[-98.00794,19.5532],[-98.00817,19.55309],[-98.00732,19.55202],[-98.00669,19.55156],[-98.00646,19.5516],[-98.00631,19.5519],[-98.00583,19.55184],[-98.00526,19.55197],[-98.00512,19.55192],[-98.00418,19.55032],[-98.00451,19.54986],[-98.00444,19.54949],[-98.00444,19.54833],[-98.00403,19.54806],[-98.00417,19.54756],[-98.00442,19.54706],[-98.00421,19.54679],[-98.00389,19.54657],[-98.00352,19.54604],[-98.00322,19.54582],[-98.00277,19.54571],[-98.0026,19.54535],[-98.00241,19.54521],[-98.00207,19.54511],[-98.00131,19.54516],[-98.0007,19.5449],[-98.00048,19.54466],[-97.99984,19.54361],[-97.99972,19.54357],[-97.99941,19.54383],[-97.9993,19.54341],[-97.99953,19.54304],[-98.00059,19.54255],[-98.00153,19.5419],[-98.00287,19.54116],[-98.0044,19.54002],[-98.00575,19.53933],[-98.00679,19.53925],[-98.00847,19.54031],[-98.01257,19.54349],[-98.01338,19.54379],[-98.01449,19.54392],[-98.0153,19.54438],[-98.01601,19.54352],[-98.01971,19.5455],[-98.02041,19.54542],[-98.02129,19.54518],[-98.02217,19.54473],[-98.02751,19.55153]]]}},{"type":"Feature","properties":{"seccion":505,"municipio":35,"distrito_local":10,"distrito_federal":1},"geometry":{"type":"Polygon","coordinates":[[[-98.03333,19.39718],[-98.03323,19.39725],[-98.03316,19.39715],[-98.03253,19.39717],[-98.02901,19.39803],[-98.02815,19.39842],[-98.02615,19.39775],[-98.02606,19.39765],[-98.02605,19.3975],[-98.02624,19.39724],[-98.02626,19.39697],[-98.02666,19.39604],[-98.02664,19.39582],[-98.02687,19.39483],[-98.02707,19.39454],[-98.02708,19.39421],[-98.02719,19.39389],[-98.0266,19.39368],[-98.02668,19.39156],[-98.02657,19.38945],[-98.027,19.38897],[-98.02751,19.38879],[-98.02846,19.38801],[-98.02812,19.38802],[-98.02849,19.38744],[-98.02853,19.38722],[-98.02848,19.38679],[-98.02799,19.38621],[-98.02761,19.38597],[-98.02687,19.38582],[-98.02679,19.38438],[-98.0276,19.38416],[-98.02782,19.38396],[-98.02696,19.38341],[-98.02667,19.38331],[-98.02788,19.38179],[-98.02818,19.38155],[-98.02859,19.38146],[-98.02933,19.38085],[-98.02994,19.38014],[-98.03131,19.37882],[-98.03221,19.37871],[-98.03373,19.37877],[-98.03411,19.37865],[-98.03456,19.37755],[-98.03507,19.3773],[-98.0356,19.3768],[-98.03663,19.37707],[-98.03719,19.37738],[-98.03609,19.38035],[-98.03392,19.38573],[-98.03505,19.38608],[-98.03566,19.38612],[-98.03675,19.3864],[-98.03987,19.38653],[-98.04045,19.39045],[-98.04249,19.39009],[-98.04265,19.39042],[-98.03405,19.3943],[-98.03319,19.39457],[-98.03307,19.39467],[-98.0329,19.3951],[-98.03287,19.39566],[-98.03333,19.39718]]]}},{"type":"Feature","properties":{"seccion":506,"municipio":35,"distrito_local":10,"distrito_federal":1},"geometry":{"type":"Polygon","coordinates":[[[-98.01627,19.41629],[-98.0147,19.41504],[-98.01273,19.41328],[-98.01192,19.41281],[-98.01094,19.41202],[-98.01007,19.41114],[-98.0077,19.40917],[-98.00654,19.40783],[-98.00509,19.40716],[-98.00441,19.40496],[-98.00226,19.4034],[-98.00146,19.40248],[-97.99891,19.40043],[-97.99741,19.39785],[-97.99328,19.39764],[-97.99389,19.39666],[-97.99401,19.39629],[-97.9945,19.39455],[-97.99469,19.39343],[-97.99465,19.39206],[-97.99549,19.39004],[-97.99517,19.38735],[-97.99489,19.38668],[-97.99472,19.38568],[-97.99468,19.38465],[-97.99446,19.38336],[-97.99423,19.3827],[-97.99366,19.38182],[-97.99263,19.37987],[-97.99526,19.38014],[-98.00069,19.38022],[-98.00623,19.38056],[-98.00723,19.38044],[-98.01253,19.36967],[-98.01332,19.3686],[-98.01379,19.36811],[-98.01426,19.36786],[-98.01479,19.36779],[-98.01527,19.36696],[-98.01558,19.36555],[-98.02792,19.37198],[-98.03018,19.37308],[-98.0301,19.37424],[-98.03077,19.37449],[-98.03068,19.37527],[-98.03115,19.37553],[-98.0356,19.3768],[-98.03507,19.3773],[-98.03456,19.37755],[-98.03411,19.37865],[-98.03373,19.37877],[-98.03221,19.37871],[-98.03131,19.37882],[-98.02994,19.38014],[-98.02933,19.38085],[-98.02859,19.38146],[-98.02818,19.38155],[-98.02788,19.38179],[-98.02667,19.38331],[-98.02696,19.38341],[-98.02782,19.38396],[-98.0276,19.38416],[-98.02679,19.38438],[-98.02687,19.38582],[-98.02775,19.38603],[-98.02848,19.38679],[-98.02854,19.38698],[-98.02849,19.38744],[-98.02812,19.38802],[-98.02846,19.38801],[-98.02751,19.38879],[-98.027,19.38897],[-98.02657,19.38945],[-98.02668,19.39156],[-98.0266,19.39368],[-98.02719,19.39389],[-98.02708,19.39421],[-98.02707,19.39454],[-98.02693,19.39474],[-98.02488,19.39569],[-98.01693,19.39891],[-98.01844,19.40249],[-98.02332,19.4004],[-98.02328,19.40055],[-98.02181,19.40155],[-98.02053,19.4021],[-98.01862,19.40572],[-98.0178,19.40666],[-98.0168,19.40711],[-98.01592,19.4083],[-98.01585,19.40938],[-98.01613,19.41083],[-98.016,19.41352],[-98.01628,19.41476],[-98.01627,19.41629]]]}},{"type":"Feature","properties":{"seccion":507,"municipio":35,"distrito_local":10,"distrito_federal":1},"geometry":{"type":"Polygon","coordinates":[[[-98.02332,19.4004],[-98.01844,19.40249],[-98.01693,19.39891],[-98.02488,19.39569],[-98.02693,19.39474],[-98.02664,19.39582],[-98.02666,19.39604],[-98.02626,19.39697],[-98.02624,19.39724],[-98.02605,19.3975],[-98.02606,19.39765],[-98.02536,19.39852],[-98.02483,19.39902],[-98.0242,19.39989],[-98.02328,19.40055],[-98.02332,19.4004]]]}},{"type":"Feature","properties":{"seccion":618,"municipio":3,"distrito_local":4,"distrito_federal":1},"geometry":{"type":"Polygon","coordinates":[[[-98.09108,19.42478],[-98.09063,19.4246],[-98.09013,19.42378],[-98.09007,19.42368],[-98.09026,19.42328],[-98.08785,19.42195],[-98.08957,19.42042],[-98.08546,19.4158],[-98.08607,19.41531],[-98.08571,19.41483],[-98.0871,19.41387],[-98.08612,19.41241],[-98.08549,19.41183],[-98.08606,19.41152],[-98.08757,19.411],[-98.08816,19.41087],[-98.08922,19.4109],[-98.09019,19.41129],[-98.0909,19.41171],[-98.09237,19.41333],[-98.09326,19.41394],[-98.09362,19.41435],[-98.09411,19.41459],[-98.0943,19.41488],[-98.09427,19.41611],[-98.09405,19.41673],[-98.0942,19.4177],[-98.09408,19.41818],[-98.09416,19.41865],[-98.09538,19.41944],[-98.09618,19.42026],[-98.09693,19.42023],[-98.09708,19.42011],[-98.09725,19.42053],[-98.09722,19.42078],[-98.09777,19.42118],[-98.09789,19.42153],[-98.09798,19.42191],[-98.09727,19.42336],[-98.0971,19.42388],[-98.09688,19.42405],[-98.09604,19.42421],[-98.09261,19.4241],[-98.09172,19.42441],[-98.09108,19.42478]]]}},{"type":"Feature","properties":{"seccion":520,"municipio":37,"distrito_local":10,"distrito_federal":1},"geometry":{"type":"Polygon","coordinates":[[[-97.98103,19.21564],[-97.98184,19.21535],[-97.98305,19.2151],[-97.98513,19.21506],[-97.98606,19.2153],[-97.98652,19.21559],[-97.98687,19.21612],[-97.98717,19.21694],[-97.98729,19.21772],[-97.98574,19.21929],[-97.98505,19.21974],[-97.98499,19.22007],[-97.98378,19.22114],[-97.98344,19.22167],[-97.98391,19.22307],[-97.9841,19.22438],[-97.98416,19.22537],[-97.98411,19.22615],[-97.98435,19.22791],[-97.98442,19.22898],[-97.98494,19.22939],[-97.98616,19.22951],[-97.98737,19.22943],[-97.98807,19.22926],[-97.98992,19.23008],[-97.99282,19.23081],[-97.99387,19.23138],[-97.99642,19.23249],[-97.99752,19.23281],[-97.99805,19.23322],[-97.99712,19.23376],[-97.99661,19.23438],[-97.99541,19.23614],[-97.99501,19.23692],[-97.99449,19.23758],[-97.99305,19.23902],[-97.99133,19.24047],[-97.99011,19.24113],[-97.98723,19.24323],[-97.98666,19.24401],[-97.98591,19.24434],[-97.98515,19.24385],[-97.98411,19.24373],[-97.98208,19.24307],[-97.98098,19.24291],[-97.97953,19.243],[-97.9782,19.24218],[-97.97583,19.24247],[-97.97432,19.24247],[-97.97443,19.24231],[-97.97437,19.24124],[-97.97413,19.24005],[-97.97395,19.23968],[-97.97349,19.23944],[-97.97274,19.2394],[-97.97129,19.23961],[-97.97036,19.23953],[-97.96747,19.23953],[-97.96457,19.23925],[-97.96283,19.23888],[-97.96179,19.23913],[-97.96053,19.24012],[-97.95972,19.24049],[-97.95903,19.2407],[-97.95787,19.24082],[-97.95642,19.2407],[-97.95289,19.24009],[-97.95202,19.24001],[-97.94958,19.23953],[-97.94269,19.23905],[-97.94032,19.23909],[-97.9376,19.23877],[-97.93638,19.23877],[-97.93551,19.2389],[-97.93459,19.23914],[-97.93338,19.23968],[-97.93031,19.24047],[-97.92945,19.24076],[-97.92783,19.24109],[-97.92737,19.24109],[-97.92597,19.24072],[-97.92583,19.24077],[-97.92493,19.23986],[-97.92359,19.23871],[-97.9226,19.23765],[-97.92208,19.2372],[-97.92161,19.23662],[-97.92033,19.23588],[-97.91934,19.2349],[-97.91911,19.23453],[-97.91841,19.23392],[-97.9172,19.23441],[-97.91598,19.23437],[-97.91488,19.23425],[-97.91442,19.23413],[-97.91326,19.23409],[-97.91181,19.23356],[-97.91059,19.23295],[-97.90711,19.23205],[-97.90682,19.23209],[-97.90525,19.23164],[-97.90219,19.2316],[-97.9012,19.23196],[-97.90117,19.23168],[-97.90255,19.22629],[-97.90357,19.22462],[-97.90358,19.22431],[-97.90349,19.22408],[-97.903,19.2237],[-97.90296,19.22345],[-97.90368,19.22254],[-97.90616,19.21722],[-97.9065,19.21671],[-97.90596,19.21671],[-97.90629,19.21604],[-97.9069,19.21345],[-97.90723,19.21274],[-97.90757,19.21243],[-97.90809,19.20511],[-97.91218,19.20691],[-97.913,19.20679],[-97.91393,19.20679],[-97.91816,19.20706],[-97.91958,19.20686],[-97.92014,19.20687],[-97.92142,19.20719],[-97.92526,19.20861],[-97.92581,19.20887],[-97.92594,19.20865],[-97.92606,19.20858],[-97.92664,19.20857],[-97.92712,19.2088],[-97.92816,19.20896],[-97.93639,19.20965],[-97.93813,19.2099],[-97.93873,19.20977],[-97.93925,19.20956],[-97.94042,19.20969],[-97.94172,19.20948],[-97.94203,19.20949],[-97.94245,19.20964],[-97.9433,19.2102],[-97.94434,19.2102],[-97.94458,19.21028],[-97.94495,19.21063],[-97.94554,19.21063],[-97.94578,19.21091],[-97.9465,19.21111],[-97.94678,19.21194],[-97.94965,19.21266],[-97.95342,19.21418],[-97.95544,19.21573],[-97.95932,19.21771],[-97.96263,19.21892],[-97.96417,19.21979],[-97.96663,19.22077],[-97.96784,19.22115],[-97.96874,19.22109],[-97.97322,19.22224],[-97.98103,19.21564]]]}},{"type":"Feature","properties":{"seccion":521,"municipio":37,"distrito_local":10,"distrito_federal":1},"geometry":{"type":"Polygon","coordinates":[[[-97.90809,19.20511],[-97.90757,19.21243],[-97.90723,19.21274],[-97.9069,19.21345],[-97.90629,19.21604],[-97.90596,19.21671],[-97.9065,19.21671],[-97.90616,19.21722],[-97.90368,19.22254],[-97.90296,19.22345],[-97.903,19.2237],[-97.90349,19.22408],[-97.90358,19.22431],[-97.90357,19.22462],[-97.90255,19.22629],[-97.90117,19.23168],[-97.9012,19.23196],[-97.90012,19.23485],[-97.89772,19.23963],[-97.89688,19.23952],[-97.89643,19.23987],[-97.89611,19.23983],[-97.89546,19.23963],[-97.89519,19.23945],[-97.89462,19.23933],[-97.89143,19.23909],[-97.88893,19.23826],[-97.88756,19.2382],[-97.8869,19.23847],[-97.88681,19.23807],[-97.88609,19.23624],[-97.8832,19.23],[-97.88223,19.22666],[-97.88259,19.21731],[-97.88299,19.21092],[-97.88303,19.20715],[-97.88171,19.20593],[-97.885,19.20428],[-97.88593,19.20395],[-97.88742,19.20325],[-97.89031,19.20218],[-97.89077,19.20193],[-97.8929,19.20053],[-97.8936,19.19996],[-97.89475,19.19889],[-97.89525,19.19814],[-97.89529,19.19838],[-97.89558,19.19852],[-97.89527,19.20127],[-97.89496,19.20307],[-97.90161,19.20375],[-97.90654,19.20414],[-97.90731,19.20426],[-97.90825,19.20457],[-97.90809,19.20511]]]}},{"type":"Feature","properties":{"seccion":522,"municipio":37,"distrito_local":10,"distrito_federal":1},"geometry":{"type":"Polygon","coordinates":[[[-97.92947,19.19386],[-97.92847,19.19384],[-97.92795,19.19399],[-97.92748,19.19399],[-97.92683,19.19442],[-97.92669,19.19476],[-97.92628,19.19531],[-97.92568,19.19566],[-97.92491,19.19593],[-97.92381,19.19666],[-97.92351,19.19711],[-97.92293,19.19737],[-97.92272,19.19756],[-97.92214,19.19769],[-97.92197,19.19784],[-97.92104,19.19806],[-97.92032,19.19809],[-97.9198,19.1984],[-97.91943,19.19874],[-97.91761,19.199],[-97.91704,19.1992],[-97.91687,19.19948],[-97.91632,19.19957],[-97.91632,19.19934],[-97.91603,19.1989],[-97.91589,19.19888],[-97.91573,19.19899],[-97.91557,19.19925],[-97.91519,19.19914],[-97.91483,19.19916],[-97.91459,19.19933],[-97.91414,19.19985],[-97.91332,19.20035],[-97.9125,19.2012],[-97.91188,19.20145],[-97.91146,19.20193],[-97.91084,19.20215],[-97.91029,19.20214],[-97.90952,19.20252],[-97.90904,19.2024],[-97.90844,19.20462],[-97.90731,19.20426],[-97.90654,19.20414],[-97.90161,19.20375],[-97.89496,19.20307],[-97.89527,19.20127],[-97.89558,19.19852],[-97.89529,19.19838],[-97.89525,19.19814],[-97.89566,19.19695],[-97.89697,19.19673],[-97.89781,19.19638],[-97.89818,19.19605],[-97.89839,19.19524],[-97.89897,19.19538],[-97.89929,19.19534],[-97.89931,19.19498],[-97.89955,19.19491],[-97.89992,19.19495],[-97.90006,19.19476],[-97.90021,19.19434],[-97.90071,19.19443],[-97.90182,19.19415],[-97.90201,19.19402],[-97.90211,19.19367],[-97.90201,19.19338],[-97.90268,19.19351],[-97.90271,19.19367],[-97.90291,19.19367],[-97.90403,19.19334],[-97.90436,19.19307],[-97.90475,19.19313],[-97.90542,19.19298],[-97.90573,19.1927],[-97.90662,19.19262],[-97.90693,19.1928],[-97.90713,19.19252],[-97.90723,19.19253],[-97.90756,19.19284],[-97.90776,19.19286],[-97.908,19.19263],[-97.90815,19.19263],[-97.90838,19.19289],[-97.90855,19.19278],[-97.90905,19.1929],[-97.9093,19.19265],[-97.90974,19.19268],[-97.90992,19.1926],[-97.91038,19.19279],[-97.91061,19.19303],[-97.91094,19.19302],[-97.91162,19.19267],[-97.91254,19.19193],[-97.91275,19.19148],[-97.91512,19.191],[-97.91582,19.19128],[-97.91637,19.19077],[-97.91659,19.19072],[-97.91742,19.19081],[-97.91776,19.19098],[-97.91807,19.19148],[-97.91824,19.1915],[-97.91853,19.19118],[-97.91922,19.19149],[-97.91943,19.19146],[-97.9197,19.19128],[-97.92017,19.19139],[-97.92075,19.19167],[-97.92124,19.19168],[-97.92158,19.19157],[-97.92173,19.19173],[-97.92225,19.19196],[-97.92297,19.19188],[-97.92319,19.19199],[-97.92373,19.19196],[-97.92528,19.19249],[-97.92564,19.1925],[-97.92664,19.19292],[-97.92733,19.19306],[-97.92763,19.19302],[-97.92829,19.19334],[-97.92857,19.19323],[-97.92869,19.19349],[-97.92908,19.1935],[-97.92947,19.19386]]]}},{"type":"Feature","properties":{"seccion":530,"municipio":38,"distrito_local":8,"distrito_federal":1},"geometry":{"type":"Polygon","coordinates":[[[-98.0597,19.37511],[-98.06052,19.37633],[-98.06178,19.37532],[-98.06179,19.37495],[-98.06194,19.37465],[-98.06233,19.37432],[-98.06387,19.37351],[-98.06427,19.37347],[-98.06467,19.37313],[-98.0647,19.37283],[-98.06504,19.37251],[-98.0655,19.3722],[-98.06601,19.37203],[-98.06607,19.37143],[-98.06632,19.37099],[-98.06787,19.36912],[-98.06866,19.3678],[-98.06874,19.36807],[-98.06989,19.36823],[-98.07015,19.36885],[-98.07006,19.36951],[-98.07028,19.36977],[-98.07054,19.37029],[-98.07143,19.37097],[-98.07154,19.37126],[-98.07215,19.37179],[-98.07277,19.37214],[-98.07371,19.3723],[-98.07379,19.37249],[-98.07511,19.37333],[-98.07573,19.37382],[-98.07592,19.37389],[-98.07623,19.37383],[-98.07642,19.37398],[-98.07671,19.37407],[-98.0774,19.37488],[-98.07755,19.37517],[-98.07795,19.37547],[-98.07838,19.37563],[-98.07873,19.37559],[-98.07977,19.37585],[-98.07985,19.37605],[-98.08016,19.37622],[-98.08117,19.37659],[-98.08134,19.3768],[-98.08136,19.3771],[-98.08222,19.37766],[-98.08245,19.37792],[-98.08372,19.38024],[-98.08477,19.38146],[-98.0849,19.3821],[-98.08514,19.38236],[-98.08552,19.38254],[-98.08611,19.38309],[-98.08703,19.3833],[-98.08738,19.38323],[-98.08771,19.38331],[-98.08865,19.38304],[-98.08921,19.38305],[-98.09036,19.38345],[-98.09123,19.38362],[-98.0915,19.38354],[-98.09177,19.38317],[-98.09183,19.38426],[-98.09163,19.38434],[-98.09191,19.3864],[-98.09174,19.38825],[-98.09199,19.3907],[-98.0925,19.39447],[-98.09256,19.39544],[-98.0925,19.39988],[-98.08766,19.40388],[-98.08536,19.40375],[-98.08332,19.40342],[-98.08348,19.40316],[-98.0722,19.39716],[-98.06265,19.39194],[-98.05748,19.38902],[-98.05784,19.38837],[-98.05903,19.38785],[-98.05995,19.38578],[-98.06061,19.38536],[-98.06042,19.38467],[-98.05945,19.38256],[-98.05761,19.37768],[-98.05812,19.3773],[-98.0595,19.37584],[-98.0597,19.37511]]]}},{"type":"Feature","properties":{"seccion":163,"municipio":11,"distrito_local":2,"distrito_federal":2},"geometry":{"type":"Polygon","coordinates":[[[-98.23046,19.49533],[-98.24035,19.50443],[-98.24157,19.5058],[-98.24478,19.50653],[-98.24548,19.50641],[-98.24623,19.50671],[-98.24647,19.50696],[-98.24693,19.507],[-98.24717,19.50634],[-98.24695,19.50576],[-98.24713,19.50518],[-98.24772,19.50473],[-98.25023,19.50446],[-98.25064,19.5045],[-98.25269,19.50423],[-98.25398,19.50378],[-98.25521,19.50321],[-98.25644,19.50276],[-98.25818,19.50277],[-98.25831,19.5036],[-98.25807,19.50422],[-98.25765,19.50496],[-98.2567,19.5062],[-98.25658,19.5067],[-98.25592,19.50823],[-98.25532,19.50992],[-98.25449,19.51099],[-98.25408,19.51128],[-98.25337,19.51148],[-98.2518,19.51155],[-98.24975,19.51191],[-98.24904,19.51212],[-98.24833,19.51286],[-98.24786,19.51368],[-98.24687,19.51715],[-98.25074,19.51957],[-98.25052,19.52956],[-98.24854,19.53466],[-98.24748,19.53536],[-98.24685,19.53672],[-98.24362,19.53171],[-98.23469,19.5214],[-98.23387,19.52068],[-98.22791,19.51466],[-98.22692,19.51397],[-98.22548,19.51266],[-98.22426,19.51126],[-98.22403,19.51081],[-98.22196,19.50798],[-98.2223,19.50808],[-98.2237,19.50678],[-98.22368,19.50665],[-98.22467,19.50523],[-98.22441,19.50493],[-98.22587,19.50392],[-98.22709,19.50244],[-98.22925,19.50046],[-98.22943,19.50018],[-98.23077,19.49885],[-98.22881,19.49703],[-98.2301,19.49549],[-98.23046,19.49533]]]}},{"type":"Feature","properties":{"seccion":523,"municipio":37,"distrito_local":10,"distrito_federal":1},"geometry":{"type":"Polygon","coordinates":[[[-97.92947,19.19386],[-97.93052,19.19413],[-97.93099,19.19378],[-97.93211,19.19367],[-97.933,19.19394],[-97.93363,19.19441],[-97.93448,19.19464],[-97.93568,19.19442],[-97.9361,19.19469],[-97.93769,19.19494],[-97.93994,19.19566],[-97.94054,19.19615],[-97.94131,19.19577],[-97.9421,19.19616],[-97.94298,19.19603],[-97.94473,19.19673],[-97.94727,19.19628],[-97.94797,19.19649],[-97.94953,19.19648],[-97.9504,19.19632],[-97.95415,19.19504],[-97.95502,19.19508],[-97.95612,19.1954],[-97.95793,19.19676],[-97.96036,19.19687],[-97.96227,19.19683],[-97.9629,19.19703],[-97.96366,19.19765],[-97.96453,19.19806],[-97.96656,19.19859],[-97.96737,19.19867],[-97.96859,19.19895],[-97.97015,19.19907],[-97.97229,19.19911],[-97.97403,19.19927],[-97.9749,19.19951],[-97.97559,19.19951],[-97.97698,19.19967],[-97.9782,19.19967],[-97.97874,19.1999],[-97.97917,19.20137],[-97.97966,19.20227],[-97.9801,19.20411],[-97.98036,19.20738],[-97.9802,19.20883],[-97.98044,19.20999],[-97.98051,19.21098],[-97.98046,19.21243],[-97.98059,19.2138],[-97.98059,19.21438],[-97.98043,19.21541],[-97.98103,19.21564],[-97.97322,19.22224],[-97.96874,19.22109],[-97.96784,19.22115],[-97.96663,19.22077],[-97.96417,19.21979],[-97.96263,19.21892],[-97.95932,19.21771],[-97.95544,19.21573],[-97.95342,19.21418],[-97.94965,19.21266],[-97.94678,19.21194],[-97.9465,19.21111],[-97.94578,19.21091],[-97.94554,19.21063],[-97.94495,19.21063],[-97.94458,19.21028],[-97.94434,19.2102],[-97.9433,19.2102],[-97.94245,19.20964],[-97.94203,19.20949],[-97.94172,19.20948],[-97.94042,19.20969],[-97.93925,19.20956],[-97.93873,19.20977],[-97.93813,19.2099],[-97.93639,19.20965],[-97.92816,19.20896],[-97.92712,19.2088],[-97.92664,19.20857],[-97.92606,19.20858],[-97.92594,19.20865],[-97.92581,19.20887],[-97.92526,19.20861],[-97.92142,19.20719],[-97.92014,19.20687],[-97.91958,19.20686],[-97.91816,19.20706],[-97.91393,19.20679],[-97.913,19.20679],[-97.91218,19.20691],[-97.90809,19.20511],[-97.90825,19.20457],[-97.90844,19.20462],[-97.90904,19.2024],[-97.90952,19.20252],[-97.91029,19.20214],[-97.91084,19.20215],[-97.91146,19.20193],[-97.91188,19.20145],[-97.9125,19.2012],[-97.91332,19.20035],[-97.91414,19.19985],[-97.91459,19.19933],[-97.91483,19.19916],[-97.91519,19.19914],[-97.91557,19.19925],[-97.91573,19.19899],[-97.91589,19.19888],[-97.91603,19.1989],[-97.91632,19.19934],[-97.91632,19.19957],[-97.91687,19.19948],[-97.91704,19.1992],[-97.91761,19.199],[-97.91943,19.19874],[-97.9198,19.1984],[-97.92032,19.19809],[-97.92104,19.19806],[-97.92197,19.19784],[-97.92214,19.19769],[-97.92272,19.19756],[-97.92293,19.19737],[-97.92351,19.19711],[-97.92381,19.19666],[-97.92491,19.19593],[-97.92568,19.19566],[-97.92628,19.19531],[-97.92669,19.19476],[-97.92683,19.19442],[-97.92748,19.19399],[-97.92795,19.19399],[-97.92847,19.19384],[-97.92947,19.19386]]]}},{"type":"Feature","properties":{"seccion":524,"municipio":37,"distrito_local":10,"distrito_federal":1},"geometry":{"type":"Polygon","coordinates":[[[-97.88171,19.20593],[-97.88303,19.20715],[-97.88299,19.21092],[-97.88259,19.21731],[-97.88223,19.22666],[-97.8832,19.23],[-97.88609,19.23624],[-97.88681,19.23807],[-97.8869,19.23847],[-97.88591,19.23907],[-97.88369,19.23991],[-97.88146,19.24052],[-97.87998,19.24042],[-97.87961,19.24051],[-97.87892,19.2408],[-97.87771,19.24159],[-97.87655,19.2422],[-97.87603,19.24237],[-97.87604,19.24257],[-97.87586,19.24294],[-97.87506,19.24344],[-97.87465,19.24385],[-97.87304,19.24471],[-97.87212,19.24537],[-97.87114,19.24624],[-97.86924,19.24842],[-97.8689,19.24944],[-97.86724,19.25211],[-97.86678,19.25261],[-97.86557,19.25347],[-97.86314,19.25442],[-97.86291,19.25495],[-97.86257,19.25537],[-97.86136,19.25578],[-97.86101,19.25598],[-97.86037,19.25615],[-97.85968,19.25619],[-97.85875,19.25603],[-97.85829,19.25603],[-97.85702,19.25624],[-97.85667,19.25636],[-97.85511,19.25657],[-97.85328,19.25668],[-97.85223,19.25565],[-97.84112,19.24653],[-97.84058,19.23434],[-97.83567,19.22908],[-97.83873,19.22838],[-97.83925,19.22838],[-97.84081,19.22805],[-97.84365,19.22739],[-97.84555,19.22681],[-97.84671,19.22631],[-97.84821,19.22533],[-97.85045,19.22356],[-97.8516,19.22245],[-97.85304,19.22146],[-97.85616,19.21895],[-97.85829,19.21734],[-97.86076,19.21529],[-97.86157,19.21483],[-97.86197,19.21446],[-97.86428,19.21323],[-97.86503,19.21269],[-97.86613,19.21216],[-97.8674,19.21178],[-97.88171,19.20593]]]}},{"type":"Feature","properties":{"seccion":533,"municipio":50,"distrito_local":8,"distrito_federal":1},"geometry":{"type":"Polygon","coordinates":[[[-98.05962,19.33898],[-98.06006,19.33888],[-98.06382,19.33732],[-98.06628,19.33608],[-98.0667,19.33776],[-98.06803,19.3401],[-98.06828,19.34074],[-98.06844,19.34196],[-98.06861,19.34265],[-98.06927,19.3437],[-98.06936,19.34405],[-98.06931,19.34528],[-98.07012,19.34628],[-98.0705,19.34652],[-98.06931,19.34605],[-98.06802,19.34488],[-98.06692,19.34445],[-98.06571,19.3442],[-98.06456,19.34363],[-98.06168,19.34155],[-98.06083,19.34067],[-98.05981,19.33987],[-98.05953,19.33921],[-98.05962,19.33898]]]}},{"type":"Feature","properties":{"seccion":525,"municipio":37,"distrito_local":10,"distrito_federal":1},"geometry":{"type":"Polygon","coordinates":[[[-97.91275,19.19148],[-97.91254,19.19193],[-97.91162,19.19267],[-97.91094,19.19302],[-97.91061,19.19303],[-97.91038,19.19279],[-97.90992,19.1926],[-97.90974,19.19268],[-97.9093,19.19265],[-97.90905,19.1929],[-97.90855,19.19278],[-97.90838,19.19289],[-97.90815,19.19263],[-97.908,19.19263],[-97.90776,19.19286],[-97.90756,19.19284],[-97.90723,19.19253],[-97.90713,19.19252],[-97.90693,19.1928],[-97.90662,19.19262],[-97.90573,19.1927],[-97.90542,19.19298],[-97.90475,19.19313],[-97.90436,19.19307],[-97.90403,19.19334],[-97.90291,19.19367],[-97.90271,19.19367],[-97.90268,19.19351],[-97.90201,19.19338],[-97.90211,19.19367],[-97.90201,19.19402],[-97.90182,19.19415],[-97.90071,19.19443],[-97.90021,19.19434],[-97.90006,19.19476],[-97.89992,19.19495],[-97.89955,19.19491],[-97.89931,19.19498],[-97.89929,19.19534],[-97.89897,19.19538],[-97.89839,19.19524],[-97.89818,19.19605],[-97.89781,19.19638],[-97.89697,19.19673],[-97.89566,19.19695],[-97.89677,19.19638],[-97.89749,19.19526],[-97.89817,19.19368],[-97.89985,19.188],[-97.90053,19.18601],[-97.90338,19.18077],[-97.90464,19.17828],[-97.90556,19.1774],[-97.90758,19.17606],[-97.90874,19.17584],[-97.92183,19.17054],[-97.92782,19.16637],[-97.92789,19.16711],[-97.92807,19.16785],[-97.9282,19.16976],[-97.92879,19.17191],[-97.92886,19.1724],[-97.92933,19.17389],[-97.93012,19.17778],[-97.93112,19.17959],[-97.93135,19.17983],[-97.93264,19.18056],[-97.93299,19.18085],[-97.93328,19.18188],[-97.93335,19.18325],[-97.93353,19.18395],[-97.93587,19.18595],[-97.9364,19.18632],[-97.93663,19.1864],[-97.93711,19.1863],[-97.93761,19.18642],[-97.93882,19.18694],[-97.93911,19.18718],[-97.9394,19.18759],[-97.94016,19.18817],[-97.94109,19.18927],[-97.94168,19.18972],[-97.94313,19.19116],[-97.94453,19.19284],[-97.94512,19.19395],[-97.94727,19.19628],[-97.94473,19.19673],[-97.94298,19.19603],[-97.9421,19.19616],[-97.94131,19.19577],[-97.94054,19.19615],[-97.93994,19.19566],[-97.93769,19.19494],[-97.9361,19.19469],[-97.93568,19.19442],[-97.93448,19.19464],[-97.93363,19.19441],[-97.933,19.19394],[-97.93211,19.19367],[-97.93099,19.19378],[-97.93052,19.19413],[-97.92947,19.19386],[-97.92908,19.1935],[-97.92869,19.19349],[-97.92857,19.19323],[-97.92829,19.19334],[-97.92763,19.19302],[-97.92733,19.19306],[-97.92664,19.19292],[-97.92564,19.1925],[-97.92528,19.19249],[-97.92373,19.19196],[-97.92319,19.19199],[-97.92297,19.19188],[-97.92225,19.19196],[-97.92173,19.19173],[-97.92158,19.19157],[-97.92124,19.19168],[-97.92075,19.19167],[-97.92017,19.19139],[-97.9197,19.19128],[-97.91943,19.19146],[-97.91922,19.19149],[-97.91853,19.19118],[-97.91824,19.1915],[-97.91807,19.19148],[-97.91776,19.19098],[-97.91742,19.19081],[-97.91698,19.19073],[-97.91637,19.19077],[-97.91582,19.19128],[-97.91512,19.191],[-97.91275,19.19148]]]}},{"type":"Feature","properties":{"seccion":526,"municipio":37,"distrito_local":10,"distrito_federal":1},"geometry":{"type":"Polygon","coordinates":[[[-97.8516,19.22245],[-97.85045,19.22356],[-97.84821,19.22533],[-97.84671,19.22631],[-97.84555,19.22681],[-97.84365,19.22739],[-97.84081,19.22805],[-97.83925,19.22838],[-97.83873,19.22838],[-97.83567,19.22908],[-97.82676,19.21936],[-97.8278,19.21895],[-97.82797,19.21866],[-97.82825,19.2178],[-97.82796,19.21751],[-97.82794,19.21516],[-97.83701,19.21283],[-97.83951,19.21182],[-97.84212,19.20948],[-97.8516,19.22245]]]}},{"type":"Feature","properties":{"seccion":529,"municipio":38,"distrito_local":8,"distrito_federal":1},"geometry":{"type":"Polygon","coordinates":[[[-98.08893,19.35981],[-98.08948,19.35983],[-98.09027,19.35998],[-98.09214,19.35976],[-98.09304,19.36029],[-98.09346,19.36092],[-98.09368,19.36106],[-98.09409,19.3616],[-98.09504,19.36238],[-98.09579,19.36251],[-98.09747,19.36327],[-98.10002,19.36405],[-98.10014,19.36446],[-98.10005,19.36467],[-98.09942,19.36498],[-98.09903,19.36542],[-98.09883,19.36628],[-98.09885,19.36699],[-98.09903,19.3676],[-98.09909,19.36905],[-98.09919,19.36945],[-98.10013,19.37103],[-98.10064,19.37173],[-98.10068,19.37273],[-98.10056,19.37428],[-98.09987,19.37557],[-98.09877,19.37698],[-98.09803,19.37749],[-98.09751,19.37807],[-98.09703,19.3783],[-98.09678,19.37852],[-98.09668,19.37885],[-98.09576,19.37975],[-98.09509,19.37978],[-98.09463,19.37994],[-98.09287,19.38208],[-98.09186,19.38294],[-98.0915,19.38354],[-98.09123,19.38362],[-98.09036,19.38345],[-98.08921,19.38305],[-98.08865,19.38304],[-98.08771,19.38331],[-98.08738,19.38323],[-98.08703,19.3833],[-98.08611,19.38309],[-98.08552,19.38254],[-98.08514,19.38236],[-98.0849,19.3821],[-98.08477,19.38146],[-98.08372,19.38024],[-98.08245,19.37792],[-98.08222,19.37766],[-98.08136,19.3771],[-98.08134,19.3768],[-98.08117,19.37659],[-98.08089,19.37648],[-98.08077,19.37624],[-98.08074,19.37594],[-98.08104,19.37504],[-98.0812,19.37476],[-98.08143,19.37338],[-98.08177,19.37287],[-98.08196,19.37232],[-98.08234,19.37161],[-98.08342,19.37072],[-98.08383,19.37026],[-98.0836,19.37003],[-98.08508,19.36991],[-98.0876,19.37047],[-98.08683,19.36932],[-98.08584,19.36824],[-98.08566,19.36773],[-98.08288,19.36492],[-98.08367,19.3643],[-98.08461,19.36372],[-98.08607,19.36315],[-98.08673,19.36301],[-98.08702,19.36201],[-98.0872,19.36106],[-98.08789,19.36081],[-98.08859,19.3599],[-98.08893,19.35981]]]}},{"type":"Feature","properties":{"seccion":531,"municipio":50,"distrito_local":8,"distrito_federal":1},"geometry":{"type":"Polygon","coordinates":[[[-98.05491,19.33357],[-98.05594,19.33476],[-98.05621,19.33494],[-98.0565,19.335],[-98.05697,19.33488],[-98.05867,19.3361],[-98.05888,19.33614],[-98.05906,19.33646],[-98.05904,19.33675],[-98.05953,19.33718],[-98.05966,19.33774],[-98.05962,19.33837],[-98.05971,19.33848],[-98.05972,19.33866],[-98.05953,19.33921],[-98.05981,19.33987],[-98.06083,19.34067],[-98.06121,19.34109],[-98.05641,19.3439],[-98.05451,19.34671],[-98.05444,19.34701],[-98.0545,19.34805],[-98.05441,19.34836],[-98.05444,19.34871],[-98.05329,19.35128],[-98.05314,19.35183],[-98.05304,19.35276],[-98.05394,19.35336],[-98.05479,19.35407],[-98.05493,19.35441],[-98.05455,19.35466],[-98.05373,19.35482],[-98.05179,19.35488],[-98.05017,19.35479],[-98.04888,19.35432],[-98.04852,19.35468],[-98.04772,19.35431],[-98.04681,19.35367],[-98.04584,19.35457],[-98.04538,19.35444],[-98.04493,19.35441],[-98.04414,19.35392],[-98.04392,19.35357],[-98.04167,19.35561],[-98.04073,19.35558],[-98.04063,19.35546],[-98.03981,19.35528],[-98.03949,19.3553],[-98.03885,19.3556],[-98.03758,19.35537],[-98.03572,19.3554],[-98.03435,19.35784],[-98.03313,19.35733],[-98.0332,19.35617],[-98.03356,19.35541],[-98.03375,19.35466],[-98.03379,19.35224],[-98.03368,19.35182],[-98.03375,19.35133],[-98.03482,19.34847],[-98.03481,19.34759],[-98.035,19.34617],[-98.03542,19.34549],[-98.03541,19.34528],[-98.03512,19.34501],[-98.03457,19.34489],[-98.03439,19.34472],[-98.03433,19.3445],[-98.03417,19.3426],[-98.03401,19.34221],[-98.034,19.34171],[-98.03419,19.34117],[-98.03419,19.34034],[-98.03388,19.33982],[-98.03382,19.33942],[-98.03415,19.33799],[-98.03406,19.33716],[-98.03412,19.33655],[-98.034,19.33529],[-98.03352,19.33367],[-98.03324,19.33309],[-98.03243,19.33229],[-98.03186,19.3313],[-98.03076,19.33054],[-98.02954,19.32933],[-98.02876,19.32659],[-98.02866,19.32534],[-98.02903,19.32373],[-98.02933,19.32307],[-98.0298,19.32241],[-98.03127,19.32114],[-98.03186,19.32073],[-98.03263,19.31982],[-98.0327,19.31929],[-98.03259,19.31846],[-98.0322,19.31721],[-98.0328,19.31771],[-98.03311,19.31811],[-98.03348,19.3183],[-98.03466,19.3183],[-98.03473,19.31859],[-98.03445,19.31931],[-98.03459,19.3196],[-98.03484,19.31983],[-98.03506,19.32022],[-98.03576,19.32087],[-98.036,19.32099],[-98.03666,19.32105],[-98.0361,19.32235],[-98.03562,19.32298],[-98.03553,19.32331],[-98.03645,19.32325],[-98.03649,19.32332],[-98.03727,19.32345],[-98.0377,19.32344],[-98.03957,19.32372],[-98.03953,19.32404],[-98.03975,19.32438],[-98.04005,19.32464],[-98.04085,19.3246],[-98.04178,19.32493],[-98.04271,19.32469],[-98.04363,19.32624],[-98.0481,19.32835],[-98.04957,19.32884],[-98.05019,19.32925],[-98.05033,19.32956],[-98.05031,19.32974],[-98.05067,19.32977],[-98.05084,19.3299],[-98.05113,19.32985],[-98.05141,19.32995],[-98.05163,19.33022],[-98.05187,19.33017],[-98.05199,19.33023],[-98.05245,19.33066],[-98.05277,19.3306],[-98.05297,19.33105],[-98.05284,19.3315],[-98.05289,19.33189],[-98.05296,19.33195],[-98.05337,19.33181],[-98.05361,19.33185],[-98.05413,19.33249],[-98.054,19.33292],[-98.05406,19.33304],[-98.05423,19.33313],[-98.0545,19.33302],[-98.05469,19.33313],[-98.05491,19.33357]]]}},{"type":"Feature","properties":{"seccion":532,"municipio":50,"distrito_local":8,"distrito_federal":1},"geometry":{"type":"Polygon","coordinates":[[[-98.06709,19.31115],[-98.06759,19.31151],[-98.06831,19.31228],[-98.06861,19.31225],[-98.06881,19.31235],[-98.06882,19.31262],[-98.0705,19.31503],[-98.07491,19.31855],[-98.07862,19.3209],[-98.08118,19.32208],[-98.08199,19.32275],[-98.08535,19.32451],[-98.08576,19.32481],[-98.08685,19.32614],[-98.08743,19.32652],[-98.08752,19.32648],[-98.08734,19.32724],[-98.08707,19.32967],[-98.0869,19.33234],[-98.08655,19.33227],[-98.08603,19.33231],[-98.08509,19.33251],[-98.08339,19.3332],[-98.08203,19.33443],[-98.08167,19.33509],[-98.08143,19.3358],[-98.08165,19.33704],[-98.08146,19.33861],[-98.08115,19.34043],[-98.08097,19.34081],[-98.08048,19.34246],[-98.08042,19.34287],[-98.08051,19.3449],[-98.0799,19.34739],[-98.07977,19.34821],[-98.079,19.34962],[-98.07858,19.35015],[-98.07782,19.3506],[-98.07735,19.35072],[-98.07619,19.35054],[-98.07574,19.35039],[-98.07424,19.34951],[-98.07325,19.34825],[-98.07231,19.34786],[-98.07012,19.34628],[-98.06931,19.34528],[-98.06936,19.34405],[-98.06927,19.3437],[-98.06861,19.34265],[-98.06844,19.34196],[-98.06828,19.34074],[-98.06803,19.3401],[-98.0667,19.33776],[-98.06638,19.33639],[-98.06602,19.33531],[-98.06611,19.33499],[-98.06699,19.33466],[-98.06697,19.33435],[-98.06728,19.33397],[-98.06737,19.33346],[-98.06871,19.3328],[-98.06885,19.33226],[-98.06839,19.33078],[-98.0682,19.32926],[-98.06799,19.32849],[-98.06943,19.32809],[-98.06963,19.3281],[-98.07008,19.32843],[-98.07011,19.32821],[-98.0694,19.32713],[-98.06927,19.32607],[-98.06905,19.3257],[-98.06894,19.32529],[-98.06893,19.32477],[-98.06864,19.32334],[-98.06862,19.32268],[-98.06873,19.32175],[-98.06824,19.31962],[-98.06736,19.31828],[-98.06635,19.31718],[-98.06648,19.31659],[-98.06603,19.31548],[-98.06549,19.31511],[-98.06532,19.31457],[-98.06471,19.31415],[-98.0642,19.31333],[-98.06569,19.31229],[-98.06709,19.31115]]]}},{"type":"Feature","properties":{"seccion":535,"municipio":50,"distrito_local":8,"distrito_federal":1},"geometry":{"type":"Polygon","coordinates":[[[-98.0411,19.29959],[-98.04082,19.29863],[-98.04088,19.29801],[-98.04063,19.29547],[-98.04068,19.29489],[-98.04039,19.29436],[-98.04044,19.29374],[-98.04038,19.29304],[-98.03963,19.29272],[-98.03921,19.29149],[-98.03886,19.29091],[-98.03903,19.29025],[-98.03927,19.2862],[-98.0407,19.28534],[-98.04267,19.28497],[-98.0428,19.28499],[-98.04299,19.28522],[-98.04303,19.28571],[-98.04179,19.28621],[-98.04151,19.28655],[-98.04112,19.28758],[-98.04104,19.28829],[-98.04114,19.28832],[-98.04194,19.28798],[-98.04205,19.28802],[-98.04223,19.28824],[-98.04233,19.28854],[-98.04243,19.28943],[-98.0425,19.28951],[-98.04365,19.28976],[-98.04391,19.28988],[-98.04403,19.29004],[-98.04421,19.29048],[-98.04453,19.29043],[-98.0454,19.29322],[-98.04563,19.29485],[-98.04615,19.29665],[-98.04726,19.30168],[-98.04878,19.30422],[-98.04897,19.30399],[-98.04918,19.30473],[-98.04904,19.3055],[-98.04949,19.30617],[-98.05009,19.30785],[-98.05083,19.30917],[-98.05114,19.31025],[-98.05109,19.31044],[-98.05146,19.31065],[-98.05155,19.31094],[-98.05191,19.31086],[-98.0521,19.31149],[-98.05267,19.31191],[-98.05301,19.31192],[-98.05363,19.31265],[-98.05444,19.31326],[-98.05469,19.31381],[-98.05593,19.31498],[-98.05621,19.31576],[-98.05684,19.31579],[-98.05755,19.31615],[-98.05798,19.31688],[-98.05812,19.31735],[-98.05837,19.31771],[-98.05855,19.31758],[-98.05936,19.31731],[-98.05968,19.3171],[-98.0612,19.31564],[-98.0642,19.31333],[-98.06471,19.31415],[-98.06532,19.31457],[-98.06549,19.31511],[-98.06603,19.31548],[-98.06648,19.31659],[-98.06635,19.31718],[-98.06736,19.31828],[-98.06824,19.31962],[-98.06873,19.32175],[-98.06862,19.32268],[-98.06864,19.32334],[-98.06893,19.32477],[-98.06894,19.32529],[-98.06905,19.3257],[-98.06927,19.32607],[-98.0694,19.32713],[-98.07011,19.32821],[-98.07008,19.32843],[-98.06963,19.3281],[-98.06943,19.32809],[-98.06758,19.32859],[-98.06717,19.32908],[-98.06676,19.32933],[-98.06613,19.32965],[-98.06535,19.32987],[-98.06072,19.33051],[-98.05671,19.33066],[-98.05654,19.33119],[-98.05491,19.33357],[-98.05469,19.33313],[-98.0545,19.33302],[-98.05423,19.33313],[-98.05406,19.33304],[-98.054,19.33292],[-98.05413,19.33249],[-98.05361,19.33185],[-98.05337,19.33181],[-98.05296,19.33195],[-98.05289,19.33189],[-98.05284,19.3315],[-98.05297,19.33105],[-98.05277,19.3306],[-98.05245,19.33066],[-98.05199,19.33023],[-98.05187,19.33017],[-98.05163,19.33022],[-98.05141,19.32995],[-98.05113,19.32985],[-98.05084,19.3299],[-98.05067,19.32977],[-98.05031,19.32974],[-98.05033,19.32956],[-98.05019,19.32925],[-98.04957,19.32884],[-98.0481,19.32835],[-98.04363,19.32624],[-98.04271,19.32469],[-98.04178,19.32493],[-98.04085,19.3246],[-98.04005,19.32464],[-98.03975,19.32438],[-98.03953,19.32404],[-98.03957,19.32372],[-98.0377,19.32344],[-98.03727,19.32345],[-98.03649,19.32332],[-98.03645,19.32325],[-98.03553,19.32331],[-98.03562,19.32298],[-98.0361,19.32235],[-98.03666,19.32105],[-98.036,19.32099],[-98.03576,19.32087],[-98.03506,19.32022],[-98.03484,19.31983],[-98.03459,19.3196],[-98.03445,19.31931],[-98.03473,19.31859],[-98.03466,19.3183],[-98.03348,19.3183],[-98.03311,19.31811],[-98.0328,19.31771],[-98.0322,19.31721],[-98.03261,19.31676],[-98.03338,19.31622],[-98.03379,19.3154],[-98.03404,19.31408],[-98.03506,19.31168],[-98.0353,19.31135],[-98.0358,19.30821],[-98.0357,19.30713],[-98.03566,19.30526],[-98.03584,19.30485],[-98.03591,19.30427],[-98.03971,19.30335],[-98.03968,19.3014],[-98.03986,19.30041],[-98.04069,19.29979],[-98.0411,19.29959]]]}},{"type":"Feature","properties":{"seccion":536,"municipio":38,"distrito_local":8,"distrito_federal":1},"geometry":{"type":"Polygon","coordinates":[[[-98.08893,19.35981],[-98.08859,19.3599],[-98.08789,19.36081],[-98.0872,19.36106],[-98.08702,19.36201],[-98.08673,19.36301],[-98.08607,19.36315],[-98.08461,19.36372],[-98.08367,19.3643],[-98.08288,19.36492],[-98.08566,19.36773],[-98.08584,19.36824],[-98.08683,19.36932],[-98.0876,19.37047],[-98.08508,19.36991],[-98.0836,19.37003],[-98.08383,19.37026],[-98.08342,19.37072],[-98.08234,19.37161],[-98.08196,19.37232],[-98.08177,19.37287],[-98.08143,19.37338],[-98.0812,19.37476],[-98.08104,19.37504],[-98.08074,19.37594],[-98.08077,19.37624],[-98.08089,19.37648],[-98.08057,19.37642],[-98.07985,19.37605],[-98.07977,19.37585],[-98.07873,19.37559],[-98.07838,19.37563],[-98.07795,19.37547],[-98.07755,19.37517],[-98.0774,19.37488],[-98.07671,19.37407],[-98.07642,19.37398],[-98.07623,19.37383],[-98.07592,19.37389],[-98.07573,19.37382],[-98.07511,19.37333],[-98.07379,19.37249],[-98.07371,19.3723],[-98.07277,19.37214],[-98.07215,19.37179],[-98.07154,19.37126],[-98.07143,19.37097],[-98.07054,19.37029],[-98.07028,19.36977],[-98.07006,19.36951],[-98.07015,19.36885],[-98.06989,19.36823],[-98.06874,19.36807],[-98.06958,19.36784],[-98.07114,19.36619],[-98.07146,19.36643],[-98.07438,19.36654],[-98.07686,19.36415],[-98.07821,19.36263],[-98.07887,19.36203],[-98.08483,19.3575],[-98.08552,19.35739],[-98.0859,19.35756],[-98.08632,19.35813],[-98.0866,19.359],[-98.08702,19.3594],[-98.08731,19.35952],[-98.08893,19.35981]]]}},{"type":"Feature","properties":{"seccion":537,"municipio":38,"distrito_local":8,"distrito_federal":1},"geometry":{"type":"Polygon","coordinates":[[[-98.0597,19.37511],[-98.0595,19.37584],[-98.05812,19.3773],[-98.05761,19.37768],[-98.05945,19.38256],[-98.06042,19.38467],[-98.06061,19.38536],[-98.05995,19.38578],[-98.05903,19.38785],[-98.05784,19.38837],[-98.05748,19.38902],[-98.04889,19.38418],[-98.04801,19.38382],[-98.0454,19.38141],[-98.04389,19.3798],[-98.04352,19.37925],[-98.04263,19.37753],[-98.04189,19.37675],[-98.04068,19.3762],[-98.03848,19.37574],[-98.03564,19.37552],[-98.03178,19.37484],[-98.0301,19.37424],[-98.03018,19.37308],[-98.02792,19.37198],[-98.02877,19.37097],[-98.03054,19.36945],[-98.03225,19.36822],[-98.0333,19.36765],[-98.03395,19.36716],[-98.0346,19.36654],[-98.03496,19.36588],[-98.0344,19.36351],[-98.03424,19.36243],[-98.0335,19.36048],[-98.03311,19.35886],[-98.033,19.3582],[-98.03313,19.35733],[-98.03435,19.35784],[-98.03572,19.3554],[-98.03758,19.35537],[-98.03885,19.3556],[-98.03949,19.3553],[-98.03981,19.35528],[-98.04063,19.35546],[-98.04073,19.35558],[-98.04167,19.35561],[-98.04392,19.35357],[-98.04414,19.35392],[-98.04493,19.35441],[-98.04538,19.35444],[-98.04584,19.35457],[-98.04681,19.35367],[-98.04772,19.35431],[-98.04852,19.35468],[-98.04888,19.35432],[-98.05017,19.35479],[-98.05179,19.35488],[-98.05373,19.35482],[-98.05455,19.35466],[-98.05493,19.35441],[-98.05479,19.35407],[-98.05394,19.35336],[-98.05304,19.35276],[-98.05314,19.35183],[-98.0537,19.35026],[-98.05412,19.34951],[-98.05444,19.34871],[-98.05441,19.34836],[-98.0545,19.34805],[-98.05444,19.34701],[-98.05451,19.34671],[-98.05641,19.3439],[-98.05711,19.34481],[-98.05743,19.34544],[-98.05826,19.34667],[-98.05895,19.34811],[-98.05959,19.34904],[-98.06013,19.35042],[-98.06023,19.35162],[-98.05993,19.35265],[-98.06007,19.35552],[-98.06,19.35626],[-98.05988,19.35647],[-98.05976,19.35705],[-98.06005,19.35775],[-98.06318,19.35964],[-98.06393,19.36019],[-98.06538,19.36099],[-98.06607,19.3617],[-98.06653,19.36265],[-98.0682,19.36478],[-98.06895,19.36594],[-98.06895,19.36727],[-98.06787,19.36912],[-98.06632,19.37099],[-98.06607,19.37143],[-98.06601,19.37203],[-98.0655,19.3722],[-98.06504,19.37251],[-98.0647,19.37283],[-98.06467,19.37313],[-98.06427,19.37347],[-98.06387,19.37351],[-98.06233,19.37432],[-98.06194,19.37465],[-98.06179,19.37495],[-98.06178,19.37532],[-98.06052,19.37633],[-98.0597,19.37511]]]}},{"type":"Feature","properties":{"seccion":538,"municipio":39,"distrito_local":3,"distrito_federal":1},"geometry":{"type":"Polygon","coordinates":[[[-98.05248,19.41628],[-98.05361,19.41771],[-98.05571,19.4209],[-98.05569,19.42105],[-98.05786,19.42245],[-98.05638,19.42361],[-98.05619,19.42397],[-98.05616,19.42439],[-98.05628,19.42477],[-98.05626,19.42504],[-98.05593,19.42533],[-98.05252,19.42781],[-98.05226,19.42807],[-98.05217,19.42805],[-98.05177,19.42834],[-98.04937,19.43018],[-98.04914,19.43028],[-98.0488,19.43027],[-98.04856,19.43049],[-98.04855,19.4307],[-98.04727,19.43162],[-98.04679,19.43207],[-98.04675,19.43395],[-98.04562,19.43506],[-98.04502,19.43539],[-98.04495,19.43647],[-98.04421,19.43599],[-98.04315,19.43639],[-98.04134,19.43733],[-98.03929,19.43855],[-98.03828,19.44044],[-98.03733,19.44355],[-98.02268,19.42486],[-98.03196,19.41768],[-98.03243,19.41771],[-98.03457,19.41816],[-98.03613,19.41864],[-98.03696,19.41879],[-98.03961,19.41887],[-98.04163,19.41843],[-98.04676,19.41712],[-98.04819,19.41691],[-98.05012,19.41686],[-98.05248,19.41628]]]}},{"type":"Feature","properties":{"seccion":539,"municipio":39,"distrito_local":3,"distrito_federal":1},"geometry":{"type":"Polygon","coordinates":[[[-98.04632,19.40457],[-98.04749,19.40511],[-98.04851,19.40572],[-98.0485,19.40642],[-98.04802,19.40727],[-98.04802,19.40787],[-98.04896,19.40864],[-98.0491,19.40888],[-98.04911,19.40911],[-98.04887,19.41001],[-98.04901,19.41105],[-98.04959,19.41067],[-98.05039,19.41165],[-98.05123,19.41107],[-98.05247,19.41218],[-98.0532,19.41294],[-98.05221,19.41377],[-98.05287,19.41462],[-98.05438,19.41625],[-98.05384,19.41618],[-98.05248,19.41628],[-98.05012,19.41686],[-98.04819,19.41691],[-98.04676,19.41712],[-98.04163,19.41843],[-98.03961,19.41887],[-98.03696,19.41879],[-98.03613,19.41864],[-98.03457,19.41816],[-98.03243,19.41771],[-98.03196,19.41768],[-98.0331,19.41678],[-98.03436,19.41529],[-98.03512,19.41476],[-98.0363,19.41416],[-98.03881,19.41315],[-98.03975,19.41204],[-98.04028,19.41122],[-98.04116,19.40932],[-98.04254,19.40799],[-98.04366,19.40721],[-98.04471,19.40626],[-98.04497,19.40617],[-98.04597,19.40531],[-98.04632,19.40457]]]}},{"type":"Feature","properties":{"seccion":457,"municipio":33,"distrito_local":7,"distrito_federal":2},"geometry":{"type":"Polygon","coordinates":[[[-98.21362,19.31597],[-98.21047,19.31561],[-98.20973,19.31543],[-98.21045,19.31291],[-98.21085,19.31312],[-98.21105,19.31312],[-98.21127,19.31208],[-98.21398,19.31276],[-98.21362,19.31597]]]}},{"type":"Feature","properties":{"seccion":540,"municipio":39,"distrito_local":3,"distrito_federal":1},"geometry":{"type":"Polygon","coordinates":[[[-98.05438,19.41625],[-98.05287,19.41462],[-98.05221,19.41377],[-98.0532,19.41294],[-98.05247,19.41218],[-98.05123,19.41107],[-98.05039,19.41165],[-98.04959,19.41067],[-98.04901,19.41105],[-98.04887,19.41001],[-98.04911,19.40911],[-98.0491,19.40888],[-98.04896,19.40864],[-98.04802,19.40787],[-98.04802,19.40727],[-98.0485,19.40642],[-98.04851,19.40572],[-98.04749,19.40511],[-98.04632,19.40457],[-98.04752,19.4028],[-98.04603,19.40183],[-98.04574,19.40171],[-98.04545,19.4017],[-98.04467,19.40182],[-98.04421,19.40136],[-98.04476,19.40104],[-98.04558,19.40071],[-98.04634,19.40063],[-98.04771,19.3998],[-98.04861,19.39953],[-98.04899,19.39917],[-98.0493,19.39908],[-98.04992,19.3987],[-98.05018,19.39879],[-98.051,19.39845],[-98.05134,19.39812],[-98.05142,19.39774],[-98.05161,19.39735],[-98.05162,19.39689],[-98.05196,19.39689],[-98.05237,19.39671],[-98.05297,19.39677],[-98.05325,19.39713],[-98.05439,19.3971],[-98.05469,19.39718],[-98.05508,19.39746],[-98.05436,19.39817],[-98.05646,19.40135],[-98.06249,19.40992],[-98.06951,19.41046],[-98.07174,19.41118],[-98.07241,19.41128],[-98.07321,19.41168],[-98.07426,19.41206],[-98.07455,19.41278],[-98.0762,19.41533],[-98.07777,19.41577],[-98.07276,19.42036],[-98.07295,19.4214],[-98.07224,19.42122],[-98.07139,19.42052],[-98.07019,19.42036],[-98.06223,19.41836],[-98.05494,19.41634],[-98.05438,19.41625]]]}},{"type":"Feature","properties":{"seccion":541,"municipio":39,"distrito_local":3,"distrito_federal":1},"geometry":{"type":"Polygon","coordinates":[[[-98.04632,19.40457],[-98.04597,19.40531],[-98.04497,19.40617],[-98.04471,19.40626],[-98.04366,19.40721],[-98.04254,19.40799],[-98.04116,19.40932],[-98.04028,19.41122],[-98.03975,19.41204],[-98.03881,19.41315],[-98.0363,19.41416],[-98.03512,19.41476],[-98.03436,19.41529],[-98.0331,19.41678],[-98.03196,19.41768],[-98.02873,19.41705],[-98.02982,19.41495],[-98.02873,19.41028],[-98.0293,19.41042],[-98.03026,19.4103],[-98.03401,19.40746],[-98.03353,19.40552],[-98.03555,19.40456],[-98.0354,19.40379],[-98.03526,19.4017],[-98.03586,19.40125],[-98.03612,19.40161],[-98.03764,19.40054],[-98.03789,19.40067],[-98.03824,19.40123],[-98.03852,19.40104],[-98.03907,19.40089],[-98.03918,19.40132],[-98.03953,19.40164],[-98.03993,19.40269],[-98.04021,19.40254],[-98.04095,19.40254],[-98.04114,19.40242],[-98.0416,19.40189],[-98.04175,19.4015],[-98.0434,19.40161],[-98.04375,19.40158],[-98.04421,19.40136],[-98.04467,19.40182],[-98.04574,19.40171],[-98.04603,19.40183],[-98.04752,19.4028],[-98.04632,19.40457]]]}},{"type":"Feature","properties":{"seccion":542,"municipio":39,"distrito_local":3,"distrito_federal":1},"geometry":{"type":"Polygon","coordinates":[[[-98.04476,19.40104],[-98.04375,19.40158],[-98.0434,19.40161],[-98.04175,19.4015],[-98.0416,19.40189],[-98.04114,19.40242],[-98.04095,19.40254],[-98.04021,19.40254],[-98.03993,19.40269],[-98.03953,19.40164],[-98.03918,19.40132],[-98.03907,19.40089],[-98.03852,19.40104],[-98.03824,19.40123],[-98.03789,19.40067],[-98.03756,19.40056],[-98.03453,19.39651],[-98.03346,19.39729],[-98.03333,19.39718],[-98.03287,19.39566],[-98.0329,19.3951],[-98.03307,19.39467],[-98.03319,19.39457],[-98.03405,19.3943],[-98.04265,19.39042],[-98.04249,19.39009],[-98.04045,19.39045],[-98.03987,19.38653],[-98.03675,19.3864],[-98.03566,19.38612],[-98.03505,19.38608],[-98.03392,19.38573],[-98.03609,19.38035],[-98.03719,19.37738],[-98.03663,19.37707],[-98.03115,19.37553],[-98.03068,19.37527],[-98.03077,19.37449],[-98.03178,19.37484],[-98.03514,19.37544],[-98.03656,19.37563],[-98.03848,19.37574],[-98.04068,19.3762],[-98.04189,19.37675],[-98.04263,19.37753],[-98.04352,19.37925],[-98.04389,19.3798],[-98.0454,19.38141],[-98.04801,19.38382],[-98.04889,19.38418],[-98.0642,19.39278],[-98.06415,19.39309],[-98.06382,19.39325],[-98.06284,19.39351],[-98.06211,19.39389],[-98.05648,19.39628],[-98.05583,19.39674],[-98.05508,19.39746],[-98.05492,19.39729],[-98.05439,19.3971],[-98.05325,19.39713],[-98.05297,19.39677],[-98.05276,19.39671],[-98.05237,19.39671],[-98.05196,19.39689],[-98.05162,19.39689],[-98.05161,19.39735],[-98.05142,19.39774],[-98.05134,19.39812],[-98.051,19.39845],[-98.05018,19.39879],[-98.04992,19.3987],[-98.0493,19.39908],[-98.04899,19.39917],[-98.04861,19.39953],[-98.04771,19.3998],[-98.04634,19.40063],[-98.04558,19.40071],[-98.04476,19.40104]]]}},{"type":"Feature","properties":{"seccion":606,"municipio":55,"distrito_local":3,"distrito_federal":1},"geometry":{"type":"Polygon","coordinates":[[[-97.98259,19.58347],[-97.98017,19.58134],[-97.97773,19.58004],[-97.97657,19.57933],[-97.97221,19.57722],[-97.97106,19.57592],[-97.97042,19.57538],[-97.97013,19.57496],[-97.96979,19.57388],[-97.97016,19.57243],[-97.97006,19.57148],[-97.9696,19.57081],[-97.96863,19.56836],[-97.96861,19.56525],[-97.96828,19.56363],[-97.96794,19.56276],[-97.96802,19.56106],[-97.9678,19.55949],[-97.96742,19.55774],[-97.96737,19.55691],[-97.96744,19.55604],[-97.96689,19.55314],[-97.96698,19.55074],[-97.9671,19.55012],[-97.96677,19.54808],[-97.96643,19.54746],[-97.96656,19.54734],[-97.96689,19.54737],[-97.9674,19.548],[-97.96759,19.54795],[-97.96768,19.54751],[-97.96764,19.54702],[-97.96751,19.54675],[-97.96763,19.54616],[-97.96786,19.54581],[-97.96852,19.54556],[-97.9691,19.54546],[-97.96996,19.54553],[-97.97055,19.54604],[-97.97122,19.5471],[-97.97142,19.5473],[-97.97161,19.54727],[-97.97162,19.54667],[-97.97131,19.54557],[-97.97129,19.54521],[-97.97097,19.54412],[-97.9707,19.54352],[-97.97052,19.54331],[-97.97043,19.54275],[-97.97047,19.54254],[-97.97102,19.54222],[-97.97197,19.54196],[-97.97303,19.5413],[-97.97332,19.54138],[-97.97476,19.54104],[-97.97515,19.54102],[-97.97534,19.54111],[-97.97547,19.54102],[-97.97599,19.54103],[-97.97669,19.54088],[-97.97771,19.54091],[-97.97816,19.54055],[-97.97853,19.54038],[-97.97898,19.53992],[-97.97873,19.53954],[-97.97997,19.53856],[-97.98034,19.53904],[-97.9822,19.5365],[-97.97982,19.53345],[-97.98464,19.53355],[-97.98556,19.53271],[-97.98597,19.53217],[-97.98624,19.53226],[-97.98664,19.53215],[-97.98684,19.53247],[-97.98725,19.53259],[-97.98769,19.53245],[-97.98771,19.53359],[-97.98793,19.53399],[-97.98858,19.53443],[-97.98859,19.53483],[-97.98837,19.53518],[-97.98858,19.53569],[-97.98854,19.53601],[-97.98881,19.53646],[-97.98885,19.53677],[-97.98906,19.53695],[-97.98941,19.53708],[-97.9895,19.5375],[-97.99008,19.53774],[-97.99018,19.53813],[-97.99008,19.53848],[-97.99018,19.53865],[-97.99055,19.53848],[-97.99067,19.5386],[-97.99039,19.53921],[-97.99069,19.53948],[-97.99071,19.53973],[-97.99107,19.53993],[-97.99095,19.54012],[-97.99109,19.54023],[-97.99147,19.54026],[-97.99143,19.54104],[-97.99205,19.54139],[-97.99235,19.54141],[-97.99266,19.5412],[-97.99295,19.54141],[-97.99278,19.54236],[-97.9929,19.54261],[-97.99334,19.54283],[-97.99374,19.54284],[-97.99395,19.54312],[-97.99433,19.54339],[-97.99457,19.54329],[-97.99473,19.54347],[-97.99481,19.54383],[-97.99474,19.54425],[-97.99515,19.54439],[-97.99566,19.5443],[-97.99621,19.54452],[-97.99658,19.5444],[-97.9967,19.54406],[-97.99708,19.54398],[-97.99811,19.544],[-97.99851,19.54368],[-97.99863,19.54335],[-97.99895,19.54347],[-97.9993,19.54341],[-97.99941,19.54383],[-97.99868,19.54593],[-97.99786,19.54721],[-97.99644,19.54848],[-97.9952,19.54988],[-97.99467,19.55095],[-97.99371,19.55334],[-97.99352,19.55458],[-97.99351,19.5557],[-97.99326,19.55661],[-97.99221,19.55705],[-97.99155,19.5587],[-97.98949,19.56042],[-97.98867,19.56129],[-97.98749,19.56297],[-97.98695,19.56355],[-97.98543,19.56478],[-97.98484,19.56535],[-97.98454,19.56585],[-97.98442,19.56622],[-97.98447,19.56717],[-97.98585,19.56872],[-97.98723,19.57001],[-97.9885,19.57102],[-97.98913,19.57197],[-97.98918,19.57297],[-97.98883,19.57756],[-97.98727,19.57689],[-97.98259,19.58347]]]}},{"type":"Feature","properties":{"seccion":613,"municipio":38,"distrito_local":8,"distrito_federal":1},"geometry":{"type":"Polygon","coordinates":[[[-98.11324,19.39383],[-98.11575,19.39295],[-98.1176,19.39198],[-98.11819,19.3916],[-98.12154,19.38904],[-98.12454,19.38661],[-98.12614,19.38528],[-98.12632,19.38499],[-98.12584,19.38633],[-98.12499,19.38646],[-98.12462,19.38665],[-98.12332,19.39507],[-98.12203,19.39645],[-98.12186,19.3975],[-98.12202,19.39832],[-98.12218,19.3987],[-98.12219,19.39915],[-98.12259,19.40113],[-98.12273,19.40152],[-98.12318,19.40224],[-98.12395,19.40304],[-98.12476,19.40362],[-98.12496,19.40387],[-98.12513,19.40646],[-98.12521,19.40677],[-98.12557,19.40734],[-98.12628,19.40786],[-98.12725,19.40819],[-98.12777,19.40824],[-98.12777,19.4087],[-98.12663,19.40907],[-98.12364,19.40985],[-98.12333,19.4098],[-98.1219,19.40995],[-98.12053,19.41024],[-98.11941,19.41061],[-98.119,19.41089],[-98.11884,19.4108],[-98.11863,19.40919],[-98.11848,19.40855],[-98.11754,19.40596],[-98.11728,19.40492],[-98.11712,19.40409],[-98.11707,19.40291],[-98.11643,19.39955],[-98.11603,19.39866],[-98.11332,19.39415],[-98.11324,19.39383]]]}},{"type":"Feature","properties":{"seccion":619,"municipio":3,"distrito_local":4,"distrito_federal":1},"geometry":{"type":"Polygon","coordinates":[[[-98.10769,19.4096],[-98.10792,19.40993],[-98.10994,19.41072],[-98.10881,19.41195],[-98.10674,19.41384],[-98.10611,19.4159],[-98.10613,19.41636],[-98.10665,19.4166],[-98.10803,19.41703],[-98.10797,19.41817],[-98.10759,19.4182],[-98.10638,19.41852],[-98.10465,19.41912],[-98.10402,19.41942],[-98.10317,19.4203],[-98.09941,19.42127],[-98.0985,19.42115],[-98.09722,19.42064],[-98.09725,19.42053],[-98.09708,19.42011],[-98.09693,19.42023],[-98.09618,19.42026],[-98.09538,19.41944],[-98.09416,19.41865],[-98.09408,19.41818],[-98.0942,19.4177],[-98.09405,19.41673],[-98.09427,19.41611],[-98.0943,19.41488],[-98.09411,19.41459],[-98.09362,19.41435],[-98.09326,19.41394],[-98.09211,19.41309],[-98.09207,19.41294],[-98.0909,19.41171],[-98.08986,19.41111],[-98.08922,19.4109],[-98.08816,19.41087],[-98.08757,19.411],[-98.08606,19.41152],[-98.08549,19.41183],[-98.0848,19.41117],[-98.08577,19.41007],[-98.08329,19.40347],[-98.08332,19.40342],[-98.08536,19.40375],[-98.0927,19.40561],[-98.10066,19.40738],[-98.10312,19.40822],[-98.10503,19.40875],[-98.10532,19.40864],[-98.10769,19.4096]]]}},{"type":"Feature","properties":{"seccion":607,"municipio":54,"distrito_local":3,"distrito_federal":1},"geometry":{"type":"Polygon","coordinates":[[[-97.92231,19.56285],[-97.9221,19.56315],[-97.92203,19.5636],[-97.92186,19.56389],[-97.92154,19.56559],[-97.92189,19.5663],[-97.92199,19.56688],[-97.92093,19.56811],[-97.92045,19.56898],[-97.92061,19.56981],[-97.92036,19.57109],[-97.92024,19.57158],[-97.91994,19.57212],[-97.92005,19.57249],[-97.91945,19.57394],[-97.91862,19.57472],[-97.91804,19.57501],[-97.91744,19.57566],[-97.91543,19.57726],[-97.91449,19.57796],[-97.91355,19.57849],[-97.91078,19.58049],[-97.91013,19.58082],[-97.90947,19.58164],[-97.90838,19.58038],[-97.90768,19.57975],[-97.90629,19.57875],[-97.90321,19.57798],[-97.90199,19.57798],[-97.901,19.57785],[-97.89832,19.57683],[-97.89751,19.57617],[-97.89636,19.57483],[-97.89572,19.57429],[-97.89462,19.57374],[-97.8941,19.57336],[-97.89299,19.57298],[-97.8906,19.57326],[-97.88979,19.57318],[-97.88886,19.57263],[-97.88799,19.5718],[-97.88607,19.57195],[-97.88525,19.57216],[-97.88385,19.57223],[-97.88275,19.57181],[-97.88136,19.57114],[-97.87991,19.57005],[-97.87927,19.56926],[-97.87887,19.56859],[-97.87824,19.56713],[-97.87732,19.56571],[-97.87599,19.56413],[-97.8753,19.56346],[-97.87443,19.56295],[-97.87367,19.56266],[-97.87309,19.56253],[-97.87199,19.56195],[-97.87106,19.56103],[-97.87025,19.55998],[-97.86945,19.5579],[-97.86882,19.55686],[-97.86859,19.55598],[-97.86851,19.55128],[-97.86864,19.55012],[-97.86911,19.54871],[-97.87018,19.54639],[-97.86902,19.54513],[-97.86872,19.5451],[-97.86874,19.54365],[-97.86886,19.54283],[-97.86993,19.54176],[-97.87058,19.54139],[-97.87527,19.54044],[-97.88217,19.53996],[-97.8841,19.54027],[-97.88579,19.54033],[-97.8876,19.54026],[-97.89245,19.54064],[-97.89402,19.54144],[-97.89565,19.54199],[-97.89728,19.542],[-97.89863,19.54222],[-97.90072,19.54282],[-97.90283,19.54218],[-97.90389,19.54223],[-97.90505,19.54282],[-97.90592,19.54291],[-97.90732,19.54346],[-97.9106,19.54266],[-97.91318,19.54244],[-97.91459,19.54179],[-97.91556,19.54395],[-97.91601,19.54478],[-97.91636,19.54503],[-97.91664,19.54578],[-97.9167,19.54636],[-97.91669,19.54694],[-97.91644,19.54769],[-97.91654,19.54918],[-97.91647,19.55032],[-97.91588,19.55092],[-97.91568,19.55124],[-97.91549,19.55172],[-97.91532,19.55251],[-97.91752,19.55308],[-97.91804,19.55303],[-97.91818,19.55359],[-97.91807,19.55414],[-97.91829,19.55482],[-97.91859,19.55494],[-97.91894,19.55539],[-97.91867,19.55573],[-97.91894,19.55625],[-97.91894,19.55661],[-97.91923,19.55655],[-97.9195,19.5566],[-97.91997,19.55698],[-97.92039,19.5575],[-97.92051,19.55754],[-97.92076,19.55704],[-97.92101,19.5569],[-97.9213,19.55644],[-97.92158,19.55644],[-97.92176,19.55654],[-97.92194,19.55675],[-97.92205,19.55735],[-97.92228,19.55761],[-97.92265,19.55788],[-97.9228,19.5582],[-97.92338,19.55875],[-97.92419,19.55935],[-97.92458,19.55987],[-97.92491,19.56006],[-97.92503,19.56026],[-97.92501,19.56066],[-97.92475,19.56082],[-97.92478,19.56096],[-97.924,19.56136],[-97.92363,19.56147],[-97.9233,19.56145],[-97.923,19.56141],[-97.9228,19.56129],[-97.92288,19.5616],[-97.92353,19.56217],[-97.92371,19.56256],[-97.92364,19.56277],[-97.92369,19.56286],[-97.92338,19.56293],[-97.92294,19.56267],[-97.92267,19.56297],[-97.92231,19.56285]]]}},{"type":"Feature","properties":{"seccion":608,"municipio":54,"distrito_local":3,"distrito_federal":1},"geometry":{"type":"Polygon","coordinates":[[[-97.96307,19.58673],[-97.96301,19.5864],[-97.9631,19.5848],[-97.96283,19.58455],[-97.96259,19.58473],[-97.96223,19.58484],[-97.96231,19.58417],[-97.96205,19.58391],[-97.96165,19.58377],[-97.96173,19.5833],[-97.96139,19.58293],[-97.96124,19.58306],[-97.96048,19.58254],[-97.95934,19.58209],[-97.95811,19.58145],[-97.95666,19.58125],[-97.95641,19.5806],[-97.95478,19.57969],[-97.95445,19.57928],[-97.95404,19.57912],[-97.95359,19.5788],[-97.95311,19.57779],[-97.95243,19.57752],[-97.9518,19.5774],[-97.9507,19.57695],[-97.95182,19.57622],[-97.95243,19.57448],[-97.95291,19.57472],[-97.9542,19.57514],[-97.95465,19.57536],[-97.95548,19.57608],[-97.95567,19.57645],[-97.95657,19.57671],[-97.95724,19.57646],[-97.95752,19.57656],[-97.95781,19.57736],[-97.95809,19.57781],[-97.95865,19.57779],[-97.95893,19.57786],[-97.9591,19.57818],[-97.95913,19.5785],[-97.95895,19.57906],[-97.95918,19.57924],[-97.96003,19.57935],[-97.9604,19.57968],[-97.96083,19.58035],[-97.96155,19.58073],[-97.96234,19.58056],[-97.96255,19.58076],[-97.96317,19.58047],[-97.9631,19.58172],[-97.96333,19.58217],[-97.96408,19.5828],[-97.96424,19.584],[-97.96465,19.58413],[-97.96493,19.58459],[-97.96307,19.58673]]]}},{"type":"Feature","properties":{"seccion":609,"municipio":26,"distrito_local":8,"distrito_federal":1},"geometry":{"type":"Polygon","coordinates":[[[-98.13057,19.39562],[-98.13255,19.40212],[-98.12502,19.40441],[-98.12496,19.40387],[-98.12476,19.40362],[-98.12395,19.40304],[-98.12318,19.40224],[-98.12273,19.40152],[-98.12259,19.40113],[-98.12219,19.39915],[-98.12218,19.3987],[-98.12202,19.39832],[-98.12186,19.3975],[-98.12203,19.39645],[-98.12332,19.39507],[-98.12389,19.39559],[-98.12425,19.39574],[-98.12451,19.39575],[-98.12471,19.39566],[-98.12528,19.39502],[-98.12582,19.39457],[-98.12993,19.39321],[-98.13071,19.39557],[-98.13057,19.39562]]]}},{"type":"Feature","properties":{"seccion":614,"municipio":38,"distrito_local":8,"distrito_federal":1},"geometry":{"type":"Polygon","coordinates":[[[-98.10536,19.3781],[-98.1049,19.3777],[-98.1047,19.3773],[-98.10403,19.37323],[-98.10404,19.37296],[-98.10494,19.37159],[-98.10515,19.37121],[-98.10517,19.37103],[-98.10495,19.37015],[-98.10517,19.36811],[-98.10513,19.36767],[-98.10457,19.36613],[-98.1038,19.36505],[-98.1038,19.36478],[-98.10398,19.36461],[-98.10415,19.36457],[-98.10415,19.36445],[-98.10623,19.36556],[-98.10889,19.36667],[-98.10926,19.36641],[-98.11063,19.36618],[-98.12304,19.36265],[-98.12338,19.36339],[-98.12385,19.36375],[-98.12439,19.36389],[-98.12515,19.36493],[-98.12584,19.36517],[-98.12616,19.36535],[-98.12638,19.36562],[-98.12753,19.36571],[-98.12813,19.36566],[-98.12886,19.36526],[-98.12892,19.36604],[-98.1286,19.36675],[-98.12821,19.3672],[-98.12791,19.36779],[-98.12787,19.36883],[-98.12798,19.36992],[-98.12834,19.37088],[-98.12874,19.37118],[-98.12974,19.37169],[-98.1301,19.37212],[-98.13012,19.37268],[-98.12876,19.37304],[-98.12827,19.37333],[-98.12742,19.37432],[-98.12741,19.37498],[-98.12753,19.37544],[-98.12849,19.37694],[-98.12846,19.37746],[-98.12766,19.3789],[-98.12688,19.37932],[-98.12669,19.37972],[-98.12671,19.38032],[-98.12685,19.38085],[-98.12674,19.38166],[-98.12627,19.38218],[-98.12591,19.38276],[-98.12589,19.38317],[-98.1261,19.38349],[-98.12628,19.38436],[-98.12632,19.38499],[-98.12614,19.38528],[-98.12564,19.3857],[-98.12154,19.38904],[-98.1176,19.39198],[-98.11575,19.39295],[-98.11324,19.39383],[-98.11315,19.39277],[-98.11337,19.39028],[-98.11333,19.38854],[-98.11327,19.38827],[-98.11281,19.38745],[-98.11272,19.38579],[-98.11208,19.38079],[-98.11197,19.38022],[-98.11176,19.37969],[-98.11122,19.37915],[-98.11067,19.37893],[-98.10536,19.3781]]]}},{"type":"Feature","properties":{"seccion":615,"municipio":38,"distrito_local":8,"distrito_federal":1},"geometry":{"type":"Polygon","coordinates":[[[-98.11324,19.39383],[-98.11332,19.39415],[-98.11631,19.39919],[-98.11651,19.39981],[-98.11707,19.40291],[-98.11712,19.40409],[-98.11728,19.40492],[-98.11754,19.40596],[-98.11848,19.40855],[-98.11863,19.40919],[-98.11884,19.4108],[-98.119,19.41089],[-98.11784,19.41155],[-98.11707,19.41179],[-98.1167,19.41179],[-98.11555,19.41157],[-98.1124,19.41025],[-98.11179,19.40981],[-98.11026,19.40914],[-98.10996,19.40896],[-98.1091,19.40804],[-98.10769,19.4096],[-98.10532,19.40864],[-98.10503,19.40875],[-98.10312,19.40822],[-98.10066,19.40738],[-98.09524,19.40621],[-98.09613,19.40618],[-98.09685,19.40582],[-98.09753,19.40527],[-98.09799,19.40477],[-98.10296,19.39831],[-98.10435,19.39712],[-98.1055,19.39652],[-98.11324,19.39383]]]}},{"type":"Feature","properties":{"seccion":616,"municipio":38,"distrito_local":8,"distrito_federal":1},"geometry":{"type":"Polygon","coordinates":[[[-98.08536,19.40375],[-98.08766,19.40388],[-98.0925,19.39988],[-98.09256,19.39544],[-98.0925,19.39447],[-98.09199,19.3907],[-98.09174,19.38825],[-98.09191,19.3864],[-98.09163,19.38434],[-98.09183,19.38426],[-98.09177,19.38317],[-98.09203,19.38276],[-98.09287,19.38208],[-98.09463,19.37994],[-98.09509,19.37978],[-98.09576,19.37975],[-98.09668,19.37885],[-98.09678,19.37852],[-98.09703,19.3783],[-98.09751,19.37807],[-98.09803,19.37749],[-98.09877,19.37698],[-98.09987,19.37557],[-98.10056,19.37428],[-98.10068,19.37273],[-98.10064,19.37173],[-98.10013,19.37103],[-98.09919,19.36945],[-98.09909,19.36905],[-98.09903,19.3676],[-98.09885,19.36699],[-98.09883,19.36628],[-98.09903,19.36542],[-98.09942,19.36498],[-98.10005,19.36467],[-98.10014,19.36446],[-98.10002,19.36405],[-98.10346,19.36408],[-98.10415,19.36445],[-98.10415,19.36457],[-98.10398,19.36461],[-98.1038,19.36478],[-98.1038,19.36505],[-98.10457,19.36613],[-98.10513,19.36767],[-98.10517,19.36811],[-98.10495,19.37015],[-98.10516,19.37085],[-98.10515,19.37121],[-98.10422,19.37265],[-98.10403,19.37309],[-98.10455,19.37655],[-98.10478,19.37751],[-98.1051,19.37791],[-98.1056,19.37817],[-98.11026,19.37886],[-98.11102,19.37905],[-98.11146,19.37933],[-98.1119,19.37999],[-98.11208,19.38079],[-98.11272,19.38579],[-98.11281,19.38745],[-98.11327,19.38827],[-98.11333,19.38854],[-98.11337,19.39028],[-98.11315,19.39277],[-98.11324,19.39383],[-98.1055,19.39652],[-98.10435,19.39712],[-98.10296,19.39831],[-98.09799,19.40477],[-98.09753,19.40527],[-98.09685,19.40582],[-98.09613,19.40618],[-98.09524,19.40621],[-98.08536,19.40375]]]}},{"type":"Feature","properties":{"seccion":620,"municipio":31,"distrito_local":3,"distrito_federal":1},"geometry":{"type":"Polygon","coordinates":[[[-98.13657,19.45818],[-98.13873,19.46044],[-98.13918,19.46076],[-98.14101,19.4634],[-98.14169,19.46388],[-98.13684,19.4686],[-98.13578,19.46759],[-98.13427,19.46919],[-98.13408,19.46928],[-98.13357,19.46917],[-98.13339,19.46921],[-98.13267,19.46976],[-98.1324,19.46984],[-98.13118,19.46976],[-98.13039,19.47007],[-98.13003,19.4706],[-98.12979,19.47118],[-98.12682,19.46953],[-98.12657,19.46962],[-98.12633,19.46999],[-98.12546,19.47002],[-98.12411,19.46982],[-98.12314,19.4699],[-98.12225,19.46983],[-98.12222,19.46933],[-98.12083,19.46828],[-98.1199,19.4681],[-98.11913,19.46781],[-98.11972,19.46739],[-98.11963,19.4665],[-98.11841,19.46441],[-98.11752,19.46335],[-98.11746,19.46308],[-98.11751,19.46265],[-98.11766,19.46245],[-98.11755,19.46182],[-98.11737,19.46155],[-98.11749,19.46131],[-98.11729,19.46118],[-98.11671,19.46049],[-98.11994,19.45664],[-98.12061,19.45614],[-98.12132,19.4558],[-98.12376,19.45423],[-98.12603,19.452],[-98.12669,19.45093],[-98.12817,19.44732],[-98.12852,19.44611],[-98.12892,19.44319],[-98.12932,19.44179],[-98.13513,19.42958],[-98.13623,19.42775],[-98.13637,19.42729],[-98.13821,19.42435],[-98.13873,19.42467],[-98.13925,19.42474],[-98.13969,19.42517],[-98.14083,19.42519],[-98.14086,19.42568],[-98.1426,19.4262],[-98.14316,19.42566],[-98.14356,19.426],[-98.14381,19.42583],[-98.14448,19.42661],[-98.14528,19.42842],[-98.14579,19.42883],[-98.14589,19.42923],[-98.1461,19.42943],[-98.14649,19.43014],[-98.14663,19.43083],[-98.1469,19.43147],[-98.14742,19.43239],[-98.14754,19.43279],[-98.14735,19.43328],[-98.1471,19.43357],[-98.14566,19.43451],[-98.14256,19.43691],[-98.14168,19.43777],[-98.14072,19.43889],[-98.1399,19.43955],[-98.1392,19.44007],[-98.13869,19.44009],[-98.13841,19.43992],[-98.13685,19.4411],[-98.13839,19.44288],[-98.13892,19.44331],[-98.14106,19.44392],[-98.14816,19.44319],[-98.14746,19.44393],[-98.14713,19.4447],[-98.14605,19.44534],[-98.14394,19.44737],[-98.1438,19.44807],[-98.14256,19.44956],[-98.14194,19.45072],[-98.14024,19.45214],[-98.13805,19.45469],[-98.13798,19.45571],[-98.13719,19.45766],[-98.13657,19.45818]]]}},{"type":"Feature","properties":{"seccion":621,"municipio":31,"distrito_local":3,"distrito_federal":1},"geometry":{"type":"Polygon","coordinates":[[[-98.11674,19.43738],[-98.11703,19.43739],[-98.11748,19.43723],[-98.11789,19.43697],[-98.12002,19.43523],[-98.12355,19.43214],[-98.12968,19.42633],[-98.13224,19.4233],[-98.13264,19.42359],[-98.13637,19.42729],[-98.13623,19.42775],[-98.13513,19.42958],[-98.12932,19.44179],[-98.12892,19.44319],[-98.12852,19.44611],[-98.12817,19.44732],[-98.12669,19.45093],[-98.12603,19.452],[-98.12376,19.45423],[-98.12132,19.4558],[-98.12061,19.45614],[-98.11994,19.45664],[-98.11697,19.46016],[-98.11282,19.46028],[-98.11261,19.45951],[-98.11243,19.4578],[-98.11215,19.45693],[-98.11143,19.45727],[-98.11073,19.45727],[-98.11035,19.45704],[-98.10998,19.45668],[-98.10964,19.4561],[-98.11143,19.45557],[-98.11279,19.45529],[-98.11441,19.45575],[-98.11486,19.45484],[-98.1152,19.45436],[-98.11576,19.45388],[-98.11636,19.45366],[-98.11648,19.45354],[-98.11661,19.45307],[-98.11657,19.45279],[-98.11569,19.45002],[-98.11506,19.44738],[-98.11488,19.44674],[-98.11461,19.44626],[-98.11449,19.44563],[-98.11459,19.44516],[-98.11461,19.44384],[-98.11489,19.44196],[-98.1155,19.43992],[-98.11549,19.43968],[-98.11621,19.43836],[-98.11672,19.43787],[-98.11661,19.43753],[-98.11674,19.43738]]]}},{"type":"Feature","properties":{"seccion":634,"municipio":3,"distrito_local":4,"distrito_federal":1},"geometry":{"type":"Polygon","coordinates":[[[-98.14138,19.3992],[-98.14103,19.39931],[-98.1411,19.39973],[-98.13854,19.4005],[-98.13877,19.40145],[-98.1372,19.40095],[-98.13698,19.40283],[-98.13312,19.40386],[-98.13195,19.40014],[-98.14073,19.39746],[-98.14138,19.3992]]]}},{"type":"Feature","properties":{"seccion":1,"municipio":1,"distrito_local":5,"distrito_federal":2},"geometry":{"type":"Polygon","coordinates":[[[-98.19201,19.36386],[-98.19032,19.3642],[-98.18754,19.36522],[-98.18646,19.36488],[-98.18422,19.36568],[-98.18398,19.36564],[-98.18399,19.36537],[-98.18345,19.3647],[-98.18327,19.36412],[-98.18284,19.36354],[-98.18242,19.36391],[-98.18187,19.36423],[-98.18037,19.36469],[-98.17976,19.36471],[-98.17899,19.36436],[-98.17871,19.36437],[-98.17827,19.36457],[-98.17808,19.36482],[-98.17762,19.36467],[-98.17763,19.36448],[-98.1757,19.36469],[-98.17534,19.36497],[-98.17272,19.36611],[-98.17239,19.36638],[-98.17138,19.36684],[-98.17047,19.36709],[-98.16971,19.36766],[-98.16837,19.36994],[-98.16782,19.3711],[-98.163,19.37015],[-98.162,19.37022],[-98.1614,19.37039],[-98.16141,19.37024],[-98.16181,19.36999],[-98.16267,19.36962],[-98.16331,19.36825],[-98.16371,19.36676],[-98.16453,19.36631],[-98.16506,19.3659],[-98.16566,19.36576],[-98.16629,19.36548],[-98.1667,19.3648],[-98.16718,19.36334],[-98.16742,19.36196],[-98.16774,19.36128],[-98.16778,19.36043],[-98.16817,19.3594],[-98.16871,19.35845],[-98.16905,19.35755],[-98.16907,19.35717],[-98.16884,19.35616],[-98.16883,19.35573],[-98.16893,19.35538],[-98.16982,19.35515],[-98.16989,19.35506],[-98.16991,19.35462],[-98.17063,19.35517],[-98.17283,19.35747],[-98.17327,19.35721],[-98.17355,19.35736],[-98.17382,19.35839],[-98.17532,19.35775],[-98.17738,19.3586],[-98.17873,19.35942],[-98.17984,19.35992],[-98.18098,19.36068],[-98.18125,19.36099],[-98.18182,19.36031],[-98.18261,19.35972],[-98.19201,19.36386]]]}},{"type":"Feature","properties":{"seccion":2,"municipio":1,"distrito_local":5,"distrito_federal":2},"geometry":{"type":"Polygon","coordinates":[[[-98.16201,19.3676],[-98.15945,19.36706],[-98.1594,19.36693],[-98.15664,19.36529],[-98.15527,19.36666],[-98.15389,19.36605],[-98.15627,19.3634],[-98.15642,19.36313],[-98.15632,19.36118],[-98.15682,19.36032],[-98.15711,19.35953],[-98.1573,19.35802],[-98.15749,19.35795],[-98.15924,19.35852],[-98.1611,19.35852],[-98.16081,19.35711],[-98.1608,19.35618],[-98.15995,19.35583],[-98.15939,19.35505],[-98.15889,19.35481],[-98.1586,19.35455],[-98.15844,19.35397],[-98.15835,19.35319],[-98.15867,19.35226],[-98.15839,19.35165],[-98.15739,19.35085],[-98.15702,19.35037],[-98.15652,19.34941],[-98.15601,19.34881],[-98.15537,19.34825],[-98.155,19.34774],[-98.15451,19.34733],[-98.15414,19.34677],[-98.15226,19.34494],[-98.15202,19.34447],[-98.15282,19.34421],[-98.15406,19.34249],[-98.15449,19.34221],[-98.1552,19.34191],[-98.15409,19.3413],[-98.15534,19.33917],[-98.15533,19.33904],[-98.15569,19.33937],[-98.15633,19.33949],[-98.15661,19.33968],[-98.15703,19.33969],[-98.15763,19.33993],[-98.15783,19.33988],[-98.15823,19.34014],[-98.15854,19.34002],[-98.15879,19.34001],[-98.15906,19.34015],[-98.15923,19.33999],[-98.15966,19.33992],[-98.15984,19.33975],[-98.15999,19.33979],[-98.1605,19.33953],[-98.16075,19.33951],[-98.16127,19.33874],[-98.16155,19.33893],[-98.16183,19.33935],[-98.16241,19.33964],[-98.163,19.33957],[-98.16372,19.33977],[-98.16505,19.33973],[-98.16575,19.33998],[-98.16681,19.3401],[-98.16585,19.34144],[-98.16447,19.34399],[-98.1638,19.34503],[-98.1677,19.34791],[-98.16923,19.34916],[-98.16874,19.34967],[-98.16931,19.35015],[-98.16785,19.35163],[-98.16857,19.3524],[-98.16879,19.35297],[-98.16919,19.3531],[-98.16984,19.35352],[-98.17013,19.35358],[-98.16989,19.35506],[-98.16973,19.3552],[-98.16893,19.35538],[-98.16883,19.35573],[-98.16884,19.35616],[-98.16907,19.35717],[-98.16905,19.35755],[-98.16871,19.35845],[-98.16817,19.3594],[-98.16778,19.36043],[-98.16774,19.36128],[-98.16742,19.36196],[-98.16718,19.36334],[-98.1667,19.3648],[-98.16629,19.36548],[-98.16566,19.36576],[-98.16506,19.3659],[-98.16453,19.36631],[-98.16371,19.36676],[-98.1633,19.36713],[-98.16201,19.3676]]]}},{"type":"Feature","properties":{"seccion":174,"municipio":12,"distrito_local":6,"distrito_federal":2},"geometry":{"type":"Polygon","coordinates":[[[-98.39742,19.42797],[-98.39695,19.42743],[-98.39579,19.42715],[-98.3934,19.42605],[-98.39287,19.42559],[-98.39229,19.42535],[-98.39194,19.42481],[-98.39147,19.42436],[-98.39118,19.42394],[-98.39053,19.4225],[-98.38989,19.42188],[-98.38959,19.42142],[-98.38959,19.42072],[-98.38941,19.42022],[-98.38912,19.4201],[-98.38842,19.42002],[-98.38845,19.41874],[-98.38877,19.41878],[-98.38976,19.4186],[-98.39132,19.41784],[-98.39161,19.41739],[-98.39213,19.4168],[-98.39434,19.41616],[-98.39568,19.41537],[-98.39608,19.41495],[-98.39713,19.41473],[-98.39777,19.41435],[-98.39858,19.41418],[-98.3994,19.41443],[-98.4008,19.41504],[-98.40225,19.41511],[-98.40272,19.4149],[-98.40398,19.41457],[-98.40389,19.41416],[-98.40598,19.415],[-98.40712,19.41578],[-98.40908,19.41588],[-98.41,19.417],[-98.41117,19.4172],[-98.41307,19.41717],[-98.41437,19.41726],[-98.41449,19.41826],[-98.414,19.41818],[-98.41188,19.42019],[-98.41089,19.41994],[-98.41019,19.41966],[-98.41008,19.41995],[-98.40973,19.42008],[-98.40967,19.42045],[-98.4095,19.4207],[-98.40921,19.4207],[-98.40857,19.42112],[-98.40764,19.42196],[-98.40706,19.42221],[-98.40613,19.42247],[-98.40567,19.42293],[-98.4048,19.4236],[-98.40416,19.42394],[-98.40264,19.42399],[-98.39742,19.42797]]]}},{"type":"Feature","properties":{"seccion":3,"municipio":1,"distrito_local":5,"distrito_federal":2},"geometry":{"type":"Polygon","coordinates":[[[-98.2001,19.36743],[-98.18261,19.35972],[-98.18182,19.36031],[-98.18125,19.36099],[-98.18098,19.36068],[-98.17984,19.35992],[-98.17873,19.35942],[-98.17738,19.3586],[-98.17532,19.35775],[-98.17382,19.35839],[-98.17355,19.35736],[-98.17327,19.35721],[-98.17283,19.35747],[-98.17063,19.35517],[-98.16991,19.35462],[-98.17013,19.35358],[-98.16984,19.35352],[-98.16919,19.3531],[-98.16879,19.35297],[-98.16857,19.3524],[-98.16785,19.35163],[-98.16931,19.35015],[-98.16874,19.34967],[-98.16923,19.34916],[-98.1677,19.34791],[-98.1638,19.34503],[-98.16447,19.34399],[-98.16585,19.34144],[-98.16681,19.3401],[-98.16765,19.34034],[-98.16922,19.34038],[-98.16972,19.34057],[-98.17142,19.3385],[-98.17217,19.33896],[-98.17243,19.33932],[-98.17291,19.3397],[-98.17367,19.34056],[-98.17419,19.34076],[-98.1745,19.34108],[-98.17476,19.34118],[-98.17515,19.34154],[-98.1763,19.342],[-98.17687,19.34211],[-98.17769,19.34256],[-98.17857,19.34289],[-98.17899,19.34255],[-98.17892,19.34278],[-98.17898,19.34293],[-98.1797,19.34364],[-98.17919,19.34359],[-98.17875,19.34366],[-98.17776,19.3441],[-98.17743,19.34441],[-98.17714,19.34568],[-98.17733,19.34627],[-98.17764,19.34668],[-98.17805,19.34755],[-98.17888,19.3498],[-98.17854,19.35023],[-98.1766,19.35151],[-98.17655,19.35178],[-98.17669,19.3521],[-98.17671,19.35303],[-98.17687,19.35317],[-98.1775,19.35331],[-98.17757,19.35348],[-98.17757,19.35468],[-98.17802,19.35522],[-98.17845,19.35568],[-98.18135,19.35705],[-98.1831,19.35768],[-98.1853,19.3581],[-98.18633,19.3585],[-98.18668,19.35876],[-98.18711,19.35893],[-98.18633,19.36032],[-98.18859,19.36118],[-98.19063,19.36169],[-98.19191,19.3622],[-98.1922,19.36224],[-98.19272,19.3625],[-98.19359,19.36312],[-98.19533,19.36417],[-98.19713,19.36489],[-98.19946,19.36536],[-98.20115,19.36591],[-98.20319,19.36626],[-98.2001,19.36743]]]}},{"type":"Feature","properties":{"seccion":4,"municipio":1,"distrito_local":5,"distrito_federal":2},"geometry":{"type":"Polygon","coordinates":[[[-98.22532,19.37954],[-98.22208,19.37831],[-98.21867,19.37724],[-98.21933,19.37626],[-98.2189,19.37671],[-98.21858,19.37721],[-98.21222,19.37518],[-98.21145,19.3759],[-98.20702,19.37444],[-98.2033,19.37127],[-98.2001,19.36743],[-98.20319,19.36626],[-98.20494,19.36652],[-98.20692,19.36699],[-98.20773,19.36733],[-98.2082,19.36783],[-98.20919,19.368],[-98.21041,19.36838],[-98.21076,19.36851],[-98.21175,19.3691],[-98.2125,19.36935],[-98.21454,19.36974],[-98.21506,19.36995],[-98.2164,19.37029],[-98.2173,19.37045],[-98.21787,19.37014],[-98.21875,19.36981],[-98.21882,19.37055],[-98.21905,19.37076],[-98.22887,19.37601],[-98.22532,19.37954]]]}},{"type":"Feature","properties":{"seccion":5,"municipio":2,"distrito_local":5,"distrito_federal":2},"geometry":{"type":"Polygon","coordinates":[[[-98.20034,19.34161],[-98.20003,19.34144],[-98.19857,19.34015],[-98.19937,19.33828],[-98.19947,19.33761],[-98.1994,19.33726],[-98.19897,19.33651],[-98.19729,19.33439],[-98.19714,19.3337],[-98.19723,19.33312],[-98.19736,19.33288],[-98.1998,19.32956],[-98.2001,19.32899],[-98.20154,19.32874],[-98.20283,19.3289],[-98.20748,19.32861],[-98.21077,19.32864],[-98.21068,19.32967],[-98.21157,19.32938],[-98.21338,19.33057],[-98.21327,19.33192],[-98.21382,19.33244],[-98.21366,19.33286],[-98.21199,19.33338],[-98.20856,19.33469],[-98.20467,19.33647],[-98.20347,19.33778],[-98.20106,19.34117],[-98.20065,19.34158],[-98.20034,19.34161]]]}},{"type":"Feature","properties":{"seccion":8,"municipio":2,"distrito_local":5,"distrito_federal":2},"geometry":{"type":"Polygon","coordinates":[[[-98.19186,19.33514],[-98.19121,19.33397],[-98.19122,19.33381],[-98.19099,19.3337],[-98.19015,19.33276],[-98.18925,19.33223],[-98.18828,19.33132],[-98.18787,19.33105],[-98.18619,19.32917],[-98.18643,19.32874],[-98.18716,19.3263],[-98.18932,19.32726],[-98.19075,19.32395],[-98.19405,19.32562],[-98.19405,19.32542],[-98.19517,19.32594],[-98.19512,19.32603],[-98.19608,19.32648],[-98.20035,19.32612],[-98.2001,19.32899],[-98.1998,19.32956],[-98.19735,19.3329],[-98.19718,19.33335],[-98.19719,19.33413],[-98.1964,19.33446],[-98.19533,19.33371],[-98.19459,19.33473],[-98.1936,19.33468],[-98.19331,19.33479],[-98.19312,19.33442],[-98.19279,19.33421],[-98.19338,19.33329],[-98.19272,19.33308],[-98.19332,19.33219],[-98.19274,19.33189],[-98.19222,19.3328],[-98.19267,19.33313],[-98.19233,19.33366],[-98.19204,19.33335],[-98.19185,19.33328],[-98.19202,19.33393],[-98.19294,19.33454],[-98.19289,19.33462],[-98.1931,19.33486],[-98.19186,19.33514]]]}},{"type":"Feature","properties":{"seccion":9,"municipio":2,"distrito_local":5,"distrito_federal":2},"geometry":{"type":"Polygon","coordinates":[[[-98.21875,19.36981],[-98.21787,19.37014],[-98.2173,19.37045],[-98.2164,19.37029],[-98.21506,19.36995],[-98.21454,19.36974],[-98.2125,19.36935],[-98.21175,19.3691],[-98.21076,19.36851],[-98.21041,19.36838],[-98.20919,19.368],[-98.2082,19.36783],[-98.20773,19.36733],[-98.20692,19.36699],[-98.20494,19.36652],[-98.20115,19.36591],[-98.19946,19.36536],[-98.19713,19.36489],[-98.19533,19.36417],[-98.19359,19.36312],[-98.19272,19.3625],[-98.1922,19.36224],[-98.19191,19.3622],[-98.19063,19.36169],[-98.18859,19.36118],[-98.18633,19.36032],[-98.18711,19.35893],[-98.18721,19.35889],[-98.18832,19.35919],[-98.18925,19.35924],[-98.1896,19.35899],[-98.18984,19.35837],[-98.19003,19.35721],[-98.18984,19.35633],[-98.19005,19.3541],[-98.19055,19.35271],[-98.19152,19.3532],[-98.19157,19.35275],[-98.19242,19.35086],[-98.1928,19.34946],[-98.19298,19.34916],[-98.19385,19.34848],[-98.19573,19.34752],[-98.19632,19.34668],[-98.19749,19.34601],[-98.1978,19.34565],[-98.19796,19.3446],[-98.19433,19.34306],[-98.19555,19.34145],[-98.19553,19.34129],[-98.19587,19.34032],[-98.19442,19.33873],[-98.19543,19.33882],[-98.19671,19.33912],[-98.19764,19.33947],[-98.19832,19.33986],[-98.19857,19.34015],[-98.19806,19.34133],[-98.19799,19.34193],[-98.19807,19.34248],[-98.19846,19.34336],[-98.19869,19.34355],[-98.19909,19.34372],[-98.19949,19.34365],[-98.19974,19.3435],[-98.19987,19.34376],[-98.19992,19.34474],[-98.20026,19.34497],[-98.2004,19.34553],[-98.20111,19.3462],[-98.2018,19.34726],[-98.20258,19.34769],[-98.20308,19.34859],[-98.20338,19.35126],[-98.20377,19.35311],[-98.20462,19.35508],[-98.20432,19.3571],[-98.20618,19.36019],[-98.20658,19.36048],[-98.20704,19.36132],[-98.20749,19.36159],[-98.20837,19.36273],[-98.20999,19.36411],[-98.21034,19.36432],[-98.21282,19.3667],[-98.21369,19.36733],[-98.21427,19.36758],[-98.21474,19.36759],[-98.21599,19.36738],[-98.21732,19.36649],[-98.21748,19.36765],[-98.218,19.36881],[-98.21911,19.36929],[-98.21875,19.36981]]]}},{"type":"Feature","properties":{"seccion":347,"municipio":24,"distrito_local":5,"distrito_federal":2},"geometry":{"type":"Polygon","coordinates":[[[-98.30467,19.3243],[-98.3035,19.32291],[-98.30298,19.32196],[-98.30302,19.32155],[-98.30375,19.32115],[-98.30475,19.3204],[-98.30479,19.32016],[-98.30423,19.32023],[-98.30359,19.32073],[-98.30325,19.32087],[-98.30178,19.32119],[-98.30187,19.32054],[-98.30177,19.31972],[-98.30129,19.31919],[-98.3005,19.31876],[-98.30023,19.31833],[-98.3003,19.31747],[-98.29979,19.31603],[-98.29905,19.31463],[-98.29902,19.31409],[-98.29931,19.31334],[-98.30011,19.31227],[-98.30043,19.31162],[-98.30072,19.31002],[-98.301,19.30997],[-98.305,19.31225],[-98.30548,19.31199],[-98.30886,19.30953],[-98.31526,19.31085],[-98.31592,19.31391],[-98.31442,19.31677],[-98.31145,19.32301],[-98.31211,19.32343],[-98.31155,19.32465],[-98.31069,19.32457],[-98.309,19.3246],[-98.3053,19.32402],[-98.30489,19.32376],[-98.30467,19.3243]]]}},{"type":"Feature","properties":{"seccion":10,"municipio":2,"distrito_local":5,"distrito_federal":2},"geometry":{"type":"Polygon","coordinates":[[[-98.18925,19.35924],[-98.18832,19.35919],[-98.18721,19.35889],[-98.18711,19.35893],[-98.18668,19.35876],[-98.18633,19.3585],[-98.1853,19.3581],[-98.1831,19.35768],[-98.18135,19.35705],[-98.17845,19.35568],[-98.17757,19.35468],[-98.17757,19.35348],[-98.1775,19.35331],[-98.17687,19.35317],[-98.17671,19.35303],[-98.17669,19.3521],[-98.17655,19.35178],[-98.1766,19.35151],[-98.17854,19.35023],[-98.17888,19.3498],[-98.17805,19.34755],[-98.17764,19.34668],[-98.17733,19.34627],[-98.17714,19.34568],[-98.17743,19.34441],[-98.17776,19.3441],[-98.17875,19.34366],[-98.17919,19.34359],[-98.1797,19.34364],[-98.17898,19.34293],[-98.17892,19.34278],[-98.17899,19.34255],[-98.17883,19.34201],[-98.17902,19.34183],[-98.17888,19.34159],[-98.17943,19.34038],[-98.17991,19.33978],[-98.18026,19.33956],[-98.18171,19.33769],[-98.1851,19.33894],[-98.18491,19.33935],[-98.18608,19.34174],[-98.18762,19.34129],[-98.18861,19.34091],[-98.18947,19.34074],[-98.19109,19.34063],[-98.19181,19.3404],[-98.19364,19.33897],[-98.19428,19.33872],[-98.19442,19.33873],[-98.19587,19.34032],[-98.19553,19.34129],[-98.19555,19.34145],[-98.19433,19.34306],[-98.19796,19.3446],[-98.1978,19.34565],[-98.19749,19.34601],[-98.19632,19.34668],[-98.19573,19.34752],[-98.19385,19.34848],[-98.19298,19.34916],[-98.1928,19.34946],[-98.19242,19.35086],[-98.19157,19.35275],[-98.19152,19.3532],[-98.19055,19.35271],[-98.19005,19.3541],[-98.18984,19.35633],[-98.19003,19.35721],[-98.18984,19.35837],[-98.1896,19.35899],[-98.18925,19.35924]]]}},{"type":"Feature","properties":{"seccion":11,"municipio":2,"distrito_local":5,"distrito_federal":2},"geometry":{"type":"Polygon","coordinates":[[[-98.18608,19.34174],[-98.18491,19.33935],[-98.1851,19.33894],[-98.18376,19.33842],[-98.18563,19.33634],[-98.18702,19.33513],[-98.18737,19.33493],[-98.18802,19.33392],[-98.18814,19.3332],[-98.18841,19.33287],[-98.18908,19.33267],[-98.18944,19.33232],[-98.19015,19.33276],[-98.19099,19.3337],[-98.19122,19.33381],[-98.19121,19.33397],[-98.19186,19.33514],[-98.19197,19.33512],[-98.1924,19.33554],[-98.19314,19.33567],[-98.19323,19.33586],[-98.19285,19.3365],[-98.19292,19.33677],[-98.19329,19.33714],[-98.1934,19.33775],[-98.19337,19.33832],[-98.19344,19.33862],[-98.19364,19.33897],[-98.19181,19.3404],[-98.19109,19.34063],[-98.18947,19.34074],[-98.18861,19.34091],[-98.18762,19.34129],[-98.18608,19.34174]]]}},{"type":"Feature","properties":{"seccion":38,"municipio":3,"distrito_local":2,"distrito_federal":2},"geometry":{"type":"Polygon","coordinates":[[[-98.1788,19.45144],[-98.17885,19.4574],[-98.17876,19.4601],[-98.17823,19.46076],[-98.17874,19.46193],[-98.17848,19.46458],[-98.17812,19.46544],[-98.17799,19.46689],[-98.17768,19.46834],[-98.17824,19.47067],[-98.17831,19.47377],[-98.17656,19.47363],[-98.1754,19.47271],[-98.17401,19.47195],[-98.17267,19.47107],[-98.17151,19.47069],[-98.16929,19.47137],[-98.16888,19.47182],[-98.16783,19.4721],[-98.16625,19.47217],[-98.16421,19.47261],[-98.16267,19.47528],[-98.1622,19.47656],[-98.16161,19.4773],[-98.16008,19.47957],[-98.15896,19.48014],[-98.15815,19.47988],[-98.15699,19.47925],[-98.15579,19.47561],[-98.1543,19.46447],[-98.15435,19.46408],[-98.15423,19.46374],[-98.15492,19.46278],[-98.15532,19.46238],[-98.15568,19.46216],[-98.15448,19.45906],[-98.15398,19.45809],[-98.15375,19.4578],[-98.1539,19.45702],[-98.15275,19.45657],[-98.15233,19.45944],[-98.14753,19.4568],[-98.14783,19.45215],[-98.14838,19.45121],[-98.14953,19.44953],[-98.14644,19.44883],[-98.1472,19.44705],[-98.14723,19.44496],[-98.14713,19.4447],[-98.14746,19.44393],[-98.14862,19.44279],[-98.1494,19.44154],[-98.1496,19.44095],[-98.14957,19.44069],[-98.14933,19.44039],[-98.14879,19.43999],[-98.1486,19.43944],[-98.14883,19.43767],[-98.14856,19.43677],[-98.14828,19.43624],[-98.14855,19.43592],[-98.14938,19.43572],[-98.14977,19.43635],[-98.14995,19.43648],[-98.15039,19.43647],[-98.15063,19.43654],[-98.15116,19.43724],[-98.15142,19.43743],[-98.15173,19.43749],[-98.15203,19.43846],[-98.15314,19.43988],[-98.15353,19.44027],[-98.15436,19.44133],[-98.15587,19.44239],[-98.15606,19.4426],[-98.15639,19.44325],[-98.15667,19.44338],[-98.15963,19.44316],[-98.16124,19.44323],[-98.1619,19.44183],[-98.1632,19.44051],[-98.17012,19.43824],[-98.17098,19.43945],[-98.17208,19.4405],[-98.17336,19.4415],[-98.17833,19.43503],[-98.17914,19.4362],[-98.1796,19.43711],[-98.17921,19.44067],[-98.17846,19.44456],[-98.1788,19.45144]]]}},{"type":"Feature","properties":{"seccion":78,"municipio":6,"distrito_local":1,"distrito_federal":2},"geometry":{"type":"Polygon","coordinates":[[[-98.5925,19.59368],[-98.59193,19.59483],[-98.59084,19.5945],[-98.5886,19.5942],[-98.58855,19.59445],[-98.58707,19.59775],[-98.58597,19.59763],[-98.58514,19.59936],[-98.5866,19.6015],[-98.58458,19.60528],[-98.58233,19.60974],[-98.58041,19.60915],[-98.57909,19.60861],[-98.57899,19.60872],[-98.57905,19.60921],[-98.57931,19.6097],[-98.57952,19.60986],[-98.57952,19.6102],[-98.5799,19.61069],[-98.57995,19.61086],[-98.57977,19.61126],[-98.57981,19.61137],[-98.58037,19.61249],[-98.58046,19.61295],[-98.58113,19.61431],[-98.58113,19.61508],[-98.58093,19.61546],[-98.58129,19.61607],[-98.58158,19.61682],[-98.57693,19.61629],[-98.57681,19.61597],[-98.5691,19.61587],[-98.5687,19.6171],[-98.56465,19.6161],[-98.56352,19.62916],[-98.56152,19.63666],[-98.5613,19.63704],[-98.55012,19.63983],[-98.55001,19.63874],[-98.54966,19.63724],[-98.55015,19.62442],[-98.55014,19.62345],[-98.54985,19.62253],[-98.54988,19.62236],[-98.55061,19.62173],[-98.5508,19.62135],[-98.55072,19.62091],[-98.55029,19.6205],[-98.5504,19.61867],[-98.55087,19.61816],[-98.55277,19.6166],[-98.55352,19.61585],[-98.56118,19.60765],[-98.56062,19.60737],[-98.55979,19.60718],[-98.55992,19.6045],[-98.56008,19.60451],[-98.56034,19.60425],[-98.56049,19.60362],[-98.56156,19.60272],[-98.56229,19.60271],[-98.56275,19.60248],[-98.56296,19.60257],[-98.56328,19.60218],[-98.56358,19.60164],[-98.56402,19.60137],[-98.56445,19.60076],[-98.56441,19.60061],[-98.56408,19.60026],[-98.56414,19.60015],[-98.56453,19.60012],[-98.56466,19.5999],[-98.56503,19.59971],[-98.56509,19.5996],[-98.56495,19.5991],[-98.5663,19.59829],[-98.56667,19.59797],[-98.56773,19.59694],[-98.56815,19.5964],[-98.56834,19.59595],[-98.5688,19.59545],[-98.56969,19.59419],[-98.56987,19.59411],[-98.57113,19.59273],[-98.57173,19.5926],[-98.57188,19.59241],[-98.58276,19.593],[-98.5925,19.59368]]]}},{"type":"Feature","properties":{"seccion":79,"municipio":6,"distrito_local":1,"distrito_federal":2},"geometry":{"type":"Polygon","coordinates":[[[-98.57288,19.58887],[-98.57648,19.58895],[-98.57644,19.58982],[-98.57615,19.59116],[-98.57525,19.59261],[-98.57188,19.59241],[-98.57173,19.5926],[-98.57113,19.59273],[-98.56987,19.59411],[-98.56969,19.59419],[-98.5688,19.59545],[-98.56834,19.59595],[-98.56815,19.5964],[-98.56773,19.59694],[-98.5663,19.59829],[-98.56495,19.5991],[-98.56509,19.5996],[-98.56503,19.59971],[-98.56466,19.5999],[-98.56453,19.60012],[-98.56414,19.60015],[-98.56408,19.60026],[-98.56441,19.60061],[-98.56445,19.60076],[-98.56402,19.60137],[-98.56358,19.60164],[-98.56328,19.60218],[-98.56296,19.60257],[-98.56275,19.60248],[-98.56229,19.60271],[-98.56156,19.60272],[-98.56049,19.60362],[-98.56034,19.60425],[-98.56008,19.60451],[-98.55992,19.6045],[-98.55979,19.60718],[-98.56062,19.60737],[-98.56118,19.60765],[-98.55352,19.61585],[-98.55277,19.6166],[-98.55087,19.61816],[-98.5504,19.61867],[-98.55029,19.6205],[-98.55072,19.62091],[-98.5508,19.62135],[-98.55061,19.62173],[-98.54988,19.62236],[-98.54985,19.62253],[-98.55014,19.62345],[-98.55015,19.62442],[-98.54966,19.63724],[-98.55001,19.63874],[-98.55012,19.63983],[-98.54081,19.6421],[-98.52977,19.62664],[-98.53059,19.62605],[-98.53186,19.62564],[-98.53437,19.62516],[-98.53545,19.62466],[-98.53558,19.6245],[-98.53593,19.62367],[-98.53648,19.62283],[-98.53718,19.62255],[-98.53746,19.62236],[-98.53788,19.62178],[-98.53875,19.62091],[-98.53922,19.61995],[-98.53991,19.61904],[-98.53995,19.61879],[-98.54031,19.61836],[-98.54062,19.61775],[-98.54171,19.61666],[-98.54197,19.61662],[-98.54267,19.61615],[-98.54278,19.61586],[-98.54274,19.61567],[-98.54315,19.61544],[-98.54289,19.61441],[-98.54306,19.61397],[-98.54472,19.61315],[-98.54479,19.61303],[-98.54508,19.61286],[-98.54592,19.61253],[-98.54677,19.612],[-98.54751,19.6122],[-98.5479,19.61218],[-98.54807,19.61237],[-98.54861,19.61224],[-98.54874,19.61209],[-98.54937,19.61214],[-98.55022,19.61135],[-98.55057,19.61166],[-98.55084,19.61167],[-98.55133,19.61148],[-98.55149,19.61123],[-98.55234,19.61111],[-98.55273,19.61094],[-98.55295,19.61074],[-98.55341,19.61068],[-98.55375,19.61045],[-98.55455,19.60936],[-98.55467,19.60899],[-98.55459,19.60871],[-98.55467,19.60848],[-98.55539,19.60814],[-98.55577,19.60782],[-98.5559,19.60759],[-98.55603,19.6077],[-98.55634,19.60778],[-98.55662,19.60778],[-98.557,19.6076],[-98.55736,19.6076],[-98.55745,19.60767],[-98.55813,19.60632],[-98.55779,19.60531],[-98.55848,19.60489],[-98.55857,19.6047],[-98.56011,19.60344],[-98.5603,19.60298],[-98.56059,19.60277],[-98.56172,19.60141],[-98.56211,19.60108],[-98.56261,19.60048],[-98.56241,19.6004],[-98.56286,19.59981],[-98.56354,19.59853],[-98.56409,19.59783],[-98.56498,19.59707],[-98.56543,19.59607],[-98.56578,19.59634],[-98.56593,19.59716],[-98.56622,19.59736],[-98.56715,19.59614],[-98.56709,19.59528],[-98.56737,19.59406],[-98.56827,19.59286],[-98.56847,19.59255],[-98.56858,19.59221],[-98.56791,19.59217],[-98.56845,19.59181],[-98.5703,19.58782],[-98.57288,19.58887]]]}},{"type":"Feature","properties":{"seccion":81,"municipio":6,"distrito_local":1,"distrito_federal":2},"geometry":{"type":"Polygon","coordinates":[[[-98.56666,19.5907],[-98.56601,19.59195],[-98.56587,19.59207],[-98.56575,19.5929],[-98.56539,19.5937],[-98.56508,19.59476],[-98.56462,19.59465],[-98.56436,19.59526],[-98.56412,19.59558],[-98.56377,19.59569],[-98.56356,19.59654],[-98.56341,19.59656],[-98.56333,19.59673],[-98.56336,19.59698],[-98.56319,19.59735],[-98.56217,19.59691],[-98.5605,19.59962],[-98.56261,19.60048],[-98.56211,19.60108],[-98.56172,19.60141],[-98.56059,19.60277],[-98.5603,19.60298],[-98.56011,19.60344],[-98.55857,19.6047],[-98.55848,19.60489],[-98.55779,19.60531],[-98.55813,19.60632],[-98.55745,19.60767],[-98.55736,19.6076],[-98.557,19.6076],[-98.55662,19.60778],[-98.55634,19.60778],[-98.55603,19.6077],[-98.5559,19.60759],[-98.55577,19.60782],[-98.55539,19.60814],[-98.55467,19.60848],[-98.55459,19.60871],[-98.55467,19.60899],[-98.55455,19.60936],[-98.55375,19.61045],[-98.55341,19.61068],[-98.55295,19.61074],[-98.55273,19.61094],[-98.55234,19.61111],[-98.55149,19.61123],[-98.55133,19.61148],[-98.55084,19.61167],[-98.55057,19.61166],[-98.55022,19.61135],[-98.54937,19.61214],[-98.54874,19.61209],[-98.54861,19.61224],[-98.54807,19.61237],[-98.5479,19.61218],[-98.54751,19.6122],[-98.54677,19.612],[-98.54592,19.61253],[-98.54508,19.61286],[-98.54479,19.61303],[-98.54472,19.61315],[-98.54306,19.61397],[-98.54289,19.61441],[-98.54315,19.61544],[-98.54274,19.61567],[-98.54278,19.61586],[-98.54267,19.61615],[-98.54197,19.61662],[-98.54171,19.61666],[-98.54062,19.61775],[-98.54031,19.61836],[-98.53995,19.61879],[-98.53991,19.61904],[-98.53922,19.61995],[-98.53875,19.62091],[-98.53788,19.62178],[-98.53746,19.62236],[-98.53718,19.62255],[-98.53648,19.62283],[-98.53593,19.62367],[-98.53558,19.6245],[-98.53545,19.62466],[-98.53437,19.62516],[-98.53186,19.62564],[-98.53059,19.62605],[-98.52977,19.62664],[-98.52725,19.6231],[-98.52744,19.62219],[-98.52699,19.62131],[-98.52689,19.62065],[-98.52716,19.62058],[-98.52943,19.61938],[-98.52994,19.61933],[-98.53048,19.61903],[-98.53054,19.6188],[-98.53112,19.61847],[-98.53756,19.61382],[-98.53885,19.61255],[-98.54151,19.60949],[-98.5486,19.60162],[-98.54886,19.60159],[-98.5498,19.60212],[-98.55261,19.60061],[-98.55158,19.60014],[-98.55331,19.59686],[-98.55623,19.59797],[-98.55819,19.59516],[-98.55901,19.5955],[-98.56215,19.59077],[-98.56109,19.59037],[-98.56068,19.59029],[-98.56214,19.58784],[-98.5648,19.58892],[-98.56426,19.59019],[-98.56549,19.59001],[-98.56536,19.59035],[-98.56562,19.59059],[-98.56576,19.59066],[-98.56614,19.5905],[-98.56666,19.5907]]]}},{"type":"Feature","properties":{"seccion":82,"municipio":6,"distrito_local":1,"distrito_federal":2},"geometry":{"type":"Polygon","coordinates":[[[-98.50442,19.5608],[-98.50846,19.5586],[-98.50851,19.55814],[-98.50875,19.55781],[-98.5088,19.55682],[-98.50915,19.55644],[-98.50974,19.55628],[-98.51014,19.5559],[-98.51045,19.55574],[-98.51075,19.55591],[-98.51329,19.5566],[-98.51358,19.55733],[-98.51375,19.55751],[-98.51407,19.55755],[-98.51563,19.56023],[-98.5192,19.56598],[-98.5225,19.57112],[-98.5242,19.57393],[-98.54307,19.57572],[-98.54531,19.57585],[-98.5515,19.57678],[-98.5562,19.58023],[-98.55752,19.58111],[-98.55996,19.58243],[-98.56085,19.58285],[-98.56123,19.58295],[-98.56036,19.58446],[-98.56089,19.58497],[-98.56012,19.58703],[-98.56214,19.58784],[-98.56068,19.59029],[-98.56109,19.59037],[-98.56215,19.59077],[-98.55901,19.5955],[-98.55819,19.59516],[-98.55623,19.59797],[-98.55331,19.59686],[-98.55158,19.60014],[-98.55261,19.60061],[-98.5498,19.60212],[-98.54886,19.60159],[-98.5486,19.60162],[-98.54151,19.60949],[-98.53885,19.61255],[-98.53756,19.61382],[-98.53112,19.61847],[-98.53054,19.6188],[-98.53048,19.61903],[-98.52994,19.61933],[-98.52943,19.61938],[-98.52716,19.62058],[-98.52689,19.62065],[-98.52614,19.62035],[-98.52568,19.61997],[-98.52529,19.61901],[-98.52519,19.61822],[-98.52567,19.61707],[-98.5262,19.61682],[-98.52633,19.61604],[-98.52686,19.61563],[-98.52733,19.61506],[-98.52793,19.61412],[-98.52567,19.61064],[-98.52435,19.60954],[-98.52115,19.60626],[-98.52111,19.60551],[-98.52072,19.60434],[-98.52032,19.60363],[-98.51964,19.60275],[-98.51895,19.60241],[-98.51709,19.60267],[-98.51586,19.60323],[-98.51475,19.60358],[-98.51329,19.60364],[-98.51063,19.60323],[-98.50988,19.60276],[-98.50907,19.60237],[-98.50832,19.60215],[-98.50739,19.60247],[-98.50616,19.60274],[-98.5032,19.60273],[-98.50069,19.60311],[-98.50016,19.60339],[-98.49962,19.60462],[-98.49914,19.6052],[-98.4982,19.60597],[-98.49709,19.60661],[-98.49621,19.60701],[-98.49556,19.60763],[-98.49166,19.60756],[-98.49115,19.60706],[-98.49053,19.60626],[-98.48961,19.60554],[-98.48939,19.60458],[-98.48895,19.60358],[-98.48861,19.60258],[-98.48799,19.60157],[-98.4871,19.59961],[-98.48648,19.59861],[-98.48569,19.59706],[-98.48364,19.59483],[-98.48292,19.59283],[-98.48222,19.59208],[-98.48272,19.59166],[-98.48335,19.59225],[-98.48372,19.59214],[-98.48398,19.59172],[-98.48413,19.59025],[-98.48343,19.5895],[-98.4831,19.58834],[-98.48957,19.58799],[-98.49653,19.58772],[-98.49644,19.58752],[-98.4972,19.58685],[-98.49749,19.58703],[-98.49728,19.58584],[-98.49899,19.58657],[-98.50254,19.58588],[-98.49693,19.56477],[-98.4962,19.56227],[-98.49719,19.5622],[-98.49919,19.56289],[-98.50012,19.56303],[-98.50066,19.56297],[-98.50096,19.56355],[-98.50271,19.56271],[-98.50557,19.56755],[-98.50603,19.56633],[-98.50597,19.56468],[-98.50606,19.56406],[-98.50636,19.56355],[-98.50573,19.56229],[-98.50442,19.5608]]]}},{"type":"Feature","properties":{"seccion":85,"municipio":6,"distrito_local":1,"distrito_federal":2},"geometry":{"type":"Polygon","coordinates":[[[-98.58142,19.58595],[-98.58923,19.58909],[-98.59517,19.59161],[-98.59581,19.59054],[-98.59546,19.59019],[-98.59577,19.5897],[-98.59575,19.5894],[-98.59608,19.58932],[-98.5964,19.58875],[-98.59653,19.58826],[-98.59707,19.58732],[-98.59728,19.58717],[-98.59758,19.58712],[-98.59783,19.58721],[-98.59812,19.58747],[-98.59808,19.58664],[-98.59817,19.58654],[-98.59843,19.58649],[-98.5999,19.58693],[-98.60039,19.5865],[-98.6007,19.58579],[-98.60115,19.58548],[-98.60142,19.58503],[-98.6016,19.58502],[-98.60168,19.5849],[-98.60188,19.58435],[-98.60184,19.58406],[-98.6021,19.58394],[-98.60349,19.58373],[-98.60363,19.58194],[-98.60452,19.5821],[-98.60467,19.58169],[-98.60487,19.58189],[-98.60576,19.58244],[-98.60667,19.58319],[-98.60713,19.58374],[-98.60762,19.58392],[-98.60822,19.58405],[-98.60857,19.58374],[-98.60896,19.58379],[-98.60971,19.58363],[-98.61031,19.58391],[-98.61049,19.58385],[-98.61052,19.58465],[-98.61076,19.58485],[-98.61091,19.58523],[-98.61095,19.58626],[-98.61083,19.58736],[-98.61085,19.58992],[-98.61031,19.59166],[-98.60998,19.5924],[-98.60974,19.59333],[-98.60943,19.59371],[-98.60908,19.59462],[-98.5925,19.59368],[-98.58276,19.593],[-98.57525,19.59261],[-98.57615,19.59116],[-98.57644,19.58982],[-98.57648,19.58895],[-98.57521,19.58889],[-98.57519,19.58775],[-98.57555,19.58772],[-98.57553,19.58723],[-98.57638,19.5872],[-98.57641,19.5879],[-98.57841,19.58795],[-98.57844,19.58692],[-98.58088,19.58701],[-98.58113,19.58614],[-98.58086,19.58595],[-98.58142,19.58595]]]}},{"type":"Feature","properties":{"seccion":86,"municipio":6,"distrito_local":1,"distrito_federal":2},"geometry":{"type":"Polygon","coordinates":[[[-98.56517,19.56054],[-98.5655,19.55861],[-98.56792,19.55786],[-98.56862,19.55811],[-98.5691,19.55794],[-98.56931,19.55763],[-98.57148,19.55601],[-98.57155,19.55579],[-98.57188,19.5557],[-98.57214,19.55531],[-98.57253,19.55494],[-98.57275,19.55522],[-98.57296,19.55575],[-98.57262,19.55693],[-98.57744,19.55932],[-98.57774,19.55881],[-98.57859,19.55897],[-98.58014,19.55858],[-98.58108,19.55754],[-98.58214,19.55753],[-98.58244,19.55774],[-98.58175,19.55836],[-98.58047,19.55914],[-98.57995,19.55934],[-98.57929,19.55989],[-98.57909,19.56025],[-98.57992,19.5606],[-98.58269,19.56166],[-98.58315,19.56133],[-98.58337,19.5613],[-98.58364,19.5613],[-98.58444,19.56161],[-98.58503,19.56059],[-98.58528,19.5605],[-98.58646,19.56094],[-98.58671,19.56111],[-98.58814,19.56145],[-98.58896,19.56144],[-98.59135,19.56029],[-98.59227,19.55964],[-98.60067,19.55324],[-98.60231,19.55246],[-98.60791,19.55014],[-98.61109,19.54704],[-98.6129,19.5561],[-98.61334,19.55701],[-98.61524,19.55878],[-98.61553,19.55966],[-98.61554,19.55983],[-98.61539,19.56015],[-98.61594,19.56102],[-98.61628,19.56199],[-98.61651,19.56321],[-98.61657,19.56338],[-98.61708,19.56374],[-98.61676,19.56452],[-98.6169,19.56579],[-98.61669,19.56634],[-98.6126,19.57101],[-98.61209,19.57139],[-98.61146,19.57169],[-98.61054,19.57338],[-98.60583,19.58017],[-98.60509,19.58174],[-98.60467,19.58169],[-98.60452,19.5821],[-98.60363,19.58194],[-98.60349,19.58373],[-98.6021,19.58394],[-98.60184,19.58406],[-98.60188,19.58435],[-98.60168,19.5849],[-98.6016,19.58502],[-98.60142,19.58503],[-98.60115,19.58548],[-98.6007,19.58579],[-98.60039,19.5865],[-98.5999,19.58693],[-98.59843,19.58649],[-98.59817,19.58654],[-98.59808,19.58664],[-98.59812,19.58747],[-98.59783,19.58721],[-98.59758,19.58712],[-98.59728,19.58717],[-98.59707,19.58732],[-98.59653,19.58826],[-98.5964,19.58875],[-98.59608,19.58932],[-98.59575,19.5894],[-98.59577,19.5897],[-98.59546,19.59019],[-98.59581,19.59054],[-98.59517,19.59161],[-98.58923,19.58909],[-98.58142,19.58595],[-98.58086,19.58595],[-98.58113,19.58614],[-98.58088,19.58701],[-98.57844,19.58692],[-98.57841,19.58795],[-98.57641,19.5879],[-98.57638,19.5872],[-98.57553,19.58723],[-98.57555,19.58772],[-98.57519,19.58775],[-98.57521,19.58889],[-98.57404,19.58885],[-98.57397,19.58839],[-98.5737,19.58804],[-98.57366,19.58784],[-98.57373,19.58753],[-98.57348,19.58736],[-98.57335,19.58695],[-98.57299,19.58667],[-98.57291,19.58652],[-98.57307,19.5859],[-98.57278,19.58531],[-98.5726,19.58469],[-98.57231,19.58424],[-98.57233,19.58323],[-98.57209,19.58236],[-98.57203,19.58175],[-98.57167,19.58149],[-98.57159,19.58056],[-98.57114,19.57935],[-98.57101,19.5784],[-98.57119,19.5781],[-98.57152,19.57801],[-98.57153,19.57707],[-98.57169,19.57665],[-98.57155,19.57636],[-98.57115,19.5762],[-98.57104,19.57604],[-98.57113,19.5758],[-98.57142,19.57545],[-98.57141,19.57479],[-98.5717,19.57362],[-98.57144,19.57212],[-98.5721,19.5694],[-98.57263,19.56862],[-98.57149,19.56807],[-98.57353,19.56585],[-98.57398,19.56506],[-98.57041,19.56345],[-98.57054,19.56305],[-98.56517,19.56054]]]}},{"type":"Feature","properties":{"seccion":90,"municipio":6,"distrito_local":1,"distrito_federal":2},"geometry":{"type":"Polygon","coordinates":[[[-98.52459,19.54718],[-98.52571,19.54859],[-98.52734,19.54936],[-98.53682,19.55313],[-98.54085,19.55458],[-98.54098,19.55439],[-98.54239,19.55586],[-98.54249,19.55552],[-98.54859,19.55749],[-98.54923,19.55515],[-98.55108,19.55541],[-98.55133,19.55452],[-98.55325,19.55498],[-98.5532,19.5552],[-98.55522,19.5557],[-98.55711,19.55601],[-98.55708,19.55609],[-98.56082,19.55666],[-98.5608,19.55672],[-98.56263,19.55726],[-98.5623,19.55833],[-98.56547,19.55898],[-98.56517,19.56054],[-98.57054,19.56305],[-98.57041,19.56345],[-98.57398,19.56506],[-98.57353,19.56585],[-98.57149,19.56807],[-98.57263,19.56862],[-98.5721,19.5694],[-98.57144,19.57212],[-98.5717,19.57362],[-98.57141,19.57479],[-98.57142,19.57545],[-98.57113,19.5758],[-98.57104,19.57604],[-98.57115,19.5762],[-98.57155,19.57636],[-98.57169,19.57665],[-98.57153,19.57707],[-98.57152,19.57801],[-98.57119,19.5781],[-98.57101,19.5784],[-98.57114,19.57935],[-98.57159,19.58056],[-98.57164,19.58105],[-98.57087,19.58149],[-98.57171,19.58241],[-98.57195,19.58336],[-98.5718,19.58401],[-98.5719,19.58436],[-98.57175,19.58422],[-98.57156,19.58343],[-98.56652,19.58143],[-98.56388,19.5806],[-98.5644,19.57899],[-98.56156,19.57843],[-98.5578,19.57788],[-98.55993,19.57275],[-98.56005,19.57224],[-98.56007,19.57171],[-98.55939,19.56973],[-98.55857,19.57],[-98.5583,19.57032],[-98.5575,19.57071],[-98.55741,19.57131],[-98.55717,19.57169],[-98.55674,19.57207],[-98.5563,19.573],[-98.55614,19.57386],[-98.55597,19.574],[-98.55522,19.57403],[-98.55507,19.57417],[-98.55457,19.57531],[-98.55443,19.57544],[-98.55363,19.57564],[-98.55268,19.57666],[-98.55225,19.57687],[-98.55179,19.57677],[-98.5513,19.57678],[-98.54531,19.57585],[-98.54307,19.57572],[-98.5242,19.57393],[-98.5225,19.57112],[-98.5192,19.56598],[-98.51563,19.56023],[-98.51407,19.55755],[-98.51375,19.55751],[-98.51358,19.55733],[-98.51329,19.5566],[-98.51075,19.55591],[-98.51045,19.55574],[-98.5112,19.55536],[-98.5126,19.55428],[-98.51278,19.55395],[-98.51365,19.5532],[-98.5143,19.55295],[-98.51511,19.55216],[-98.51552,19.55192],[-98.51599,19.55179],[-98.51681,19.55175],[-98.51722,19.55158],[-98.51804,19.55117],[-98.51886,19.55063],[-98.52108,19.54963],[-98.52194,19.54914],[-98.52243,19.54963],[-98.52308,19.54925],[-98.52354,19.54892],[-98.52395,19.54847],[-98.52459,19.54718]]]}},{"type":"Feature","properties":{"seccion":91,"municipio":6,"distrito_local":1,"distrito_federal":2},"geometry":{"type":"Polygon","coordinates":[[[-98.5613,19.63704],[-98.56152,19.63666],[-98.56352,19.62916],[-98.56465,19.6161],[-98.5687,19.6171],[-98.5691,19.61587],[-98.57681,19.61597],[-98.57693,19.61629],[-98.58158,19.61682],[-98.58129,19.61607],[-98.58093,19.61546],[-98.58113,19.61508],[-98.58113,19.61431],[-98.58046,19.61295],[-98.58037,19.61249],[-98.57981,19.61137],[-98.57977,19.61126],[-98.57995,19.61086],[-98.5799,19.61069],[-98.57952,19.6102],[-98.57952,19.60986],[-98.57931,19.6097],[-98.57905,19.60921],[-98.57899,19.60872],[-98.57909,19.60861],[-98.58041,19.60915],[-98.58233,19.60974],[-98.58458,19.60528],[-98.5866,19.6015],[-98.58514,19.59936],[-98.58536,19.59891],[-98.61031,19.60186],[-98.60873,19.60266],[-98.60808,19.60332],[-98.60625,19.60474],[-98.60497,19.60514],[-98.60427,19.60512],[-98.60268,19.60667],[-98.6022,19.60737],[-98.60184,19.6077],[-98.6014,19.60993],[-98.60075,19.61083],[-98.5998,19.61161],[-98.59792,19.6129],[-98.59727,19.61385],[-98.59632,19.6147],[-98.5932,19.61702],[-98.59148,19.61898],[-98.59072,19.61967],[-98.59023,19.62078],[-98.59021,19.62194],[-98.59002,19.62289],[-98.58931,19.62363],[-98.58654,19.62591],[-98.58476,19.62828],[-98.5841,19.62939],[-98.58367,19.63051],[-98.58353,19.63233],[-98.58369,19.6332],[-98.58263,19.63381],[-98.58139,19.63487],[-98.58144,19.63553],[-98.58101,19.63664],[-98.5806,19.63709],[-98.57977,19.6377],[-98.57896,19.63794],[-98.57779,19.6385],[-98.57691,19.6384],[-98.5758,19.6388],[-98.57411,19.6391],[-98.57306,19.63942],[-98.57248,19.63949],[-98.57185,19.63898],[-98.5708,19.63922],[-98.57004,19.63958],[-98.56928,19.63932],[-98.56865,19.63927],[-98.56717,19.64069],[-98.5613,19.63704]]]}},{"type":"Feature","properties":{"seccion":95,"municipio":6,"distrito_local":1,"distrito_federal":2},"geometry":{"type":"Polygon","coordinates":[[[-98.50395,19.56018],[-98.50573,19.56229],[-98.50636,19.56355],[-98.50606,19.56406],[-98.50597,19.56468],[-98.50603,19.56633],[-98.50557,19.56755],[-98.50271,19.56271],[-98.50096,19.56355],[-98.50066,19.56297],[-98.50012,19.56303],[-98.49919,19.56289],[-98.49719,19.5622],[-98.4962,19.56227],[-98.49693,19.56477],[-98.50254,19.58588],[-98.49899,19.58657],[-98.49728,19.58584],[-98.49749,19.58703],[-98.4972,19.58685],[-98.49644,19.58752],[-98.49653,19.58772],[-98.48957,19.58799],[-98.4831,19.58834],[-98.48343,19.5895],[-98.48413,19.59025],[-98.48398,19.59172],[-98.48372,19.59214],[-98.48335,19.59225],[-98.48272,19.59166],[-98.48222,19.59208],[-98.48189,19.59173],[-98.48046,19.59063],[-98.47948,19.59008],[-98.47896,19.58965],[-98.47857,19.58894],[-98.47852,19.58824],[-98.47809,19.58665],[-98.47833,19.58608],[-98.47715,19.58353],[-98.47574,19.58135],[-98.47301,19.57443],[-98.43528,19.56605],[-98.43853,19.54662],[-98.43838,19.54529],[-98.438,19.544],[-98.43799,19.54135],[-98.43845,19.53858],[-98.43852,19.53754],[-98.43938,19.53519],[-98.43945,19.53424],[-98.43964,19.53337],[-98.44018,19.53226],[-98.45019,19.54151],[-98.4619,19.54245],[-98.46306,19.54242],[-98.46389,19.54177],[-98.46459,19.54137],[-98.46758,19.54005],[-98.46868,19.54015],[-98.47019,19.54009],[-98.47186,19.54095],[-98.47255,19.54121],[-98.47252,19.53972],[-98.47237,19.53851],[-98.47191,19.53805],[-98.47187,19.53738],[-98.47199,19.53689],[-98.47195,19.53602],[-98.47107,19.53293],[-98.47114,19.53236],[-98.47104,19.53161],[-98.47231,19.53196],[-98.47341,19.53198],[-98.4744,19.5322],[-98.47597,19.53198],[-98.47788,19.53242],[-98.47874,19.53281],[-98.47943,19.53328],[-98.48059,19.53359],[-98.48105,19.53384],[-98.48209,19.53394],[-98.48387,19.5345],[-98.48528,19.53445],[-98.48657,19.53429],[-98.48791,19.53288],[-98.48886,19.53379],[-98.48874,19.53441],[-98.48916,19.53528],[-98.48998,19.53595],[-98.49139,19.53682],[-98.49457,19.53827],[-98.49516,19.53868],[-98.49663,19.53951],[-98.49728,19.54005],[-98.49969,19.54175],[-98.50069,19.54287],[-98.50075,19.54341],[-98.50064,19.54441],[-98.50077,19.54686],[-98.50119,19.54769],[-98.50167,19.55001],[-98.50167,19.55122],[-98.50209,19.55342],[-98.50239,19.55441],[-98.50264,19.55636],[-98.50395,19.56018]]]}},{"type":"Feature","properties":{"seccion":92,"municipio":6,"distrito_local":1,"distrito_federal":2},"geometry":{"type":"Polygon","coordinates":[[[-98.69105,19.58021],[-98.6839,19.58862],[-98.6834,19.59271],[-98.68221,19.59567],[-98.68179,19.59725],[-98.68097,19.6123],[-98.6804,19.61197],[-98.67965,19.6118],[-98.67821,19.61107],[-98.67509,19.6099],[-98.67213,19.60974],[-98.67063,19.60905],[-98.67011,19.60846],[-98.66925,19.60783],[-98.66845,19.60744],[-98.66752,19.6073],[-98.6663,19.60728],[-98.66457,19.6063],[-98.66382,19.606],[-98.66126,19.60596],[-98.65847,19.60625],[-98.65455,19.60789],[-98.65269,19.60807],[-98.65135,19.60776],[-98.6495,19.60748],[-98.64618,19.60805],[-98.64514,19.60779],[-98.64134,19.6057],[-98.64031,19.60444],[-98.63942,19.60219],[-98.63748,19.60008],[-98.635,19.59909],[-98.63389,19.59887],[-98.63367,19.59862],[-98.6335,19.59803],[-98.63369,19.59733],[-98.63382,19.5963],[-98.6349,19.5942],[-98.63567,19.59351],[-98.63603,19.59305],[-98.63645,19.59219],[-98.63675,19.59137],[-98.63683,19.59],[-98.63803,19.58807],[-98.6388,19.58704],[-98.63915,19.5868],[-98.64002,19.58669],[-98.6402,19.58632],[-98.64033,19.58582],[-98.63983,19.58437],[-98.63984,19.58354],[-98.64003,19.58263],[-98.63988,19.58142],[-98.64001,19.58035],[-98.64079,19.57932],[-98.64173,19.57838],[-98.64285,19.57667],[-98.64298,19.57625],[-98.643,19.57567],[-98.64676,19.57366],[-98.64743,19.5747],[-98.64858,19.57517],[-98.64963,19.57519],[-98.65027,19.57499],[-98.65236,19.57494],[-98.65409,19.57555],[-98.65473,19.57589],[-98.65582,19.57665],[-98.65675,19.57691],[-98.6575,19.57697],[-98.65948,19.57658],[-98.65977,19.57646],[-98.66077,19.57577],[-98.66136,19.5752],[-98.66177,19.57517],[-98.662,19.57525],[-98.66259,19.57514],[-98.66294,19.57498],[-98.66365,19.57424],[-98.66366,19.57329],[-98.66396,19.57309],[-98.6646,19.57297],[-98.66541,19.57311],[-98.66599,19.57312],[-98.66756,19.57293],[-98.66843,19.57311],[-98.66947,19.57317],[-98.67028,19.57376],[-98.67068,19.57427],[-98.67252,19.57546],[-98.67413,19.57623],[-98.67447,19.57648],[-98.67707,19.57756],[-98.67995,19.57938],[-98.68099,19.57973],[-98.68174,19.57982],[-98.6826,19.58021],[-98.68405,19.58052],[-98.68435,19.58036],[-98.68545,19.58009],[-98.68621,19.58022],[-98.68638,19.58043],[-98.68713,19.58061],[-98.6876,19.58062],[-98.68835,19.58046],[-98.69105,19.58021]]]}},{"type":"Feature","properties":{"seccion":93,"municipio":6,"distrito_local":1,"distrito_federal":2},"geometry":{"type":"Polygon","coordinates":[[[-98.63075,19.6028],[-98.62826,19.60202],[-98.62676,19.60145],[-98.62451,19.60084],[-98.62253,19.6011],[-98.62154,19.60092],[-98.62078,19.60103],[-98.61984,19.60159],[-98.61682,19.60171],[-98.61595,19.60149],[-98.61514,19.6016],[-98.61568,19.60033],[-98.6161,19.59988],[-98.61634,19.59922],[-98.62033,19.59659],[-98.62104,19.59626],[-98.62262,19.59575],[-98.62402,19.59502],[-98.62614,19.59361],[-98.62661,19.59316],[-98.62737,19.59271],[-98.62861,19.59145],[-98.63022,19.58948],[-98.63063,19.58883],[-98.63088,19.58788],[-98.63112,19.58742],[-98.63113,19.58684],[-98.63149,19.58639],[-98.63162,19.58515],[-98.6314,19.58453],[-98.63135,19.58407],[-98.63078,19.5834],[-98.63016,19.58243],[-98.63011,19.58185],[-98.63018,19.58094],[-98.62996,19.58028],[-98.62957,19.57969],[-98.62837,19.57847],[-98.62803,19.57796],[-98.62786,19.57751],[-98.62781,19.57705],[-98.62706,19.57637],[-98.62668,19.57484],[-98.62642,19.57292],[-98.62655,19.57214],[-98.62635,19.57064],[-98.62631,19.56923],[-98.62742,19.569],[-98.62858,19.56906],[-98.62927,19.56949],[-98.63183,19.56961],[-98.63293,19.56979],[-98.63466,19.57023],[-98.63605,19.57038],[-98.63715,19.57081],[-98.63778,19.57115],[-98.63836,19.57128],[-98.64127,19.57141],[-98.64284,19.57135],[-98.64333,19.57323],[-98.64349,19.57414],[-98.64312,19.57501],[-98.64295,19.576],[-98.64298,19.57625],[-98.64285,19.57667],[-98.64173,19.57838],[-98.64079,19.57932],[-98.64001,19.58035],[-98.63988,19.58142],[-98.64003,19.58263],[-98.63984,19.58354],[-98.63983,19.58437],[-98.64033,19.58582],[-98.6402,19.58632],[-98.64002,19.58669],[-98.63915,19.5868],[-98.6388,19.58704],[-98.63803,19.58807],[-98.63683,19.59],[-98.63675,19.59137],[-98.63645,19.59219],[-98.63603,19.59305],[-98.63567,19.59351],[-98.6349,19.5942],[-98.63382,19.5963],[-98.63369,19.59733],[-98.6335,19.59803],[-98.63367,19.59862],[-98.63389,19.59887],[-98.63353,19.59986],[-98.63275,19.60125],[-98.63216,19.60195],[-98.63075,19.6028]]]}},{"type":"Feature","properties":{"seccion":94,"municipio":6,"distrito_local":1,"distrito_federal":2},"geometry":{"type":"Polygon","coordinates":[[[-98.60467,19.58169],[-98.60509,19.58174],[-98.60583,19.58017],[-98.61054,19.57338],[-98.61146,19.57169],[-98.61209,19.57139],[-98.6126,19.57101],[-98.61669,19.56634],[-98.6169,19.56579],[-98.61677,19.56472],[-98.62631,19.56923],[-98.62635,19.57064],[-98.62655,19.57214],[-98.62642,19.57292],[-98.62668,19.57484],[-98.62706,19.57637],[-98.62781,19.57705],[-98.62786,19.57751],[-98.62803,19.57796],[-98.62837,19.57847],[-98.62957,19.57969],[-98.62996,19.58028],[-98.63018,19.58094],[-98.63011,19.58185],[-98.63016,19.58243],[-98.63078,19.5834],[-98.63135,19.58407],[-98.6314,19.58453],[-98.63162,19.58515],[-98.63149,19.58639],[-98.63113,19.58684],[-98.63112,19.58742],[-98.63088,19.58788],[-98.63063,19.58883],[-98.63022,19.58948],[-98.62861,19.59145],[-98.62737,19.59271],[-98.62661,19.59316],[-98.62614,19.59361],[-98.62402,19.59502],[-98.62262,19.59575],[-98.62104,19.59626],[-98.62033,19.59659],[-98.61634,19.59922],[-98.6161,19.59988],[-98.61568,19.60033],[-98.61514,19.6016],[-98.61265,19.60107],[-98.61031,19.60186],[-98.58536,19.59891],[-98.58597,19.59763],[-98.58707,19.59775],[-98.58855,19.59445],[-98.5886,19.5942],[-98.59084,19.5945],[-98.59193,19.59483],[-98.5925,19.59368],[-98.60908,19.59462],[-98.60943,19.59371],[-98.60974,19.59333],[-98.60998,19.5924],[-98.61031,19.59166],[-98.61085,19.58992],[-98.61083,19.58736],[-98.61095,19.58626],[-98.61091,19.58523],[-98.61076,19.58485],[-98.61052,19.58465],[-98.61049,19.58385],[-98.61031,19.58391],[-98.60971,19.58363],[-98.60896,19.58379],[-98.60857,19.58374],[-98.60822,19.58405],[-98.60762,19.58392],[-98.60713,19.58374],[-98.60667,19.58319],[-98.60576,19.58244],[-98.60487,19.58189],[-98.60467,19.58169]]]}},{"type":"Feature","properties":{"seccion":96,"municipio":6,"distrito_local":1,"distrito_federal":2},"geometry":{"type":"Polygon","coordinates":[[[-98.69105,19.58021],[-98.68835,19.58046],[-98.6876,19.58062],[-98.68713,19.58061],[-98.68638,19.58043],[-98.68621,19.58022],[-98.68545,19.58009],[-98.68435,19.58036],[-98.68405,19.58052],[-98.6826,19.58021],[-98.68174,19.57982],[-98.68099,19.57973],[-98.67995,19.57938],[-98.67707,19.57756],[-98.67447,19.57648],[-98.67413,19.57623],[-98.67252,19.57546],[-98.67068,19.57427],[-98.67028,19.57376],[-98.66947,19.57317],[-98.66843,19.57311],[-98.66756,19.57293],[-98.66599,19.57312],[-98.66541,19.57311],[-98.6646,19.57297],[-98.66396,19.57309],[-98.66366,19.57329],[-98.66365,19.57424],[-98.66294,19.57498],[-98.66259,19.57514],[-98.662,19.57525],[-98.66177,19.57517],[-98.66136,19.5752],[-98.66077,19.57577],[-98.65977,19.57646],[-98.65948,19.57658],[-98.6575,19.57697],[-98.65675,19.57691],[-98.65582,19.57665],[-98.65473,19.57589],[-98.65409,19.57555],[-98.65236,19.57494],[-98.65027,19.57499],[-98.64963,19.57519],[-98.64858,19.57517],[-98.64743,19.5747],[-98.64676,19.57366],[-98.643,19.57567],[-98.64312,19.57501],[-98.64349,19.57414],[-98.64333,19.57323],[-98.64284,19.57135],[-98.64271,19.5687],[-98.64273,19.56737],[-98.643,19.56472],[-98.64303,19.5629],[-98.64318,19.56124],[-98.6436,19.56013],[-98.64502,19.55903],[-98.64597,19.55776],[-98.64669,19.55624],[-98.64736,19.55438],[-98.64795,19.55361],[-98.64838,19.55216],[-98.64846,19.55092],[-98.64883,19.54976],[-98.6489,19.54902],[-98.64965,19.54575],[-98.65064,19.5456],[-98.65164,19.54458],[-98.65207,19.54355],[-98.65232,19.54235],[-98.65268,19.54153],[-98.6531,19.54104],[-98.65313,19.53934],[-98.65496,19.53709],[-98.65562,19.53598],[-98.65724,19.53269],[-98.6578,19.53025],[-98.65907,19.52741],[-98.65972,19.52713],[-98.66037,19.52614],[-98.6605,19.52552],[-98.66027,19.52154],[-98.66034,19.52071],[-98.66193,19.5163],[-98.66244,19.51357],[-98.66281,19.51217],[-98.66254,19.511],[-98.66284,19.5103],[-98.66346,19.50786],[-98.66397,19.50514],[-98.66468,19.50407],[-98.66482,19.50291],[-98.66472,19.49462],[-98.6634,19.49352],[-98.66289,19.49277],[-98.66189,19.49047],[-98.66207,19.49006],[-98.66226,19.48911],[-98.66298,19.48742],[-98.66264,19.48679],[-98.6619,19.48624],[-98.6599,19.48447],[-98.65782,19.48353],[-98.65731,19.48294],[-98.65709,19.48223],[-98.65716,19.48136],[-98.65706,19.48007],[-98.65725,19.47933],[-98.65697,19.47854],[-98.65666,19.47667],[-98.65692,19.47472],[-98.65729,19.4734],[-98.65719,19.47265],[-98.65778,19.47183],[-98.65791,19.47109],[-98.65723,19.47004],[-98.65707,19.46913],[-98.65714,19.46867],[-98.65779,19.46794],[-98.65837,19.46795],[-98.65913,19.46742],[-98.66002,19.4666],[-98.66107,19.466],[-98.66068,19.46516],[-98.6611,19.46434],[-98.66123,19.46347],[-98.66064,19.46367],[-98.65994,19.46424],[-98.65929,19.46502],[-98.65842,19.46504],[-98.65767,19.4647],[-98.65699,19.46374],[-98.65632,19.46186],[-98.65566,19.45928],[-98.65551,19.45795],[-98.65512,19.4572],[-98.65617,19.45688],[-98.65918,19.45726],[-98.66018,19.45678],[-98.66133,19.45761],[-98.67066,19.46613],[-98.67704,19.47244],[-98.69771,19.47876],[-98.69814,19.48006],[-98.6986,19.48108],[-98.69949,19.48212],[-98.7003,19.48361],[-98.70128,19.48423],[-98.7017,19.48465],[-98.70324,19.48558],[-98.70392,19.48643],[-98.70438,19.48739],[-98.70705,19.48805],[-98.70771,19.49039],[-98.70809,19.49133],[-98.70863,19.49227],[-98.70919,19.49305],[-98.70992,19.49392],[-98.71076,19.49455],[-98.7118,19.49515],[-98.71262,19.49585],[-98.71539,19.49898],[-98.71628,19.49985],[-98.71757,19.50144],[-98.71908,19.50296],[-98.71991,19.50399],[-98.72061,19.50678],[-98.72135,19.5087],[-98.72214,19.51021],[-98.72257,19.51141],[-98.72223,19.51209],[-98.72159,19.51273],[-98.7215,19.51407],[-98.72159,19.51501],[-98.71847,19.51407],[-98.71796,19.51426],[-98.71595,19.51454],[-98.71465,19.51405],[-98.71375,19.51361],[-98.71373,19.51451],[-98.7129,19.51409],[-98.70981,19.51212],[-98.70889,19.51168],[-98.70696,19.51142],[-98.70618,19.51117],[-98.70511,19.51047],[-98.70217,19.50783],[-98.70066,19.50693],[-98.69983,19.50665],[-98.69922,19.50661],[-98.69867,19.50674],[-98.69447,19.50976],[-98.69298,19.51099],[-98.69179,19.51179],[-98.6915,19.5135],[-98.69397,19.51556],[-98.69547,19.51625],[-98.69793,19.51706],[-98.69847,19.51747],[-98.69871,19.51788],[-98.69931,19.51938],[-98.70003,19.52035],[-98.70192,19.52108],[-98.70473,19.52175],[-98.70488,19.52198],[-98.7047,19.52286],[-98.70404,19.52514],[-98.70354,19.52628],[-98.70325,19.52666],[-98.70254,19.52717],[-98.70115,19.52779],[-98.70091,19.528],[-98.7003,19.52898],[-98.70012,19.52951],[-98.69979,19.53167],[-98.69938,19.53216],[-98.69833,19.53307],[-98.69727,19.5343],[-98.69205,19.53842],[-98.69608,19.53844],[-98.69785,19.53878],[-98.69862,19.53926],[-98.69951,19.54082],[-98.70001,19.54144],[-98.70155,19.54215],[-98.70215,19.54277],[-98.70311,19.54413],[-98.70529,19.54777],[-98.70563,19.54865],[-98.70568,19.55137],[-98.70601,19.55233],[-98.70673,19.55316],[-98.70762,19.55366],[-98.70843,19.55393],[-98.71054,19.55641],[-98.71154,19.558],[-98.71176,19.55867],[-98.70994,19.55841],[-98.70924,19.55945],[-98.70822,19.56232],[-98.70625,19.5668],[-98.70474,19.56896],[-98.70351,19.57024],[-98.70303,19.57051],[-98.70222,19.57076],[-98.70115,19.57121],[-98.7005,19.57163],[-98.69973,19.57175],[-98.69821,19.57182],[-98.69679,19.57208],[-98.696,19.57231],[-98.69543,19.57263],[-98.694,19.57449],[-98.69322,19.57576],[-98.69256,19.57693],[-98.6916,19.57901],[-98.69135,19.57986],[-98.69105,19.58021]]]}},{"type":"Feature","properties":{"seccion":459,"municipio":33,"distrito_local":7,"distrito_federal":2},"geometry":{"type":"Polygon","coordinates":[[[-98.24114,19.30391],[-98.24104,19.30386],[-98.24096,19.30391],[-98.24091,19.30445],[-98.23824,19.3082],[-98.23756,19.30936],[-98.23635,19.30847],[-98.23555,19.30939],[-98.23504,19.30904],[-98.23432,19.31003],[-98.23378,19.30917],[-98.23308,19.30848],[-98.23263,19.30789],[-98.23266,19.30775],[-98.23254,19.30736],[-98.23224,19.30674],[-98.23399,19.3047],[-98.2347,19.30615],[-98.23562,19.30492],[-98.23507,19.30449],[-98.23601,19.3035],[-98.23693,19.30231],[-98.23726,19.30231],[-98.23906,19.30268],[-98.24042,19.30352],[-98.24107,19.30367],[-98.24114,19.30391]]]}},{"type":"Feature","properties":{"seccion":97,"municipio":6,"distrito_local":1,"distrito_federal":2},"geometry":{"type":"Polygon","coordinates":[[[-98.61677,19.56472],[-98.61683,19.56428],[-98.61694,19.56416],[-98.61708,19.56374],[-98.61657,19.56338],[-98.61651,19.56321],[-98.61628,19.56199],[-98.61594,19.56102],[-98.61539,19.56015],[-98.61554,19.55983],[-98.61553,19.55966],[-98.61524,19.55878],[-98.61334,19.55701],[-98.6129,19.5561],[-98.61109,19.54704],[-98.60791,19.55014],[-98.60231,19.55246],[-98.60067,19.55324],[-98.59227,19.55964],[-98.59135,19.56029],[-98.58896,19.56144],[-98.58814,19.56145],[-98.58671,19.56111],[-98.58548,19.56054],[-98.58528,19.5605],[-98.58503,19.56059],[-98.58612,19.55799],[-98.58648,19.55754],[-98.58673,19.55651],[-98.58695,19.55386],[-98.58719,19.55304],[-98.58728,19.55167],[-98.58706,19.55059],[-98.58708,19.5493],[-98.58739,19.54852],[-98.58799,19.54745],[-98.58858,19.54659],[-98.58982,19.54541],[-98.59177,19.54378],[-98.59283,19.54268],[-98.59319,19.54202],[-98.59384,19.54141],[-98.59385,19.54054],[-98.59375,19.53971],[-98.59348,19.53883],[-98.59355,19.53804],[-98.5938,19.53689],[-98.59404,19.53627],[-98.59486,19.53574],[-98.59558,19.53468],[-98.59589,19.53356],[-98.59638,19.53224],[-98.59715,19.53126],[-98.59845,19.53004],[-98.59887,19.52901],[-98.59901,19.52785],[-98.59891,19.52673],[-98.59893,19.52569],[-98.59929,19.52479],[-98.60018,19.52339],[-98.60078,19.52269],[-98.60184,19.52167],[-98.60192,19.52022],[-98.60276,19.5187],[-98.603,19.51808],[-98.60577,19.51601],[-98.60635,19.51573],[-98.60717,19.51562],[-98.60891,19.51581],[-98.61033,19.51439],[-98.61147,19.51187],[-98.61214,19.51002],[-98.61423,19.50686],[-98.61464,19.50645],[-98.61558,19.50605],[-98.61808,19.50563],[-98.61936,19.50528],[-98.62322,19.50385],[-98.62451,19.503],[-98.62488,19.50168],[-98.62637,19.49942],[-98.62696,19.49876],[-98.6285,19.49734],[-98.62952,19.49511],[-98.63007,19.49355],[-98.63026,19.49247],[-98.63173,19.49138],[-98.63255,19.49102],[-98.6336,19.49062],[-98.63605,19.49016],[-98.63624,19.48904],[-98.63691,19.48727],[-98.63716,19.4864],[-98.63822,19.48542],[-98.63841,19.48472],[-98.63837,19.48356],[-98.6385,19.48281],[-98.6388,19.48207],[-98.6395,19.48188],[-98.641,19.48227],[-98.64154,19.48162],[-98.6412,19.48066],[-98.64086,19.48003],[-98.64123,19.47884],[-98.63601,19.47211],[-98.63868,19.47179],[-98.63927,19.4713],[-98.63893,19.47063],[-98.63883,19.46989],[-98.63884,19.46901],[-98.63844,19.46843],[-98.63875,19.46736],[-98.6394,19.46654],[-98.64076,19.46548],[-98.64193,19.46483],[-98.64275,19.46456],[-98.64379,19.46482],[-98.64424,19.4652],[-98.645,19.46538],[-98.64598,19.46531],[-98.64715,19.46504],[-98.64855,19.46452],[-98.64995,19.46425],[-98.65111,19.46419],[-98.65234,19.46387],[-98.65316,19.46343],[-98.65434,19.46241],[-98.65483,19.46072],[-98.65566,19.45928],[-98.65632,19.46186],[-98.65699,19.46374],[-98.65767,19.4647],[-98.65842,19.46504],[-98.65929,19.46502],[-98.65994,19.46424],[-98.66064,19.46367],[-98.66123,19.46347],[-98.6611,19.46434],[-98.66068,19.46516],[-98.66107,19.466],[-98.66002,19.4666],[-98.65913,19.46742],[-98.65837,19.46795],[-98.65779,19.46794],[-98.65714,19.46867],[-98.65707,19.46913],[-98.65723,19.47004],[-98.65791,19.47109],[-98.65778,19.47183],[-98.65719,19.47265],[-98.65729,19.4734],[-98.65692,19.47472],[-98.65666,19.47667],[-98.65697,19.47854],[-98.65725,19.47933],[-98.65706,19.48007],[-98.65716,19.48136],[-98.65709,19.48223],[-98.65731,19.48294],[-98.65782,19.48353],[-98.6599,19.48447],[-98.6619,19.48624],[-98.66264,19.48679],[-98.66298,19.48742],[-98.66226,19.48911],[-98.66207,19.49006],[-98.66189,19.49047],[-98.66289,19.49277],[-98.6634,19.49352],[-98.66472,19.49462],[-98.66482,19.50291],[-98.66468,19.50407],[-98.66397,19.50514],[-98.66346,19.50786],[-98.66284,19.5103],[-98.66254,19.511],[-98.66281,19.51217],[-98.66244,19.51357],[-98.66193,19.5163],[-98.66034,19.52071],[-98.66027,19.52154],[-98.6605,19.52552],[-98.66037,19.52614],[-98.65972,19.52713],[-98.65907,19.52741],[-98.6578,19.53025],[-98.65724,19.53269],[-98.65562,19.53598],[-98.65496,19.53709],[-98.65313,19.53934],[-98.6531,19.54104],[-98.65268,19.54153],[-98.65232,19.54235],[-98.65207,19.54355],[-98.65164,19.54458],[-98.65064,19.5456],[-98.64965,19.54575],[-98.6489,19.54902],[-98.64883,19.54976],[-98.64846,19.55092],[-98.64838,19.55216],[-98.6482,19.55286],[-98.64795,19.55361],[-98.64736,19.55438],[-98.64669,19.55624],[-98.64597,19.55776],[-98.64502,19.55903],[-98.6436,19.56013],[-98.64318,19.56124],[-98.64303,19.5629],[-98.643,19.56472],[-98.64273,19.56737],[-98.64271,19.5687],[-98.64284,19.57135],[-98.64127,19.57141],[-98.63836,19.57128],[-98.63778,19.57115],[-98.63715,19.57081],[-98.63605,19.57038],[-98.63466,19.57023],[-98.63293,19.56979],[-98.63183,19.56961],[-98.62927,19.56949],[-98.62858,19.56906],[-98.62742,19.569],[-98.62631,19.56923],[-98.61677,19.56472]]]}},{"type":"Feature","properties":{"seccion":162,"municipio":11,"distrito_local":2,"distrito_federal":2},"geometry":{"type":"Polygon","coordinates":[[[-98.29888,19.53693],[-98.27716,19.53368],[-98.25052,19.52956],[-98.25074,19.51957],[-98.24687,19.51715],[-98.24786,19.51368],[-98.24833,19.51286],[-98.24904,19.51212],[-98.24975,19.51191],[-98.2518,19.51155],[-98.25337,19.51148],[-98.25408,19.51128],[-98.25449,19.51099],[-98.25532,19.50992],[-98.25592,19.50823],[-98.25658,19.5067],[-98.2567,19.5062],[-98.25765,19.50496],[-98.25807,19.50422],[-98.25831,19.5036],[-98.25818,19.50277],[-98.25872,19.50278],[-98.25913,19.50299],[-98.26147,19.50317],[-98.26217,19.50313],[-98.26381,19.50285],[-98.26515,19.50311],[-98.26585,19.50341],[-98.26637,19.50353],[-98.26859,19.5038],[-98.27058,19.50315],[-98.27194,19.50245],[-98.2727,19.502],[-98.27329,19.50143],[-98.27447,19.50052],[-98.27681,19.49996],[-98.27792,19.50009],[-98.28089,19.50106],[-98.28159,19.50111],[-98.28323,19.50087],[-98.28441,19.50034],[-98.28593,19.49998],[-98.28603,19.50084],[-98.28654,19.50172],[-98.2862,19.50428],[-98.28502,19.50892],[-98.28477,19.51103],[-98.28482,19.51157],[-98.28499,19.51182],[-98.28569,19.51187],[-98.28639,19.51179],[-98.28821,19.5111],[-98.28898,19.51069],[-98.28986,19.51037],[-98.29168,19.50943],[-98.29402,19.50898],[-98.29619,19.50817],[-98.29684,19.50801],[-98.29824,19.50789],[-98.30198,19.50842],[-98.30267,19.509],[-98.30341,19.51075],[-98.3037,19.51108],[-98.30375,19.5122],[-98.30397,19.51365],[-98.30385,19.51415],[-98.30355,19.51452],[-98.30249,19.51526],[-98.30272,19.51567],[-98.30307,19.51592],[-98.3033,19.51638],[-98.30323,19.51746],[-98.30328,19.518],[-98.30316,19.51891],[-98.30315,19.5192],[-98.30321,19.51924],[-98.30313,19.52193],[-98.30295,19.52235],[-98.30248,19.52276],[-98.30206,19.52333],[-98.302,19.52396],[-98.30116,19.52536],[-98.30115,19.52623],[-98.3015,19.52636],[-98.30191,19.52636],[-98.30244,19.52657],[-98.30237,19.52702],[-98.30219,19.5276],[-98.30154,19.52901],[-98.30094,19.53004],[-98.30064,19.53095],[-98.30075,19.53141],[-98.30062,19.53232],[-98.30062,19.53306],[-98.3005,19.53348],[-98.30008,19.53405],[-98.2992,19.53496],[-98.29901,19.53554],[-98.29913,19.53608],[-98.29888,19.53693]]]}},{"type":"Feature","properties":{"seccion":98,"municipio":6,"distrito_local":1,"distrito_federal":2},"geometry":{"type":"Polygon","coordinates":[[[-98.56547,19.55898],[-98.5623,19.55833],[-98.56263,19.55726],[-98.5608,19.55672],[-98.56082,19.55666],[-98.55708,19.55609],[-98.55711,19.55601],[-98.55522,19.5557],[-98.5532,19.5552],[-98.55325,19.55498],[-98.55133,19.55452],[-98.55108,19.55541],[-98.54923,19.55515],[-98.54859,19.55749],[-98.54249,19.55552],[-98.54239,19.55586],[-98.54098,19.55439],[-98.54085,19.55458],[-98.53682,19.55313],[-98.52734,19.54936],[-98.52571,19.54859],[-98.52459,19.54718],[-98.52494,19.5468],[-98.52564,19.54543],[-98.52669,19.54427],[-98.52745,19.54365],[-98.52873,19.5429],[-98.53083,19.54124],[-98.53142,19.54086],[-98.532,19.54066],[-98.53306,19.53978],[-98.53358,19.53945],[-98.53382,19.53904],[-98.53463,19.53821],[-98.53545,19.53692],[-98.53638,19.53576],[-98.53696,19.53484],[-98.53702,19.53439],[-98.53737,19.53405],[-98.539,19.53322],[-98.53964,19.53243],[-98.53987,19.53231],[-98.54118,19.53343],[-98.54159,19.53392],[-98.542,19.53426],[-98.54359,19.53525],[-98.54436,19.53592],[-98.54471,19.536],[-98.545,19.53579],[-98.54558,19.53513],[-98.54646,19.5345],[-98.54719,19.53369],[-98.54763,19.53338],[-98.5485,19.53251],[-98.54973,19.53093],[-98.55048,19.52981],[-98.55083,19.52873],[-98.55082,19.52794],[-98.55112,19.52765],[-98.55164,19.52732],[-98.55281,19.5269],[-98.55275,19.5264],[-98.55455,19.52557],[-98.55523,19.52687],[-98.55591,19.52758],[-98.55649,19.52792],[-98.55747,19.52827],[-98.5584,19.52829],[-98.5614,19.52904],[-98.56256,19.52922],[-98.56615,19.52356],[-98.56657,19.52257],[-98.56676,19.52183],[-98.56661,19.52013],[-98.56737,19.51661],[-98.56773,19.51567],[-98.56925,19.51507],[-98.56984,19.51454],[-98.57061,19.5136],[-98.57409,19.51075],[-98.57515,19.50969],[-98.57597,19.50916],[-98.57895,19.50826],[-98.58028,19.50837],[-98.58557,19.51388],[-98.58959,19.50775],[-98.59125,19.50542],[-98.5923,19.50515],[-98.59493,19.50415],[-98.59715,19.50357],[-98.59849,19.50338],[-98.60006,19.50328],[-98.60227,19.50331],[-98.60313,19.50358],[-98.60383,19.50359],[-98.60529,19.50315],[-98.60434,19.50451],[-98.60362,19.50574],[-98.60235,19.50854],[-98.60199,19.50949],[-98.60174,19.5106],[-98.60131,19.51192],[-98.60117,19.51287],[-98.60128,19.51329],[-98.60289,19.51452],[-98.60369,19.5154],[-98.6038,19.51586],[-98.60338,19.51643],[-98.60354,19.51768],[-98.603,19.51808],[-98.60276,19.5187],[-98.60192,19.52022],[-98.60184,19.52167],[-98.60078,19.52269],[-98.60018,19.52339],[-98.59929,19.52479],[-98.59893,19.52569],[-98.59891,19.52673],[-98.59901,19.52785],[-98.59887,19.52901],[-98.59845,19.53004],[-98.59715,19.53126],[-98.59638,19.53224],[-98.59589,19.53356],[-98.59558,19.53468],[-98.59486,19.53574],[-98.59404,19.53627],[-98.5938,19.53689],[-98.59355,19.53804],[-98.59348,19.53883],[-98.59375,19.53971],[-98.59385,19.54054],[-98.59384,19.54141],[-98.59319,19.54202],[-98.59283,19.54268],[-98.59177,19.54378],[-98.58982,19.54541],[-98.58858,19.54659],[-98.58799,19.54745],[-98.58739,19.54852],[-98.58708,19.5493],[-98.58706,19.55059],[-98.58728,19.55167],[-98.58719,19.55304],[-98.58695,19.55386],[-98.58673,19.55651],[-98.58648,19.55754],[-98.58612,19.55799],[-98.58503,19.56059],[-98.58444,19.56161],[-98.58364,19.5613],[-98.58337,19.5613],[-98.58315,19.56133],[-98.58269,19.56166],[-98.57909,19.56025],[-98.57946,19.55971],[-98.57995,19.55934],[-98.58047,19.55914],[-98.58175,19.55836],[-98.58244,19.55774],[-98.58214,19.55753],[-98.58108,19.55754],[-98.58014,19.55858],[-98.57859,19.55897],[-98.57774,19.55881],[-98.57744,19.55932],[-98.57262,19.55693],[-98.57296,19.55575],[-98.57275,19.55522],[-98.57253,19.55494],[-98.57214,19.55531],[-98.57188,19.5557],[-98.57155,19.55579],[-98.57148,19.55601],[-98.56931,19.55763],[-98.5691,19.55794],[-98.56862,19.55811],[-98.56792,19.55786],[-98.5655,19.55861],[-98.56547,19.55898]]]}},{"type":"Feature","properties":{"seccion":161,"municipio":11,"distrito_local":2,"distrito_federal":2},"geometry":{"type":"Polygon","coordinates":[[[-98.20481,19.49366],[-98.20315,19.49545],[-98.20251,19.49595],[-98.20157,19.49575],[-98.20058,19.49604],[-98.19987,19.49679],[-98.19846,19.49717],[-98.19729,19.49702],[-98.19659,19.49727],[-98.19518,19.49798],[-98.19437,19.49745],[-98.19385,19.49671],[-98.1928,19.49656],[-98.19204,19.49693],[-98.19104,19.49706],[-98.19016,19.49798],[-98.18851,19.49914],[-98.18775,19.49931],[-98.18675,19.49908],[-98.18605,19.49916],[-98.18522,19.50016],[-98.18434,19.50087],[-98.18394,19.50033],[-98.18505,19.49467],[-98.18317,19.48453],[-98.19064,19.48397],[-98.1911,19.48366],[-98.19155,19.48206],[-98.19191,19.48039],[-98.19723,19.48299],[-98.20013,19.47589],[-98.19747,19.47596],[-98.19788,19.47503],[-98.19708,19.4747],[-98.19835,19.47348],[-98.19785,19.47329],[-98.19875,19.47202],[-98.19499,19.47048],[-98.19535,19.46902],[-98.19352,19.46833],[-98.19439,19.46598],[-98.19429,19.46589],[-98.19917,19.45019],[-98.20493,19.45327],[-98.21022,19.45673],[-98.21114,19.45396],[-98.21284,19.45518],[-98.21337,19.45546],[-98.21379,19.456],[-98.2144,19.45699],[-98.21467,19.4592],[-98.21535,19.46111],[-98.21728,19.46429],[-98.21343,19.47069],[-98.21516,19.47138],[-98.21299,19.47478],[-98.21434,19.47558],[-98.21245,19.47836],[-98.2143,19.47998],[-98.21808,19.48358],[-98.21836,19.48318],[-98.21828,19.48282],[-98.21794,19.48223],[-98.21856,19.48219],[-98.22,19.4841],[-98.22127,19.48511],[-98.22202,19.48586],[-98.22254,19.48661],[-98.22277,19.48744],[-98.22472,19.49027],[-98.23046,19.49533],[-98.2301,19.49549],[-98.22881,19.49703],[-98.23077,19.49885],[-98.22943,19.50018],[-98.22925,19.50046],[-98.22709,19.50244],[-98.22587,19.50392],[-98.22441,19.50493],[-98.22467,19.50523],[-98.22368,19.50665],[-98.2237,19.50678],[-98.2223,19.50808],[-98.22196,19.50798],[-98.22126,19.50741],[-98.21877,19.5059],[-98.21772,19.50566],[-98.21591,19.50538],[-98.21509,19.5058],[-98.21261,19.50784],[-98.20995,19.49932],[-98.20925,19.49908],[-98.20867,19.49904],[-98.20645,19.49914],[-98.20557,19.4996],[-98.20509,19.50006],[-98.20462,19.50018],[-98.20475,19.49965],[-98.2051,19.49931],[-98.2058,19.4991],[-98.2068,19.4986],[-98.20774,19.49835],[-98.20862,19.49797],[-98.21067,19.49742],[-98.21115,19.49659],[-98.21128,19.49539],[-98.21123,19.4944],[-98.21042,19.49366],[-98.20931,19.49334],[-98.20809,19.49318],[-98.20558,19.49295],[-98.20481,19.49366]]]}},{"type":"Feature","properties":{"seccion":164,"municipio":11,"distrito_local":2,"distrito_federal":2},"geometry":{"type":"Polygon","coordinates":[[[-98.19747,19.47596],[-98.20013,19.47589],[-98.19723,19.48299],[-98.19191,19.48039],[-98.19155,19.48206],[-98.1911,19.48366],[-98.19064,19.48397],[-98.18317,19.48453],[-98.17978,19.48086],[-98.17951,19.4773],[-98.179,19.47531],[-98.17831,19.47377],[-98.17824,19.47067],[-98.17768,19.46834],[-98.17799,19.46689],[-98.17812,19.46544],[-98.17848,19.46458],[-98.17874,19.46193],[-98.17823,19.46076],[-98.17876,19.4601],[-98.17885,19.45791],[-98.1788,19.45144],[-98.17846,19.44456],[-98.17921,19.44067],[-98.1796,19.43711],[-98.17914,19.4362],[-98.17833,19.43503],[-98.17735,19.43432],[-98.17712,19.4339],[-98.17696,19.43282],[-98.17673,19.43199],[-98.17691,19.43162],[-98.17726,19.43125],[-98.17721,19.43051],[-98.17728,19.42972],[-98.17722,19.42929],[-98.17795,19.42972],[-98.17824,19.43059],[-98.17835,19.43153],[-98.17819,19.43221],[-98.17805,19.43245],[-98.17821,19.43265],[-98.17908,19.43256],[-98.17969,19.43234],[-98.1819,19.43213],[-98.18259,19.43182],[-98.18332,19.43163],[-98.18416,19.43107],[-98.18469,19.43095],[-98.18633,19.43107],[-98.18762,19.43172],[-98.18834,19.43179],[-98.18886,19.43158],[-98.18969,19.43067],[-98.19229,19.43073],[-98.19343,19.43149],[-98.19418,19.43166],[-98.19551,19.43166],[-98.19588,19.43158],[-98.19703,19.43303],[-98.19744,19.43366],[-98.20884,19.43378],[-98.20925,19.42825],[-98.20921,19.42725],[-98.20909,19.42686],[-98.20882,19.42668],[-98.20878,19.42645],[-98.20928,19.42597],[-98.20949,19.42566],[-98.2101,19.42608],[-98.21087,19.42645],[-98.21161,19.42679],[-98.21257,19.42706],[-98.21288,19.42724],[-98.21288,19.42765],[-98.21258,19.42841],[-98.21179,19.42928],[-98.21118,19.43022],[-98.21112,19.4308],[-98.21142,19.4318],[-98.21196,19.43236],[-98.21241,19.43258],[-98.21244,19.43325],[-98.21182,19.43382],[-98.21152,19.43436],[-98.2114,19.43498],[-98.21145,19.43577],[-98.21162,19.43652],[-98.21224,19.4381],[-98.21206,19.43855],[-98.21165,19.43888],[-98.21159,19.43942],[-98.21164,19.43996],[-98.21233,19.441],[-98.21227,19.44145],[-98.21139,19.44174],[-98.21127,19.44198],[-98.2119,19.44257],[-98.21465,19.44744],[-98.21541,19.44762],[-98.21751,19.45386],[-98.21872,19.4571],[-98.22174,19.45765],[-98.22454,19.45862],[-98.22567,19.46],[-98.2261,19.46242],[-98.22786,19.46411],[-98.23262,19.46526],[-98.23422,19.46502],[-98.23363,19.46568],[-98.23315,19.46646],[-98.23327,19.46696],[-98.23373,19.46746],[-98.2336,19.46808],[-98.23343,19.46825],[-98.23174,19.46753],[-98.23127,19.46765],[-98.23127,19.46815],[-98.23073,19.46872],[-98.23015,19.46897],[-98.2295,19.46959],[-98.2279,19.4714],[-98.22742,19.47318],[-98.22747,19.47368],[-98.22741,19.47409],[-98.22705,19.475],[-98.22663,19.47528],[-98.22553,19.47511],[-98.22511,19.47531],[-98.22487,19.47651],[-98.22451,19.47701],[-98.22416,19.47734],[-98.22305,19.4775],[-98.22223,19.47745],[-98.22035,19.47835],[-98.21976,19.47872],[-98.21911,19.47938],[-98.21858,19.48024],[-98.2184,19.48074],[-98.21827,19.48144],[-98.21856,19.48219],[-98.21794,19.48223],[-98.21828,19.48282],[-98.21836,19.48318],[-98.21808,19.48358],[-98.2143,19.47998],[-98.21245,19.47836],[-98.21434,19.47558],[-98.21299,19.47478],[-98.21516,19.47138],[-98.21343,19.47069],[-98.21728,19.46429],[-98.21526,19.4609],[-98.21467,19.4592],[-98.2144,19.45699],[-98.21337,19.45546],[-98.21284,19.45518],[-98.21114,19.45396],[-98.21022,19.45673],[-98.20493,19.45327],[-98.19917,19.45019],[-98.19429,19.46589],[-98.19439,19.46598],[-98.19352,19.46833],[-98.19535,19.46902],[-98.19499,19.47048],[-98.19875,19.47202],[-98.19785,19.47329],[-98.19835,19.47348],[-98.19708,19.4747],[-98.19788,19.47503],[-98.19747,19.47596]]]}},{"type":"Feature","properties":{"seccion":169,"municipio":12,"distrito_local":6,"distrito_federal":2},"geometry":{"type":"Polygon","coordinates":[[[-98.40238,19.49097],[-98.39915,19.49001],[-98.39809,19.48956],[-98.39721,19.48935],[-98.39569,19.48906],[-98.39481,19.48918],[-98.39405,19.48914],[-98.39316,19.48873],[-98.39252,19.48827],[-98.39193,19.4876],[-98.39046,19.48727],[-98.38976,19.48698],[-98.38764,19.48553],[-98.38664,19.48432],[-98.38605,19.48403],[-98.3854,19.48345],[-98.38517,19.48304],[-98.38434,19.48242],[-98.3827,19.4825],[-98.38223,19.48221],[-98.38199,19.48192],[-98.38216,19.48071],[-98.38181,19.48022],[-98.38116,19.47984],[-98.38028,19.47947],[-98.37981,19.47914],[-98.37899,19.47909],[-98.37788,19.48005],[-98.37741,19.4803],[-98.37665,19.48026],[-98.37477,19.47996],[-98.37442,19.47959],[-98.37418,19.47901],[-98.37418,19.47851],[-98.37365,19.47785],[-98.37323,19.47689],[-98.37393,19.47581],[-98.37423,19.47552],[-98.37434,19.47482],[-98.37475,19.47357],[-98.37539,19.4727],[-98.3755,19.47225],[-98.37573,19.47179],[-98.37626,19.47133],[-98.37655,19.4705],[-98.37696,19.47],[-98.37748,19.46955],[-98.37771,19.46892],[-98.37742,19.46834],[-98.37701,19.46785],[-98.37665,19.4671],[-98.37642,19.46685],[-98.37624,19.46581],[-98.37576,19.46515],[-98.37553,19.46461],[-98.37453,19.46407],[-98.38299,19.45552],[-98.38399,19.45481],[-98.38422,19.45427],[-98.38492,19.45394],[-98.38603,19.45357],[-98.38667,19.45253],[-98.38784,19.45141],[-98.38842,19.45116],[-98.38954,19.45108],[-98.38995,19.45066],[-98.39,19.45016],[-98.392,19.45029],[-98.3927,19.45046],[-98.39446,19.44992],[-98.39616,19.44987],[-98.39727,19.44954],[-98.39826,19.44813],[-98.39908,19.44734],[-98.39995,19.4466],[-98.40136,19.44564],[-98.40206,19.44543],[-98.4023,19.44751],[-98.40237,19.44934],[-98.40267,19.45091],[-98.40261,19.45158],[-98.40274,19.45228],[-98.40309,19.45315],[-98.40315,19.45411],[-98.40304,19.45465],[-98.4031,19.45544],[-98.40304,19.45594],[-98.40328,19.45685],[-98.40429,19.45855],[-98.40577,19.46154],[-98.40606,19.46233],[-98.40624,19.46349],[-98.40631,19.46453],[-98.40614,19.46569],[-98.40585,19.46664],[-98.40579,19.46777],[-98.40598,19.47009],[-98.40558,19.47154],[-98.40558,19.47266],[-98.40512,19.47436],[-98.4049,19.47661],[-98.40472,19.47735],[-98.40443,19.47789],[-98.40409,19.47922],[-98.40362,19.47993],[-98.40351,19.48051],[-98.40363,19.48092],[-98.40363,19.48155],[-98.40347,19.48445],[-98.404,19.48537],[-98.40394,19.48632],[-98.40406,19.48682],[-98.40443,19.49084],[-98.40332,19.49097],[-98.40238,19.49097]]]}},{"type":"Feature","properties":{"seccion":165,"municipio":12,"distrito_local":6,"distrito_federal":2},"geometry":{"type":"Polygon","coordinates":[[[-98.42267,19.47302],[-98.42255,19.47337],[-98.42258,19.47402],[-98.42302,19.47463],[-98.42321,19.47513],[-98.42326,19.47547],[-98.42231,19.47569],[-98.42225,19.47665],[-98.42202,19.47764],[-98.42232,19.47935],[-98.42221,19.4803],[-98.42146,19.48292],[-98.42106,19.48466],[-98.42095,19.48553],[-98.42284,19.48947],[-98.42273,19.49022],[-98.42243,19.49068],[-98.42215,19.49209],[-98.42145,19.49412],[-98.42123,19.49545],[-98.42012,19.49661],[-98.41806,19.49616],[-98.4173,19.49558],[-98.41647,19.49445],[-98.41612,19.49383],[-98.41559,19.49329],[-98.41512,19.49304],[-98.41488,19.49275],[-98.415,19.49246],[-98.41447,19.49238],[-98.41388,19.49205],[-98.41305,19.49134],[-98.41171,19.49118],[-98.411,19.4908],[-98.41024,19.49113],[-98.40965,19.49122],[-98.40883,19.4918],[-98.40819,19.49188],[-98.40754,19.49171],[-98.40702,19.49167],[-98.40619,19.49093],[-98.40531,19.49076],[-98.40443,19.49084],[-98.40406,19.48682],[-98.40394,19.48632],[-98.404,19.48537],[-98.40347,19.48445],[-98.40363,19.48155],[-98.40363,19.48092],[-98.40351,19.48051],[-98.40362,19.47993],[-98.40409,19.47922],[-98.40443,19.47789],[-98.40472,19.47735],[-98.4049,19.47661],[-98.40512,19.47436],[-98.40558,19.47266],[-98.40558,19.47154],[-98.40598,19.47009],[-98.40579,19.46777],[-98.40585,19.46664],[-98.40614,19.46569],[-98.40631,19.46453],[-98.40624,19.46349],[-98.40606,19.46233],[-98.40577,19.46154],[-98.40429,19.45855],[-98.40328,19.45685],[-98.40304,19.45594],[-98.4031,19.45544],[-98.40304,19.45465],[-98.40315,19.45411],[-98.40309,19.45315],[-98.40274,19.45228],[-98.40261,19.45158],[-98.40267,19.45091],[-98.40237,19.44934],[-98.4023,19.44751],[-98.40206,19.44543],[-98.41849,19.44581],[-98.41819,19.44381],[-98.41782,19.44302],[-98.42392,19.44154],[-98.42458,19.44479],[-98.42504,19.44656],[-98.42657,19.44622],[-98.42996,19.44572],[-98.43125,19.44527],[-98.43559,19.4444],[-98.43646,19.44365],[-98.43676,19.44427],[-98.43817,19.44597],[-98.43925,19.44689],[-98.43852,19.44739],[-98.43712,19.44964],[-98.43569,19.45502],[-98.43506,19.45598],[-98.43266,19.46316],[-98.43198,19.4655],[-98.43289,19.4666],[-98.43268,19.46709],[-98.43179,19.46756],[-98.43104,19.46773],[-98.4306,19.46801],[-98.42928,19.46797],[-98.42877,19.46855],[-98.43189,19.47238],[-98.43141,19.47405],[-98.43003,19.4737],[-98.4297,19.47368],[-98.42915,19.47381],[-98.42816,19.47358],[-98.42724,19.47302],[-98.42691,19.47292],[-98.4256,19.47269],[-98.42267,19.47302]]]}},{"type":"Feature","properties":{"seccion":170,"municipio":12,"distrito_local":6,"distrito_federal":2},"geometry":{"type":"Polygon","coordinates":[[[-98.45549,19.47154],[-98.45453,19.46664],[-98.45514,19.45934],[-98.45233,19.45415],[-98.44426,19.44858],[-98.43899,19.44976],[-98.43644,19.45214],[-98.43712,19.44964],[-98.43852,19.44739],[-98.43925,19.44689],[-98.43817,19.44597],[-98.43676,19.44427],[-98.43646,19.44365],[-98.43534,19.44228],[-98.43493,19.44153],[-98.43374,19.43887],[-98.43368,19.43813],[-98.43332,19.43655],[-98.43326,19.43493],[-98.43336,19.43286],[-98.4333,19.43116],[-98.43375,19.42779],[-98.43417,19.4234],[-98.43541,19.4235],[-98.45188,19.42189],[-98.45398,19.42262],[-98.45509,19.42327],[-98.4562,19.42422],[-98.45725,19.42537],[-98.45778,19.42649],[-98.45807,19.42757],[-98.45959,19.42793],[-98.45991,19.43132],[-98.46004,19.43455],[-98.45911,19.43588],[-98.45935,19.43688],[-98.45912,19.43758],[-98.45856,19.44008],[-98.45751,19.44276],[-98.45687,19.44471],[-98.45696,19.44514],[-98.46206,19.4449],[-98.46629,19.45647],[-98.46504,19.45807],[-98.46124,19.46369],[-98.46013,19.46444],[-98.45797,19.46627],[-98.45549,19.47154]]]}},{"type":"Feature","properties":{"seccion":171,"municipio":12,"distrito_local":6,"distrito_federal":2},"geometry":{"type":"Polygon","coordinates":[[[-98.4955,19.45538],[-98.49473,19.45438],[-98.49414,19.45376],[-98.49361,19.45339],[-98.49343,19.45293],[-98.49278,19.45181],[-98.49237,19.45152],[-98.49155,19.45073],[-98.49078,19.45036],[-98.4899,19.45027],[-98.48902,19.4499],[-98.48837,19.4494],[-98.48743,19.44816],[-98.48631,19.44695],[-98.48589,19.44633],[-98.48495,19.4455],[-98.48436,19.4443],[-98.48383,19.44389],[-98.48301,19.44297],[-98.48218,19.44235],[-98.48142,19.44227],[-98.48102,19.44401],[-98.48049,19.44434],[-98.47979,19.44455],[-98.47944,19.44501],[-98.47892,19.44675],[-98.47846,19.4475],[-98.47782,19.44916],[-98.47541,19.44895],[-98.47342,19.44924],[-98.4726,19.44953],[-98.47085,19.45119],[-98.47015,19.45161],[-98.46698,19.4514],[-98.46528,19.45107],[-98.46423,19.45074],[-98.46206,19.4449],[-98.45696,19.44514],[-98.45687,19.44471],[-98.45751,19.44276],[-98.45856,19.44008],[-98.45912,19.43758],[-98.45935,19.43688],[-98.45911,19.43588],[-98.46004,19.43455],[-98.45991,19.43132],[-98.45959,19.42793],[-98.46052,19.42834],[-98.46151,19.42804],[-98.46221,19.42824],[-98.46402,19.42927],[-98.46548,19.42979],[-98.46565,19.43004],[-98.466,19.43008],[-98.467,19.43053],[-98.46804,19.43073],[-98.48393,19.4304],[-98.48487,19.43164],[-98.48569,19.43226],[-98.48598,19.43271],[-98.48598,19.43308],[-98.48704,19.43503],[-98.48798,19.4361],[-98.48851,19.43651],[-98.48909,19.43742],[-98.48927,19.438],[-98.49009,19.43928],[-98.49044,19.4401],[-98.49085,19.4406],[-98.49103,19.4411],[-98.49092,19.44164],[-98.49127,19.44234],[-98.49139,19.44288],[-98.49198,19.4442],[-98.49274,19.44536],[-98.49298,19.44585],[-98.49415,19.44672],[-98.4945,19.44709],[-98.49485,19.44721],[-98.49411,19.44849],[-98.49453,19.44915],[-98.49547,19.44998],[-98.49618,19.45044],[-98.49717,19.45089],[-98.49823,19.4516],[-98.50006,19.45243],[-98.4955,19.45538]]]}},{"type":"Feature","properties":{"seccion":167,"municipio":12,"distrito_local":6,"distrito_federal":2},"geometry":{"type":"Polygon","coordinates":[[[-98.49499,19.48194],[-98.49499,19.48261],[-98.49526,19.48474],[-98.49585,19.48653],[-98.4965,19.4868],[-98.49679,19.487],[-98.49709,19.48739],[-98.49737,19.48755],[-98.49767,19.48758],[-98.49838,19.48749],[-98.49889,19.48759],[-98.49994,19.48818],[-98.50103,19.48829],[-98.50137,19.48854],[-98.50169,19.48893],[-98.50229,19.48906],[-98.50284,19.48935],[-98.50307,19.48981],[-98.50333,19.48993],[-98.50343,19.49005],[-98.50361,19.49052],[-98.50358,19.49115],[-98.50383,19.49156],[-98.50426,19.49202],[-98.50486,19.49337],[-98.50482,19.49373],[-98.50431,19.49385],[-98.50361,19.49427],[-98.50332,19.49456],[-98.50291,19.49477],[-98.5025,19.4951],[-98.50168,19.49477],[-98.50127,19.4953],[-98.50139,19.49614],[-98.50175,19.49688],[-98.50187,19.49834],[-98.50117,19.49912],[-98.50088,19.49918],[-98.50042,19.49956],[-98.49913,19.4991],[-98.49869,19.49956],[-98.49822,19.49967],[-98.49096,19.49853],[-98.48666,19.49809],[-98.48519,19.49786],[-98.48473,19.49684],[-98.48415,19.49614],[-98.48366,19.49524],[-98.48316,19.49351],[-98.48306,19.49266],[-98.48292,19.49228],[-98.48283,19.49225],[-98.48243,19.49346],[-98.47922,19.49357],[-98.47778,19.49373],[-98.47901,19.49026],[-98.47847,19.49035],[-98.47662,19.48941],[-98.4762,19.48912],[-98.47803,19.48782],[-98.47734,19.48751],[-98.47694,19.48718],[-98.4758,19.48759],[-98.47458,19.48879],[-98.4743,19.48857],[-98.47335,19.4858],[-98.47287,19.48521],[-98.47226,19.48477],[-98.47159,19.48454],[-98.47096,19.48444],[-98.46917,19.48436],[-98.46549,19.48469],[-98.4652,19.48484],[-98.46466,19.48531],[-98.46346,19.48696],[-98.46208,19.4879],[-98.4615,19.48816],[-98.46115,19.4884],[-98.46105,19.48859],[-98.45872,19.48872],[-98.45878,19.48752],[-98.45848,19.48694],[-98.45766,19.48627],[-98.45748,19.4859],[-98.45736,19.48523],[-98.45747,19.48407],[-98.45717,19.48308],[-98.4561,19.4804],[-98.45694,19.47663],[-98.45549,19.47154],[-98.45797,19.46627],[-98.46013,19.46444],[-98.46124,19.46369],[-98.46504,19.45807],[-98.46629,19.45647],[-98.46423,19.45074],[-98.46528,19.45107],[-98.46698,19.4514],[-98.47015,19.45161],[-98.47085,19.45119],[-98.4726,19.44953],[-98.47342,19.44924],[-98.47541,19.44895],[-98.47782,19.44916],[-98.47846,19.4475],[-98.47892,19.44675],[-98.47944,19.44501],[-98.47979,19.44455],[-98.48049,19.44434],[-98.48102,19.44401],[-98.48142,19.44227],[-98.48218,19.44235],[-98.48301,19.44297],[-98.48383,19.44389],[-98.48436,19.4443],[-98.48495,19.4455],[-98.48589,19.44633],[-98.48631,19.44695],[-98.48743,19.44816],[-98.48837,19.4494],[-98.48902,19.4499],[-98.4899,19.45027],[-98.49078,19.45036],[-98.49155,19.45073],[-98.49237,19.45152],[-98.49278,19.45181],[-98.49343,19.45293],[-98.49361,19.45339],[-98.49414,19.45376],[-98.49473,19.45438],[-98.4955,19.45538],[-98.49656,19.45625],[-98.49791,19.45704],[-98.49868,19.45836],[-98.49921,19.4599],[-98.49898,19.46044],[-98.50625,19.46106],[-98.50603,19.46264],[-98.5058,19.4633],[-98.50557,19.46442],[-98.50564,19.467],[-98.50594,19.46762],[-98.50547,19.46861],[-98.50501,19.46936],[-98.50442,19.47007],[-98.50408,19.47069],[-98.50391,19.47148],[-98.5035,19.47235],[-98.50338,19.47285],[-98.50145,19.47318],[-98.50098,19.47347],[-98.50064,19.47484],[-98.50017,19.47588],[-98.49995,19.47692],[-98.49948,19.47791],[-98.49861,19.4792],[-98.49732,19.48032],[-98.49639,19.48086],[-98.49563,19.48115],[-98.4951,19.48149],[-98.49499,19.48194]]]}},{"type":"Feature","properties":{"seccion":168,"municipio":12,"distrito_local":6,"distrito_federal":2},"geometry":{"type":"Polygon","coordinates":[[[-98.45872,19.48843],[-98.45737,19.48752],[-98.45672,19.48748],[-98.45631,19.48735],[-98.45525,19.48669],[-98.45373,19.48623],[-98.45331,19.48573],[-98.45109,19.48578],[-98.45003,19.48569],[-98.44856,19.4852],[-98.44797,19.48486],[-98.4475,19.48445],[-98.44662,19.48408],[-98.44419,19.49117],[-98.43979,19.49047],[-98.44317,19.48603],[-98.44404,19.48312],[-98.44682,19.48134],[-98.44512,19.47823],[-98.44371,19.47784],[-98.44136,19.47632],[-98.44057,19.47596],[-98.43983,19.47579],[-98.43933,19.47589],[-98.43591,19.47061],[-98.43289,19.4666],[-98.43198,19.4655],[-98.43266,19.46316],[-98.43506,19.45598],[-98.43569,19.45502],[-98.43644,19.45214],[-98.43899,19.44976],[-98.44426,19.44858],[-98.45233,19.45415],[-98.45514,19.45934],[-98.45453,19.46664],[-98.45549,19.47154],[-98.45694,19.47663],[-98.4561,19.4804],[-98.45717,19.48308],[-98.45747,19.48407],[-98.45736,19.48523],[-98.45748,19.4859],[-98.45766,19.48627],[-98.45848,19.48694],[-98.45878,19.48752],[-98.45872,19.48843]]]}},{"type":"Feature","properties":{"seccion":172,"municipio":12,"distrito_local":6,"distrito_federal":2},"geometry":{"type":"Polygon","coordinates":[[[-98.37336,19.46428],[-98.37224,19.46419],[-98.37142,19.46402],[-98.3706,19.46365],[-98.36989,19.46373],[-98.36866,19.46361],[-98.36784,19.46336],[-98.36702,19.46295],[-98.36473,19.46137],[-98.36361,19.4607],[-98.36238,19.4602],[-98.36167,19.46016],[-98.3612,19.45996],[-98.36126,19.45933],[-98.36172,19.45838],[-98.36107,19.45709],[-98.36101,19.45647],[-98.36019,19.45526],[-98.3596,19.45501],[-98.35742,19.45365],[-98.35689,19.45306],[-98.35625,19.45252],[-98.35483,19.45074],[-98.35401,19.45024],[-98.35319,19.45049],[-98.35254,19.45057],[-98.35166,19.45053],[-98.35078,19.45024],[-98.34937,19.44908],[-98.34891,19.4483],[-98.34836,19.4469],[-98.34864,19.44573],[-98.34688,19.44256],[-98.34723,19.44198],[-98.34734,19.43936],[-98.34751,19.4387],[-98.34751,19.43783],[-98.34791,19.43646],[-98.34861,19.43472],[-98.34861,19.43422],[-98.34837,19.43355],[-98.34819,19.43272],[-98.34807,19.43185],[-98.34807,19.43119],[-98.34847,19.43044],[-98.34912,19.42994],[-98.35081,19.42915],[-98.35181,19.42891],[-98.35333,19.42828],[-98.3562,19.42824],[-98.35726,19.42812],[-98.35913,19.42716],[-98.36006,19.4265],[-98.36123,19.42592],[-98.36187,19.4253],[-98.3624,19.4243],[-98.3628,19.42314],[-98.36303,19.42218],[-98.36408,19.42048],[-98.3662,19.42205],[-98.36771,19.42141],[-98.36875,19.42132],[-98.36969,19.42111],[-98.37137,19.42047],[-98.37178,19.42001],[-98.37212,19.41918],[-98.37264,19.41727],[-98.37298,19.41656],[-98.37345,19.41598],[-98.37403,19.41556],[-98.37437,19.41506],[-98.37478,19.41468],[-98.37588,19.41405],[-98.37658,19.41434],[-98.37769,19.41562],[-98.37898,19.41743],[-98.37957,19.41801],[-98.38026,19.41792],[-98.38084,19.41742],[-98.38113,19.41696],[-98.38096,19.4163],[-98.3813,19.41522],[-98.38136,19.4143],[-98.38229,19.41446],[-98.38305,19.41487],[-98.38398,19.41557],[-98.38427,19.41619],[-98.38468,19.41681],[-98.3855,19.4171],[-98.38602,19.41711],[-98.38845,19.41874],[-98.38842,19.42002],[-98.38912,19.4201],[-98.38941,19.42022],[-98.38959,19.42072],[-98.38959,19.42142],[-98.38989,19.42188],[-98.39053,19.4225],[-98.39118,19.42394],[-98.39147,19.42436],[-98.39194,19.42481],[-98.39229,19.42535],[-98.39287,19.42559],[-98.3934,19.42605],[-98.39579,19.42715],[-98.39619,19.42726],[-98.39595,19.42904],[-98.39613,19.4297],[-98.39683,19.43087],[-98.39742,19.43116],[-98.39835,19.42979],[-98.39911,19.42916],[-98.40064,19.42908],[-98.40252,19.42979],[-98.40346,19.43037],[-98.40454,19.43201],[-98.40535,19.43204],[-98.40705,19.43268],[-98.40752,19.43267],[-98.40865,19.43238],[-98.40892,19.43245],[-98.40925,19.43265],[-98.40983,19.43278],[-98.41035,19.43269],[-98.41138,19.43232],[-98.41211,19.43072],[-98.41293,19.43006],[-98.41623,19.42925],[-98.41951,19.42875],[-98.4208,19.42846],[-98.42103,19.42817],[-98.42108,19.42659],[-98.42207,19.42526],[-98.42015,19.42187],[-98.42114,19.4219],[-98.42173,19.42211],[-98.4233,19.42243],[-98.42441,19.42246],[-98.42645,19.42274],[-98.43417,19.4234],[-98.43375,19.42779],[-98.4333,19.43116],[-98.43336,19.43286],[-98.43326,19.43493],[-98.43332,19.43655],[-98.43368,19.43813],[-98.43374,19.43887],[-98.43398,19.43946],[-98.43534,19.44228],[-98.43646,19.44365],[-98.43559,19.4444],[-98.43125,19.44527],[-98.42996,19.44572],[-98.42657,19.44622],[-98.42504,19.44656],[-98.42458,19.44479],[-98.42392,19.44154],[-98.41782,19.44302],[-98.41819,19.44381],[-98.41849,19.44581],[-98.40206,19.44543],[-98.40136,19.44564],[-98.39995,19.4466],[-98.39908,19.44734],[-98.39826,19.44813],[-98.39727,19.44954],[-98.39616,19.44987],[-98.39446,19.44992],[-98.3927,19.45046],[-98.392,19.45029],[-98.39,19.45016],[-98.38995,19.45066],[-98.38954,19.45108],[-98.38842,19.45116],[-98.38784,19.45141],[-98.38667,19.45253],[-98.38603,19.45357],[-98.38492,19.45394],[-98.38422,19.45427],[-98.38399,19.45481],[-98.38299,19.45552],[-98.37453,19.46407],[-98.37424,19.46423],[-98.37336,19.46428]]]}},{"type":"Feature","properties":{"seccion":173,"municipio":12,"distrito_local":6,"distrito_federal":2},"geometry":{"type":"Polygon","coordinates":[[[-98.40983,19.43278],[-98.40925,19.43265],[-98.40892,19.43245],[-98.40865,19.43238],[-98.40752,19.43267],[-98.40705,19.43268],[-98.40535,19.43204],[-98.40454,19.43201],[-98.40346,19.43037],[-98.40252,19.42979],[-98.40064,19.42908],[-98.39911,19.42916],[-98.39835,19.42979],[-98.39742,19.43116],[-98.39683,19.43087],[-98.39613,19.4297],[-98.39595,19.42904],[-98.39619,19.42726],[-98.39695,19.42743],[-98.39742,19.42797],[-98.40264,19.42399],[-98.40416,19.42394],[-98.4048,19.4236],[-98.40567,19.42293],[-98.40613,19.42247],[-98.40706,19.42221],[-98.40764,19.42196],[-98.40857,19.42112],[-98.40921,19.4207],[-98.4095,19.4207],[-98.40967,19.42045],[-98.40973,19.42008],[-98.41008,19.41995],[-98.41019,19.41966],[-98.41089,19.41994],[-98.41188,19.42019],[-98.414,19.41818],[-98.41449,19.41826],[-98.41584,19.42024],[-98.41664,19.42097],[-98.41824,19.42107],[-98.41893,19.42192],[-98.42015,19.42187],[-98.42207,19.42526],[-98.42108,19.42659],[-98.42103,19.42817],[-98.4208,19.42846],[-98.41951,19.42875],[-98.41623,19.42925],[-98.41293,19.43006],[-98.41211,19.43072],[-98.41138,19.43232],[-98.41035,19.43269],[-98.40983,19.43278]]]}},{"type":"Feature","properties":{"seccion":460,"municipio":33,"distrito_local":7,"distrito_federal":2},"geometry":{"type":"Polygon","coordinates":[[[-98.23756,19.30936],[-98.23824,19.3082],[-98.24091,19.30445],[-98.24096,19.30391],[-98.24104,19.30386],[-98.24114,19.30391],[-98.24098,19.30567],[-98.2414,19.30597],[-98.24146,19.30611],[-98.24169,19.30903],[-98.24185,19.31274],[-98.24152,19.3127],[-98.24139,19.31283],[-98.24141,19.31333],[-98.24133,19.31373],[-98.24116,19.31375],[-98.2407,19.31341],[-98.24039,19.31337],[-98.24036,19.31329],[-98.24014,19.31342],[-98.23977,19.31321],[-98.23945,19.31377],[-98.23815,19.31311],[-98.23914,19.31106],[-98.23715,19.31032],[-98.23756,19.30936]]]}},{"type":"Feature","properties":{"seccion":175,"municipio":12,"distrito_local":6,"distrito_federal":2},"geometry":{"type":"Polygon","coordinates":[[[-98.50942,19.42722],[-98.50907,19.42805],[-98.50728,19.43076],[-98.50722,19.43139],[-98.50647,19.43272],[-98.50595,19.43252],[-98.50519,19.43186],[-98.50426,19.43128],[-98.50332,19.43092],[-98.50186,19.43056],[-98.50099,19.43052],[-98.49716,19.43163],[-98.49605,19.43172],[-98.4936,19.43087],[-98.49465,19.43231],[-98.49612,19.43487],[-98.49611,19.43686],[-98.49682,19.43832],[-98.49729,19.43969],[-98.49856,19.43994],[-98.49959,19.44136],[-98.49971,19.4419],[-98.49937,19.44423],[-98.49863,19.4461],[-98.4974,19.44636],[-98.49636,19.4467],[-98.49578,19.44708],[-98.4952,19.44733],[-98.4945,19.44709],[-98.49415,19.44672],[-98.49298,19.44585],[-98.49274,19.44536],[-98.49198,19.4442],[-98.49139,19.44288],[-98.49127,19.44234],[-98.49092,19.44164],[-98.49103,19.4411],[-98.49085,19.4406],[-98.49044,19.4401],[-98.49009,19.43928],[-98.48927,19.438],[-98.48909,19.43742],[-98.48851,19.43651],[-98.48798,19.4361],[-98.48704,19.43503],[-98.48598,19.43308],[-98.48598,19.43271],[-98.48569,19.43226],[-98.48487,19.43164],[-98.48341,19.42978],[-98.48277,19.42933],[-98.48189,19.42805],[-98.48089,19.42735],[-98.48031,19.42674],[-98.47931,19.42604],[-98.47902,19.42554],[-98.47797,19.42435],[-98.47738,19.42373],[-98.4768,19.42332],[-98.47574,19.42167],[-98.47562,19.42084],[-98.47573,19.4193],[-98.47561,19.41872],[-98.4759,19.41814],[-98.47566,19.41768],[-98.47467,19.41645],[-98.4742,19.41604],[-98.47379,19.41529],[-98.4728,19.41522],[-98.47216,19.41505],[-98.47169,19.41473],[-98.47122,19.41419],[-98.47075,19.41361],[-98.47052,19.41316],[-98.4704,19.41266],[-98.4704,19.41208],[-98.47075,19.41174],[-98.47086,19.41054],[-98.4712,19.41025],[-98.47254,19.40949],[-98.47253,19.40858],[-98.4723,19.40792],[-98.47223,19.40688],[-98.47229,19.4058],[-98.47211,19.40555],[-98.47141,19.40506],[-98.47106,19.40461],[-98.471,19.40357],[-98.47117,19.40261],[-98.47122,19.40099],[-98.47115,19.40029],[-98.47144,19.39946],[-98.47074,19.39755],[-98.47073,19.39714],[-98.47021,19.3966],[-98.46968,19.3954],[-98.46921,19.39478],[-98.4695,19.39428],[-98.46891,19.39284],[-98.46879,19.39213],[-98.46919,19.39159],[-98.46867,19.39097],[-98.46801,19.3879],[-98.46735,19.38682],[-98.46763,19.38654],[-98.46904,19.38467],[-98.46973,19.38439],[-98.47026,19.3845],[-98.46986,19.38515],[-98.47033,19.38514],[-98.47442,19.38682],[-98.47487,19.38705],[-98.47497,19.38717],[-98.47607,19.38764],[-98.4776,19.38807],[-98.47816,19.38815],[-98.47944,19.38803],[-98.48432,19.39027],[-98.48525,19.39022],[-98.48577,19.39059],[-98.48671,19.39166],[-98.48712,19.39145],[-98.48717,19.39033],[-98.48792,19.39012],[-98.48875,19.39144],[-98.48991,19.39168],[-98.49119,19.39184],[-98.49288,19.39261],[-98.49446,19.39322],[-98.49621,19.39363],[-98.49749,19.39374],[-98.49883,19.39414],[-98.49992,19.39411],[-98.50039,19.39469],[-98.50098,19.39593],[-98.50139,19.39634],[-98.50168,19.39704],[-98.51003,19.41012],[-98.5105,19.41082],[-98.51079,19.4111],[-98.51115,19.41181],[-98.51168,19.41338],[-98.5121,19.41412],[-98.51245,19.41507],[-98.51292,19.41531],[-98.51409,19.41651],[-98.50771,19.41929],[-98.50701,19.41917],[-98.50568,19.4191],[-98.50411,19.4194],[-98.50353,19.41969],[-98.50383,19.42039],[-98.50377,19.42077],[-98.50537,19.4244],[-98.5059,19.42523],[-98.50613,19.42552],[-98.50666,19.42584],[-98.50712,19.42563],[-98.50741,19.4258],[-98.50823,19.42645],[-98.50864,19.42691],[-98.50942,19.42722]]]}},{"type":"Feature","properties":{"seccion":220,"municipio":14,"distrito_local":6,"distrito_federal":2},"geometry":{"type":"Polygon","coordinates":[[[-98.32752,19.47543],[-98.32706,19.47423],[-98.32696,19.47344],[-98.32714,19.47303],[-98.32715,19.47257],[-98.32734,19.47187],[-98.32694,19.47161],[-98.32531,19.47179],[-98.32514,19.47162],[-98.32532,19.47117],[-98.32561,19.47089],[-98.32556,19.47043],[-98.32522,19.4703],[-98.32476,19.46988],[-98.32471,19.46945],[-98.32999,19.46751],[-98.33115,19.46726],[-98.33207,19.46729],[-98.33278,19.4675],[-98.33341,19.46783],[-98.33577,19.46976],[-98.3367,19.47012],[-98.33695,19.47016],[-98.33911,19.46996],[-98.34067,19.47056],[-98.34081,19.47036],[-98.3421,19.47104],[-98.34278,19.47044],[-98.34422,19.47025],[-98.34682,19.47035],[-98.34772,19.47027],[-98.34935,19.47053],[-98.3502,19.47085],[-98.35146,19.47106],[-98.35238,19.47096],[-98.35685,19.47409],[-98.3642,19.47904],[-98.36608,19.48053],[-98.3659,19.4815],[-98.36593,19.48227],[-98.36487,19.48345],[-98.36399,19.48402],[-98.3631,19.48483],[-98.36274,19.48528],[-98.36279,19.48603],[-98.3626,19.48665],[-98.36242,19.48714],[-98.36195,19.48772],[-98.35564,19.4925],[-98.34338,19.49312],[-98.33958,19.49422],[-98.33929,19.49446],[-98.33859,19.49453],[-98.3379,19.49419],[-98.33715,19.49401],[-98.33651,19.49404],[-98.33576,19.49394],[-98.33506,19.4941],[-98.33454,19.4938],[-98.33391,19.49325],[-98.33305,19.49274],[-98.33259,19.49269],[-98.33207,19.49243],[-98.33127,19.49163],[-98.33122,19.49138],[-98.33076,19.49087],[-98.33019,19.49057],[-98.3288,19.49026],[-98.32805,19.49],[-98.32677,19.48977],[-98.32626,19.48947],[-98.32533,19.48925],[-98.32499,19.48907],[-98.32413,19.4884],[-98.3232,19.48846],[-98.32243,19.48916],[-98.32184,19.48985],[-98.32107,19.49042],[-98.32055,19.49045],[-98.32164,19.48827],[-98.323,19.48664],[-98.32372,19.48549],[-98.32379,19.48503],[-98.32283,19.48332],[-98.32273,19.48274],[-98.32291,19.48228],[-98.32344,19.48188],[-98.32432,19.48139],[-98.32463,19.48041],[-98.32453,19.47937],[-98.32489,19.47883],[-98.32548,19.47826],[-98.32572,19.47785],[-98.32591,19.4769],[-98.32615,19.47649],[-98.32621,19.4762],[-98.32629,19.47521],[-98.32752,19.47543]]]}},{"type":"Feature","properties":{"seccion":176,"municipio":12,"distrito_local":6,"distrito_federal":2},"geometry":{"type":"Polygon","coordinates":[[[-98.46804,19.43073],[-98.467,19.43053],[-98.466,19.43008],[-98.46565,19.43004],[-98.46548,19.42979],[-98.46402,19.42927],[-98.46221,19.42824],[-98.46151,19.42804],[-98.46052,19.42834],[-98.45959,19.42793],[-98.45807,19.42757],[-98.45778,19.42649],[-98.45725,19.42537],[-98.4562,19.42422],[-98.45509,19.42327],[-98.45398,19.42262],[-98.45188,19.42189],[-98.43541,19.4235],[-98.42645,19.42274],[-98.42441,19.42246],[-98.4233,19.42243],[-98.42173,19.42211],[-98.42114,19.4219],[-98.41893,19.42192],[-98.41824,19.42107],[-98.41664,19.42097],[-98.41584,19.42024],[-98.41449,19.41826],[-98.41431,19.41619],[-98.4143,19.41544],[-98.41442,19.41465],[-98.41574,19.41157],[-98.41678,19.41023],[-98.41696,19.40957],[-98.41736,19.40869],[-98.41794,19.4079],[-98.41845,19.40599],[-98.41914,19.4042],[-98.41931,19.40349],[-98.41925,19.40254],[-98.41942,19.40183],[-98.4208,19.39821],[-98.42086,19.39751],[-98.42056,19.39672],[-98.42056,19.39614],[-98.42073,19.39535],[-98.422,19.39376],[-98.42264,19.39326],[-98.42502,19.39171],[-98.42578,19.39149],[-98.42624,19.39116],[-98.42659,19.39016],[-98.42681,19.38896],[-98.42756,19.38675],[-98.42802,19.38604],[-98.42848,19.38571],[-98.42918,19.38554],[-98.42895,19.38637],[-98.42914,19.38935],[-98.42938,19.39014],[-98.42985,19.3908],[-98.42991,19.3913],[-98.43043,19.39175],[-98.43148,19.39166],[-98.4327,19.39107],[-98.43328,19.3904],[-98.43473,19.38935],[-98.4363,19.38918],[-98.43781,19.38875],[-98.43879,19.38775],[-98.43914,19.38766],[-98.43961,19.38832],[-98.43991,19.38936],[-98.44015,19.39143],[-98.43993,19.39305],[-98.43993,19.39388],[-98.44022,19.39471],[-98.44116,19.39578],[-98.44373,19.39742],[-98.44513,19.39787],[-98.44583,19.39795],[-98.44734,19.39748],[-98.44774,19.39714],[-98.44855,19.39573],[-98.44878,19.39498],[-98.44919,19.39444],[-98.44993,19.39235],[-98.45172,19.38977],[-98.45236,19.38914],[-98.453,19.38876],[-98.45381,19.38855],[-98.45544,19.38837],[-98.45643,19.38861],[-98.45789,19.38848],[-98.46009,19.3878],[-98.46073,19.3875],[-98.46155,19.38696],[-98.46201,19.38633],[-98.46267,19.38563],[-98.46341,19.38713],[-98.46421,19.3875],[-98.46533,19.38768],[-98.46635,19.38743],[-98.46707,19.38709],[-98.46735,19.38682],[-98.46801,19.3879],[-98.46867,19.39097],[-98.46919,19.39159],[-98.46879,19.39213],[-98.46891,19.39284],[-98.4695,19.39428],[-98.46921,19.39478],[-98.46968,19.3954],[-98.47021,19.3966],[-98.47073,19.39714],[-98.47074,19.39755],[-98.47144,19.39946],[-98.47115,19.40029],[-98.47122,19.40099],[-98.47117,19.40261],[-98.471,19.40357],[-98.47106,19.40461],[-98.47141,19.40506],[-98.47211,19.40555],[-98.47229,19.4058],[-98.47223,19.40688],[-98.4723,19.40792],[-98.47253,19.40858],[-98.47254,19.40949],[-98.4712,19.41025],[-98.47086,19.41054],[-98.47075,19.41174],[-98.4704,19.41208],[-98.4704,19.41266],[-98.47052,19.41316],[-98.47075,19.41361],[-98.47122,19.41419],[-98.47169,19.41473],[-98.47216,19.41505],[-98.4728,19.41522],[-98.47379,19.41529],[-98.4742,19.41604],[-98.47467,19.41645],[-98.47566,19.41768],[-98.4759,19.41814],[-98.47561,19.41872],[-98.47573,19.4193],[-98.47562,19.42084],[-98.47574,19.42167],[-98.4768,19.42332],[-98.47738,19.42373],[-98.47797,19.42435],[-98.47902,19.42554],[-98.47931,19.42604],[-98.48031,19.42674],[-98.48089,19.42735],[-98.48189,19.42805],[-98.48277,19.42933],[-98.48341,19.42978],[-98.48393,19.4304],[-98.46804,19.43073]]]}},{"type":"Feature","properties":{"seccion":177,"municipio":12,"distrito_local":6,"distrito_federal":2},"geometry":{"type":"Polygon","coordinates":[[[-98.42267,19.47302],[-98.4256,19.47269],[-98.42691,19.47292],[-98.42724,19.47302],[-98.42816,19.47358],[-98.42915,19.47381],[-98.4297,19.47368],[-98.43003,19.4737],[-98.43141,19.47405],[-98.43189,19.47238],[-98.42877,19.46855],[-98.42928,19.46797],[-98.4306,19.46801],[-98.43104,19.46773],[-98.43179,19.46756],[-98.43233,19.46731],[-98.43268,19.46709],[-98.43289,19.4666],[-98.43591,19.47061],[-98.43933,19.47589],[-98.43983,19.47579],[-98.44057,19.47596],[-98.44136,19.47632],[-98.44371,19.47784],[-98.44512,19.47823],[-98.44682,19.48134],[-98.44404,19.48312],[-98.44317,19.48603],[-98.43979,19.49047],[-98.43779,19.49001],[-98.43709,19.49076],[-98.43622,19.49246],[-98.43552,19.49329],[-98.43471,19.49487],[-98.43366,19.49566],[-98.43331,19.49611],[-98.43319,19.49657],[-98.43267,19.49707],[-98.43202,19.4974],[-98.43121,19.49769],[-98.43068,19.49802],[-98.43021,19.49844],[-98.4298,19.49906],[-98.42904,19.49935],[-98.42793,19.49956],[-98.42564,19.49956],[-98.42294,19.4991],[-98.42194,19.49844],[-98.42088,19.49724],[-98.42012,19.49661],[-98.42123,19.49545],[-98.42145,19.49412],[-98.42215,19.49209],[-98.42243,19.49068],[-98.42273,19.49022],[-98.42284,19.48947],[-98.42095,19.48553],[-98.42106,19.48466],[-98.42146,19.48292],[-98.42221,19.4803],[-98.42232,19.47935],[-98.42202,19.47764],[-98.42225,19.47665],[-98.42231,19.47569],[-98.42326,19.47547],[-98.42321,19.47513],[-98.42302,19.47463],[-98.42258,19.47402],[-98.42255,19.47337],[-98.42267,19.47302]]]}},{"type":"Feature","properties":{"seccion":429,"municipio":53,"distrito_local":12,"distrito_federal":2},"geometry":{"type":"Polygon","coordinates":[[[-98.31339,19.28929],[-98.31009,19.29707],[-98.29434,19.28923],[-98.29379,19.28867],[-98.29315,19.28769],[-98.29233,19.28822],[-98.28078,19.28251],[-98.27963,19.28223],[-98.27743,19.28201],[-98.27708,19.28175],[-98.27697,19.28151],[-98.27698,19.28054],[-98.27675,19.28019],[-98.27652,19.28002],[-98.27584,19.27986],[-98.27506,19.27939],[-98.27431,19.27826],[-98.27654,19.27689],[-98.27749,19.27643],[-98.27883,19.27552],[-98.27934,19.27531],[-98.27964,19.2753],[-98.2801,19.27548],[-98.2841,19.27803],[-98.2843,19.27753],[-98.28535,19.27795],[-98.28547,19.27779],[-98.28694,19.2781],[-98.28879,19.27792],[-98.29039,19.27723],[-98.2905,19.27691],[-98.29118,19.27695],[-98.2922,19.27657],[-98.29347,19.2764],[-98.29409,19.27591],[-98.29863,19.27708],[-98.2989,19.28032],[-98.29891,19.28268],[-98.31339,19.28929]]]}},{"type":"Feature","properties":{"seccion":221,"municipio":14,"distrito_local":6,"distrito_federal":2},"geometry":{"type":"Polygon","coordinates":[[[-98.32414,19.46916],[-98.32382,19.46899],[-98.32288,19.46814],[-98.32102,19.46824],[-98.31916,19.46804],[-98.3179,19.46752],[-98.31578,19.46595],[-98.31626,19.46509],[-98.31634,19.46405],[-98.31676,19.46319],[-98.317,19.46241],[-98.31702,19.46141],[-98.31727,19.46079],[-98.31722,19.46017],[-98.31695,19.45925],[-98.31685,19.45842],[-98.31691,19.45789],[-98.31681,19.45739],[-98.31664,19.45705],[-98.31654,19.45643],[-98.31746,19.45354],[-98.31795,19.45227],[-98.31803,19.4509],[-98.3189,19.45083],[-98.32007,19.45048],[-98.32059,19.45078],[-98.32181,19.45042],[-98.32269,19.4504],[-98.32315,19.45057],[-98.32361,19.4505],[-98.32391,19.45029],[-98.33958,19.45371],[-98.34084,19.45427],[-98.34137,19.45403],[-98.34207,19.45384],[-98.34259,19.45393],[-98.34341,19.45374],[-98.34411,19.45333],[-98.34562,19.45332],[-98.34859,19.45275],[-98.34918,19.45255],[-98.34959,19.45231],[-98.35166,19.45053],[-98.35254,19.45057],[-98.35319,19.45049],[-98.35401,19.45024],[-98.35483,19.45074],[-98.35625,19.45252],[-98.35689,19.45306],[-98.35742,19.45365],[-98.3596,19.45501],[-98.36019,19.45526],[-98.3606,19.4558],[-98.36101,19.45647],[-98.36107,19.45709],[-98.36172,19.45838],[-98.36126,19.45933],[-98.3612,19.45996],[-98.36167,19.46016],[-98.36238,19.4602],[-98.36361,19.4607],[-98.36473,19.46137],[-98.36702,19.46295],[-98.36784,19.46336],[-98.36866,19.46361],[-98.36989,19.46373],[-98.3706,19.46365],[-98.37142,19.46402],[-98.37224,19.46419],[-98.37336,19.46428],[-98.37424,19.46423],[-98.37453,19.46407],[-98.37553,19.46461],[-98.37576,19.46515],[-98.37624,19.46581],[-98.37642,19.46685],[-98.37665,19.4671],[-98.37701,19.46785],[-98.37742,19.46834],[-98.37771,19.46892],[-98.37748,19.46955],[-98.37696,19.47],[-98.37655,19.4705],[-98.37626,19.47133],[-98.37573,19.47179],[-98.3755,19.47225],[-98.37539,19.4727],[-98.37475,19.47357],[-98.37434,19.47482],[-98.37423,19.47552],[-98.37393,19.47581],[-98.37323,19.47689],[-98.37365,19.47785],[-98.37176,19.4781],[-98.3703,19.47857],[-98.36896,19.47884],[-98.3685,19.47875],[-98.36809,19.47853],[-98.36688,19.47839],[-98.36629,19.47879],[-98.36628,19.47933],[-98.36638,19.48],[-98.36608,19.48053],[-98.3642,19.47904],[-98.35685,19.47409],[-98.35238,19.47096],[-98.35146,19.47106],[-98.3502,19.47085],[-98.34935,19.47053],[-98.34772,19.47027],[-98.34682,19.47035],[-98.34422,19.47025],[-98.34278,19.47044],[-98.3421,19.47104],[-98.34081,19.47036],[-98.34067,19.47056],[-98.33911,19.46996],[-98.33695,19.47016],[-98.3367,19.47012],[-98.33577,19.46976],[-98.33341,19.46783],[-98.33278,19.4675],[-98.33207,19.46729],[-98.33115,19.46726],[-98.32999,19.46751],[-98.32471,19.46945],[-98.32464,19.46879],[-98.32414,19.46916]]]}},{"type":"Feature","properties":{"seccion":222,"municipio":14,"distrito_local":6,"distrito_federal":2},"geometry":{"type":"Polygon","coordinates":[[[-98.3839,19.57314],[-98.33237,19.56585],[-98.33148,19.54993],[-98.33444,19.54388],[-98.33383,19.54272],[-98.39763,19.5568],[-98.39267,19.56099],[-98.39377,19.56449],[-98.39002,19.56945],[-98.38874,19.56971],[-98.3839,19.57314]]]}},{"type":"Feature","properties":{"seccion":223,"municipio":14,"distrito_local":6,"distrito_federal":2},"geometry":{"type":"Polygon","coordinates":[[[-98.38069,19.55307],[-98.33383,19.54272],[-98.33351,19.54211],[-98.32107,19.54025],[-98.31892,19.53437],[-98.31921,19.5248],[-98.31631,19.50912],[-98.31742,19.50909],[-98.31817,19.50927],[-98.31864,19.5087],[-98.31923,19.50854],[-98.32132,19.50825],[-98.32219,19.50831],[-98.32352,19.50858],[-98.32554,19.50923],[-98.32618,19.50966],[-98.32675,19.50992],[-98.32704,19.51017],[-98.34257,19.51185],[-98.34621,19.50959],[-98.35016,19.50654],[-98.35062,19.50668],[-98.3512,19.5066],[-98.35161,19.50644],[-98.35265,19.50663],[-98.35386,19.50731],[-98.3542,19.50769],[-98.35484,19.50783],[-98.35681,19.50798],[-98.3578,19.50788],[-98.35989,19.50812],[-98.36111,19.5081],[-98.36182,19.50749],[-98.36245,19.50758],[-98.36332,19.50755],[-98.36454,19.50807],[-98.36494,19.50837],[-98.3655,19.50913],[-98.36555,19.50971],[-98.36595,19.51005],[-98.3662,19.50885],[-98.3667,19.50724],[-98.36731,19.50571],[-98.36772,19.50518],[-98.36842,19.5052],[-98.36941,19.50496],[-98.37016,19.5051],[-98.37069,19.50507],[-98.37104,19.50474],[-98.37157,19.5045],[-98.37262,19.50431],[-98.37314,19.50432],[-98.374,19.50471],[-98.37521,19.50543],[-98.37567,19.50548],[-98.37614,19.50532],[-98.37673,19.50471],[-98.3777,19.50568],[-98.37798,19.50614],[-98.37856,19.50636],[-98.37885,19.50657],[-98.3815,19.50761],[-98.38173,19.50795],[-98.38178,19.50832],[-98.38349,19.5098],[-98.38372,19.51018],[-98.38383,19.51068],[-98.38451,19.51144],[-98.38525,19.51203],[-98.38582,19.51295],[-98.38615,19.51395],[-98.38655,19.51429],[-98.38647,19.51528],[-98.38629,19.51582],[-98.3864,19.51624],[-98.38691,19.51695],[-98.38725,19.51708],[-98.38765,19.51762],[-98.38811,19.518],[-98.38816,19.5185],[-98.38861,19.51934],[-98.38871,19.51988],[-98.3887,19.52059],[-98.39204,19.52533],[-98.38632,19.53025],[-98.38594,19.53198],[-98.37609,19.54031],[-98.38069,19.55307]]]}},{"type":"Feature","properties":{"seccion":337,"municipio":24,"distrito_local":5,"distrito_federal":2},"geometry":{"type":"Polygon","coordinates":[[[-98.28808,19.29333],[-98.28807,19.29581],[-98.28761,19.29571],[-98.2855,19.29702],[-98.28487,19.29943],[-98.28361,19.30027],[-98.27852,19.3046],[-98.27674,19.30602],[-98.27433,19.30886],[-98.27439,19.30919],[-98.27254,19.31168],[-98.27435,19.31307],[-98.26934,19.31669],[-98.26766,19.3152],[-98.26656,19.31476],[-98.2666,19.3147],[-98.26567,19.31417],[-98.26659,19.31333],[-98.26595,19.3128],[-98.26476,19.31367],[-98.26364,19.31397],[-98.26347,19.31392],[-98.26168,19.31242],[-98.26123,19.3118],[-98.26282,19.31099],[-98.26461,19.30902],[-98.26533,19.30803],[-98.26729,19.30632],[-98.26878,19.30549],[-98.26979,19.3052],[-98.27074,19.30481],[-98.27397,19.30198],[-98.27556,19.30085],[-98.27625,19.30016],[-98.27821,19.29887],[-98.28243,19.29651],[-98.28369,19.29571],[-98.28421,19.29528],[-98.28487,19.29498],[-98.28655,19.29372],[-98.28799,19.29305],[-98.28808,19.29333]]]}},{"type":"Feature","properties":{"seccion":224,"municipio":14,"distrito_local":6,"distrito_federal":2},"geometry":{"type":"Polygon","coordinates":[[[-98.39763,19.5568],[-98.38069,19.55307],[-98.37609,19.54031],[-98.38594,19.53198],[-98.38632,19.53025],[-98.39204,19.52533],[-98.3887,19.52059],[-98.38871,19.51988],[-98.38861,19.51934],[-98.38816,19.5185],[-98.38811,19.518],[-98.38765,19.51762],[-98.38725,19.51708],[-98.38691,19.51695],[-98.3864,19.51624],[-98.38629,19.51582],[-98.38647,19.51528],[-98.38655,19.51429],[-98.38615,19.51395],[-98.38582,19.51295],[-98.38525,19.51203],[-98.38451,19.51144],[-98.38383,19.51068],[-98.38372,19.51018],[-98.38349,19.5098],[-98.38178,19.50832],[-98.38173,19.50795],[-98.3815,19.50761],[-98.37885,19.50657],[-98.37856,19.50636],[-98.37798,19.50614],[-98.3777,19.50568],[-98.37673,19.50471],[-98.37816,19.50291],[-98.37881,19.50247],[-98.37974,19.50236],[-98.3809,19.50209],[-98.38165,19.50235],[-98.38264,19.50253],[-98.38157,19.50081],[-98.38296,19.50076],[-98.38584,19.50213],[-98.38879,19.50226],[-98.39078,19.49877],[-98.39383,19.49704],[-98.39337,19.49949],[-98.39339,19.50008],[-98.39862,19.49726],[-98.39789,19.50344],[-98.41033,19.5039],[-98.40982,19.50548],[-98.40934,19.50625],[-98.40864,19.51002],[-98.40839,19.51076],[-98.41764,19.51987],[-98.41892,19.52934],[-98.4142,19.53316],[-98.41369,19.53245],[-98.41172,19.53233],[-98.41067,19.53273],[-98.4095,19.53329],[-98.40763,19.53375],[-98.40664,19.53378],[-98.40517,19.53475],[-98.4044,19.53561],[-98.40393,19.53601],[-98.40194,19.53677],[-98.40118,19.53684],[-98.40072,19.53704],[-98.40013,19.53736],[-98.39854,19.53858],[-98.39719,19.53947],[-98.39666,19.53975],[-98.39614,19.53982],[-98.39519,19.54059],[-98.39408,19.54107],[-98.39355,19.54144],[-98.39259,19.54287],[-98.39241,19.54353],[-98.39199,19.54427],[-98.39266,19.54536],[-98.39306,19.54582],[-98.39416,19.54622],[-98.39507,19.54723],[-98.39548,19.5474],[-98.39494,19.5483],[-98.3948,19.54913],[-98.39462,19.54958],[-98.39272,19.55195],[-98.39763,19.5568]]]}},{"type":"Feature","properties":{"seccion":225,"municipio":14,"distrito_local":6,"distrito_federal":2},"geometry":{"type":"Polygon","coordinates":[[[-98.28701,19.489],[-98.30029,19.48819],[-98.30163,19.48834],[-98.30212,19.48831],[-98.30257,19.48813],[-98.30282,19.48783],[-98.30279,19.48704],[-98.3029,19.48663],[-98.30334,19.4861],[-98.30349,19.48568],[-98.30364,19.48502],[-98.30351,19.48454],[-98.30353,19.48433],[-98.30422,19.48246],[-98.30521,19.48203],[-98.30504,19.48252],[-98.30521,19.48291],[-98.3051,19.48307],[-98.30555,19.48329],[-98.30597,19.48365],[-98.30628,19.48421],[-98.30647,19.4844],[-98.30719,19.48464],[-98.30848,19.48559],[-98.30913,19.48656],[-98.3093,19.487],[-98.30963,19.48739],[-98.31066,19.48807],[-98.311,19.48818],[-98.31128,19.48852],[-98.31164,19.4887],[-98.3122,19.48868],[-98.31335,19.48903],[-98.31349,19.48948],[-98.31325,19.49001],[-98.31311,19.49074],[-98.31351,19.49099],[-98.31386,19.49133],[-98.31413,19.49225],[-98.31499,19.49276],[-98.3151,19.49309],[-98.31519,19.4943],[-98.31654,19.49399],[-98.31712,19.49358],[-98.32003,19.49044],[-98.32107,19.49042],[-98.32184,19.48985],[-98.32243,19.48916],[-98.3232,19.48846],[-98.32367,19.48839],[-98.32413,19.4884],[-98.32499,19.48907],[-98.32533,19.48925],[-98.32626,19.48947],[-98.32677,19.48977],[-98.32805,19.49],[-98.3288,19.49026],[-98.33019,19.49057],[-98.33076,19.49087],[-98.33122,19.49138],[-98.33127,19.49163],[-98.33207,19.49243],[-98.33259,19.49269],[-98.33305,19.49274],[-98.33391,19.49325],[-98.33454,19.4938],[-98.33506,19.4941],[-98.33576,19.49394],[-98.33651,19.49404],[-98.33715,19.49401],[-98.3379,19.49419],[-98.33859,19.49453],[-98.33929,19.49446],[-98.33958,19.49422],[-98.34338,19.49312],[-98.34325,19.49366],[-98.34331,19.49403],[-98.34312,19.49461],[-98.34305,19.49527],[-98.34288,19.49796],[-98.34246,19.49891],[-98.34198,19.49973],[-98.34095,19.50228],[-98.34081,19.50327],[-98.34091,19.50436],[-98.34107,19.50498],[-98.34187,19.50561],[-98.34209,19.50616],[-98.34195,19.50748],[-98.34171,19.50802],[-98.34182,19.50839],[-98.34257,19.50874],[-98.34268,19.50907],[-98.34244,19.50952],[-98.34237,19.50993],[-98.34257,19.51185],[-98.32704,19.51017],[-98.32675,19.50992],[-98.32618,19.50966],[-98.32554,19.50923],[-98.32352,19.50858],[-98.32219,19.50831],[-98.32132,19.50825],[-98.31923,19.50854],[-98.31864,19.5087],[-98.31817,19.50927],[-98.31742,19.50909],[-98.31631,19.50912],[-98.31921,19.5248],[-98.31892,19.53437],[-98.32107,19.54025],[-98.29888,19.53693],[-98.29913,19.53608],[-98.29901,19.53554],[-98.2992,19.53496],[-98.30008,19.53405],[-98.3005,19.53348],[-98.30062,19.53306],[-98.30062,19.53232],[-98.30075,19.53141],[-98.30064,19.53095],[-98.30094,19.53004],[-98.30154,19.52901],[-98.30219,19.5276],[-98.30237,19.52702],[-98.30244,19.52657],[-98.30191,19.52636],[-98.3015,19.52636],[-98.30115,19.52623],[-98.30116,19.52536],[-98.302,19.52396],[-98.30206,19.52333],[-98.30248,19.52276],[-98.30295,19.52235],[-98.30313,19.52193],[-98.30321,19.51924],[-98.30315,19.5192],[-98.30316,19.51891],[-98.30328,19.518],[-98.30323,19.51746],[-98.3033,19.51638],[-98.30307,19.51592],[-98.30272,19.51567],[-98.30249,19.51526],[-98.30355,19.51452],[-98.30385,19.51415],[-98.30397,19.51365],[-98.30375,19.5122],[-98.3037,19.51108],[-98.30341,19.51075],[-98.30267,19.509],[-98.30198,19.50842],[-98.29824,19.50789],[-98.29684,19.50801],[-98.29619,19.50817],[-98.29402,19.50898],[-98.29168,19.50943],[-98.28986,19.51037],[-98.28898,19.51069],[-98.28821,19.5111],[-98.28639,19.51179],[-98.28569,19.51187],[-98.28499,19.51182],[-98.28482,19.51157],[-98.28477,19.51103],[-98.28502,19.50892],[-98.2862,19.50428],[-98.28654,19.50172],[-98.28603,19.50084],[-98.28584,19.49885],[-98.28542,19.49635],[-98.28581,19.49437],[-98.28618,19.49321],[-98.28664,19.49045],[-98.28701,19.489]]]}},{"type":"Feature","properties":{"seccion":438,"municipio":33,"distrito_local":7,"distrito_federal":2},"geometry":{"type":"Polygon","coordinates":[[[-98.2001,19.32899],[-98.20057,19.32417],[-98.19801,19.32296],[-98.198,19.32286],[-98.19864,19.32293],[-98.19913,19.3228],[-98.20066,19.32215],[-98.2011,19.32208],[-98.20145,19.32116],[-98.20255,19.319],[-98.20287,19.31956],[-98.20341,19.31979],[-98.20385,19.31976],[-98.20518,19.32041],[-98.20728,19.32168],[-98.20646,19.32272],[-98.20596,19.32221],[-98.20507,19.32206],[-98.20441,19.323],[-98.20504,19.32369],[-98.20538,19.3243],[-98.20413,19.32602],[-98.20577,19.32682],[-98.20331,19.32771],[-98.20283,19.3289],[-98.20154,19.32874],[-98.2001,19.32899]]]}},{"type":"Feature","properties":{"seccion":226,"municipio":14,"distrito_local":6,"distrito_federal":2},"geometry":{"type":"Polygon","coordinates":[[[-98.34257,19.51185],[-98.34237,19.50993],[-98.34244,19.50952],[-98.34268,19.50907],[-98.34257,19.50874],[-98.34182,19.50839],[-98.34171,19.50802],[-98.34195,19.50748],[-98.34209,19.50616],[-98.34187,19.50561],[-98.34107,19.50498],[-98.34091,19.50436],[-98.34081,19.50327],[-98.34095,19.50228],[-98.34198,19.49973],[-98.34246,19.49891],[-98.34288,19.49796],[-98.34305,19.49527],[-98.34312,19.49461],[-98.34331,19.49403],[-98.34325,19.49366],[-98.34338,19.49312],[-98.35564,19.4925],[-98.36195,19.48772],[-98.36242,19.48714],[-98.36279,19.48603],[-98.36274,19.48528],[-98.3631,19.48483],[-98.36399,19.48402],[-98.36487,19.48345],[-98.36593,19.48227],[-98.3659,19.4815],[-98.36608,19.48053],[-98.36638,19.48],[-98.36628,19.47933],[-98.36629,19.47879],[-98.36688,19.47839],[-98.36809,19.47853],[-98.3685,19.47875],[-98.36896,19.47884],[-98.3703,19.47857],[-98.37176,19.4781],[-98.37365,19.47785],[-98.37418,19.47851],[-98.37418,19.47901],[-98.37442,19.47959],[-98.37477,19.47996],[-98.37665,19.48026],[-98.37741,19.4803],[-98.37788,19.48005],[-98.37899,19.47909],[-98.37981,19.47914],[-98.38028,19.47947],[-98.38116,19.47984],[-98.38181,19.48022],[-98.38216,19.48071],[-98.38199,19.48192],[-98.38223,19.48221],[-98.3827,19.4825],[-98.38434,19.48242],[-98.38517,19.48304],[-98.3854,19.48345],[-98.38605,19.48403],[-98.38664,19.48432],[-98.38764,19.48553],[-98.38976,19.48698],[-98.39046,19.48727],[-98.39193,19.4876],[-98.39252,19.48827],[-98.39316,19.48873],[-98.39405,19.48914],[-98.39481,19.48918],[-98.39502,19.49221],[-98.39519,19.49263],[-98.39524,19.49317],[-98.39511,19.49362],[-98.39409,19.49535],[-98.39385,19.49601],[-98.39383,19.49704],[-98.39078,19.49877],[-98.38879,19.50226],[-98.38584,19.50213],[-98.38296,19.50076],[-98.38157,19.50081],[-98.38264,19.50253],[-98.38165,19.50235],[-98.3809,19.50209],[-98.37974,19.50236],[-98.37881,19.50247],[-98.37816,19.50291],[-98.37673,19.50471],[-98.37614,19.50532],[-98.37567,19.50548],[-98.37521,19.50543],[-98.374,19.50471],[-98.37314,19.50432],[-98.37262,19.50431],[-98.37157,19.5045],[-98.37104,19.50474],[-98.37069,19.50507],[-98.37016,19.5051],[-98.36941,19.50496],[-98.36842,19.5052],[-98.36772,19.50518],[-98.36731,19.50571],[-98.3667,19.50724],[-98.3662,19.50885],[-98.36595,19.51005],[-98.36555,19.50971],[-98.3655,19.50913],[-98.36494,19.50837],[-98.36454,19.50807],[-98.36332,19.50755],[-98.36245,19.50758],[-98.36182,19.50749],[-98.36111,19.5081],[-98.35989,19.50812],[-98.3578,19.50788],[-98.35681,19.50798],[-98.35484,19.50783],[-98.3542,19.50769],[-98.35386,19.50731],[-98.3534,19.50701],[-98.35265,19.50663],[-98.35208,19.50649],[-98.35161,19.50644],[-98.3512,19.5066],[-98.35062,19.50668],[-98.35016,19.50654],[-98.34621,19.50959],[-98.34257,19.51185]]]}},{"type":"Feature","properties":{"seccion":227,"municipio":14,"distrito_local":6,"distrito_federal":2},"geometry":{"type":"Polygon","coordinates":[[[-98.30521,19.48203],[-98.30516,19.4819],[-98.30448,19.482],[-98.30207,19.48261],[-98.30297,19.48203],[-98.30339,19.48166],[-98.303,19.48125],[-98.30281,19.48125],[-98.30096,19.48001],[-98.30015,19.47937],[-98.30005,19.47881],[-98.29996,19.47681],[-98.29976,19.476],[-98.29944,19.4754],[-98.29937,19.47477],[-98.29889,19.47314],[-98.2988,19.4725],[-98.29904,19.47204],[-98.29908,19.47107],[-98.29874,19.46972],[-98.29881,19.46875],[-98.2984,19.46778],[-98.298,19.4654],[-98.2975,19.46407],[-98.29685,19.46285],[-98.29771,19.46332],[-98.29823,19.46341],[-98.29857,19.46412],[-98.29914,19.46454],[-98.3,19.46493],[-98.30081,19.46549],[-98.3015,19.46579],[-98.30196,19.46617],[-98.30248,19.46622],[-98.30306,19.46606],[-98.30985,19.46908],[-98.31062,19.46847],[-98.31151,19.46762],[-98.31197,19.46783],[-98.31337,19.46736],[-98.31413,19.46741],[-98.31476,19.46734],[-98.31529,19.4671],[-98.31559,19.46661],[-98.31578,19.46595],[-98.3179,19.46752],[-98.31916,19.46804],[-98.32102,19.46824],[-98.32288,19.46814],[-98.32382,19.46899],[-98.32414,19.46916],[-98.32464,19.46879],[-98.32476,19.46988],[-98.32522,19.4703],[-98.32556,19.47043],[-98.32561,19.47089],[-98.32532,19.47117],[-98.32514,19.47162],[-98.32531,19.47179],[-98.32694,19.47161],[-98.32734,19.47187],[-98.32715,19.47257],[-98.32714,19.47303],[-98.32696,19.47344],[-98.32706,19.47423],[-98.32752,19.47543],[-98.32629,19.47521],[-98.32621,19.4762],[-98.32615,19.47649],[-98.32591,19.4769],[-98.32572,19.47785],[-98.32548,19.47826],[-98.32489,19.47883],[-98.32453,19.47937],[-98.32463,19.48041],[-98.32432,19.48139],[-98.32344,19.48188],[-98.32291,19.48228],[-98.32273,19.48274],[-98.32283,19.48332],[-98.32379,19.48503],[-98.32372,19.48549],[-98.323,19.48664],[-98.32164,19.48827],[-98.32055,19.49045],[-98.32003,19.49044],[-98.31712,19.49358],[-98.31654,19.49399],[-98.31519,19.4943],[-98.3151,19.49309],[-98.31499,19.49276],[-98.31413,19.49225],[-98.31386,19.49133],[-98.31351,19.49099],[-98.31311,19.49074],[-98.31325,19.49001],[-98.31349,19.48948],[-98.31335,19.48903],[-98.3122,19.48868],[-98.31164,19.4887],[-98.31128,19.48852],[-98.311,19.48818],[-98.31066,19.48807],[-98.30963,19.48739],[-98.3093,19.487],[-98.30913,19.48656],[-98.30848,19.48559],[-98.30719,19.48464],[-98.30647,19.4844],[-98.30628,19.48421],[-98.30597,19.48365],[-98.30555,19.48329],[-98.3051,19.48307],[-98.30521,19.48291],[-98.30504,19.48252],[-98.30521,19.48203]]]}},{"type":"Feature","properties":{"seccion":228,"municipio":14,"distrito_local":6,"distrito_federal":2},"geometry":{"type":"Polygon","coordinates":[[[-98.30521,19.48203],[-98.30422,19.48246],[-98.30353,19.48433],[-98.30351,19.48454],[-98.30364,19.48502],[-98.30349,19.48568],[-98.30334,19.4861],[-98.3029,19.48663],[-98.30279,19.48704],[-98.30282,19.48783],[-98.30257,19.48813],[-98.30212,19.48831],[-98.30163,19.48834],[-98.30029,19.48819],[-98.28701,19.489],[-98.28709,19.48809],[-98.2874,19.48698],[-98.28747,19.48602],[-98.28685,19.48527],[-98.28605,19.48467],[-98.28415,19.48356],[-98.28223,19.48059],[-98.28122,19.4787],[-98.28106,19.47791],[-98.28079,19.4772],[-98.28092,19.47638],[-98.28129,19.47506],[-98.28136,19.47448],[-98.28111,19.47232],[-98.28154,19.4712],[-98.28213,19.47055],[-98.28272,19.47006],[-98.28403,19.46839],[-98.28539,19.46696],[-98.28763,19.46775],[-98.2883,19.46836],[-98.28902,19.46856],[-98.2899,19.46926],[-98.29065,19.46852],[-98.29122,19.46774],[-98.2918,19.46713],[-98.29264,19.46639],[-98.29393,19.46498],[-98.29483,19.46427],[-98.29643,19.46329],[-98.29685,19.46285],[-98.2975,19.46407],[-98.298,19.4654],[-98.2984,19.46778],[-98.29881,19.46875],[-98.29874,19.46972],[-98.29908,19.47107],[-98.29904,19.47204],[-98.2988,19.4725],[-98.29889,19.47314],[-98.29937,19.47477],[-98.29944,19.4754],[-98.29976,19.476],[-98.29996,19.47681],[-98.30005,19.47881],[-98.30015,19.47937],[-98.30096,19.48001],[-98.30281,19.48125],[-98.303,19.48125],[-98.30339,19.48166],[-98.30297,19.48203],[-98.30207,19.48261],[-98.30448,19.482],[-98.30516,19.4819],[-98.30521,19.48203]]]}},{"type":"Feature","properties":{"seccion":229,"municipio":14,"distrito_local":6,"distrito_federal":2},"geometry":{"type":"Polygon","coordinates":[[[-98.29685,19.46285],[-98.29643,19.46329],[-98.29483,19.46427],[-98.29393,19.46498],[-98.29264,19.46639],[-98.2918,19.46713],[-98.29122,19.46774],[-98.29065,19.46852],[-98.2899,19.46926],[-98.28902,19.46856],[-98.2883,19.46836],[-98.28763,19.46775],[-98.28539,19.46696],[-98.28642,19.46499],[-98.28785,19.46265],[-98.2884,19.46117],[-98.28906,19.46022],[-98.28949,19.45899],[-98.28975,19.45771],[-98.28983,19.4563],[-98.29062,19.45424],[-98.29146,19.45003],[-98.2934,19.44239],[-98.29372,19.44065],[-98.2944,19.43876],[-98.29617,19.43925],[-98.30354,19.4402],[-98.30488,19.43985],[-98.30547,19.43957],[-98.30646,19.43951],[-98.3071,19.43935],[-98.30781,19.43874],[-98.30828,19.4385],[-98.30863,19.43813],[-98.30957,19.43753],[-98.3101,19.43729],[-98.3108,19.43717],[-98.31114,19.43739],[-98.31185,19.4398],[-98.31335,19.44336],[-98.31376,19.44328],[-98.31405,19.44349],[-98.31432,19.44432],[-98.31437,19.44495],[-98.31465,19.44541],[-98.31511,19.44571],[-98.31597,19.44601],[-98.3162,19.44631],[-98.31629,19.44772],[-98.31752,19.45056],[-98.31803,19.4509],[-98.31795,19.45227],[-98.31746,19.45354],[-98.31654,19.45643],[-98.31664,19.45705],[-98.31681,19.45739],[-98.31691,19.45789],[-98.31685,19.45842],[-98.31695,19.45925],[-98.31722,19.46017],[-98.31727,19.46079],[-98.31702,19.46141],[-98.317,19.46241],[-98.31676,19.46319],[-98.31634,19.46405],[-98.31626,19.46509],[-98.31578,19.46595],[-98.31559,19.46661],[-98.31529,19.4671],[-98.31476,19.46734],[-98.31413,19.46741],[-98.31337,19.46736],[-98.31197,19.46783],[-98.31151,19.46762],[-98.31062,19.46847],[-98.30985,19.46908],[-98.30306,19.46606],[-98.30248,19.46622],[-98.30196,19.46617],[-98.3015,19.46579],[-98.30081,19.46549],[-98.3,19.46493],[-98.29914,19.46454],[-98.29857,19.46412],[-98.29823,19.46341],[-98.29771,19.46332],[-98.29685,19.46285]]]}},{"type":"Feature","properties":{"seccion":230,"municipio":14,"distrito_local":6,"distrito_federal":2},"geometry":{"type":"Polygon","coordinates":[[[-98.34044,19.45414],[-98.33958,19.45371],[-98.32391,19.45029],[-98.32361,19.4505],[-98.32315,19.45057],[-98.32269,19.4504],[-98.32181,19.45042],[-98.32059,19.45078],[-98.32007,19.45048],[-98.3189,19.45083],[-98.31803,19.4509],[-98.31752,19.45056],[-98.31629,19.44772],[-98.3162,19.44631],[-98.31597,19.44601],[-98.31511,19.44571],[-98.31465,19.44541],[-98.31437,19.44495],[-98.31432,19.44432],[-98.31405,19.44349],[-98.31376,19.44328],[-98.31335,19.44336],[-98.31185,19.4398],[-98.31114,19.43739],[-98.3108,19.43717],[-98.3101,19.43729],[-98.30957,19.43753],[-98.30863,19.43813],[-98.30828,19.4385],[-98.30781,19.43874],[-98.3071,19.43935],[-98.30646,19.43951],[-98.30547,19.43957],[-98.30488,19.43985],[-98.30354,19.4402],[-98.29617,19.43925],[-98.2944,19.43876],[-98.29542,19.4367],[-98.29659,19.42097],[-98.2975,19.41887],[-98.29958,19.41914],[-98.30012,19.41694],[-98.30009,19.4148],[-98.30095,19.41021],[-98.301,19.40836],[-98.3024,19.40989],[-98.30531,19.39785],[-98.30615,19.39862],[-98.30779,19.39942],[-98.30874,19.39924],[-98.33947,19.41579],[-98.35312,19.42268],[-98.35139,19.42562],[-98.34648,19.42545],[-98.3386,19.42993],[-98.33877,19.44856],[-98.34044,19.45414]]]}},{"type":"Feature","properties":{"seccion":231,"municipio":14,"distrito_local":6,"distrito_federal":2},"geometry":{"type":"Polygon","coordinates":[[[-98.34084,19.45427],[-98.34044,19.45414],[-98.33877,19.44856],[-98.3386,19.42993],[-98.34648,19.42545],[-98.35139,19.42562],[-98.35312,19.42268],[-98.33947,19.41579],[-98.30874,19.39924],[-98.30902,19.39754],[-98.30889,19.39099],[-98.309,19.38792],[-98.30926,19.38832],[-98.30995,19.38828],[-98.31054,19.38844],[-98.311,19.38794],[-98.31158,19.38748],[-98.3128,19.38685],[-98.3135,19.38676],[-98.31449,19.387],[-98.31577,19.38753],[-98.31699,19.3879],[-98.32178,19.39106],[-98.32324,19.39163],[-98.32522,19.39261],[-98.32662,19.39273],[-98.32813,19.3938],[-98.32866,19.39438],[-98.32936,19.3947],[-98.33012,19.39482],[-98.33215,19.39448],[-98.33297,19.39443],[-98.3339,19.39417],[-98.335,19.39334],[-98.33511,19.3925],[-98.33534,19.39167],[-98.33551,19.39014],[-98.33574,19.38956],[-98.33573,19.38798],[-98.33585,19.38756],[-98.33695,19.38573],[-98.33718,19.38481],[-98.33758,19.38419],[-98.33799,19.38361],[-98.33845,19.38335],[-98.33857,19.38381],[-98.33903,19.38406],[-98.34025,19.38384],[-98.34078,19.38342],[-98.34217,19.38154],[-98.34234,19.38092],[-98.34234,19.38038],[-98.34216,19.37939],[-98.34203,19.37706],[-98.3418,19.37619],[-98.34273,19.37615],[-98.34331,19.37593],[-98.34377,19.37626],[-98.34418,19.37684],[-98.34489,19.3785],[-98.34495,19.37903],[-98.34601,19.38139],[-98.34671,19.38218],[-98.34776,19.38292],[-98.34858,19.38436],[-98.34882,19.38511],[-98.34911,19.38556],[-98.34957,19.38585],[-98.34987,19.38635],[-98.35034,19.38676],[-98.3508,19.38738],[-98.3511,19.388],[-98.35104,19.38887],[-98.35151,19.39028],[-98.35222,19.39156],[-98.35269,19.39293],[-98.35298,19.39338],[-98.35349,19.39489],[-98.35686,19.39508],[-98.35678,19.39742],[-98.3569,19.39854],[-98.35752,19.39945],[-98.35739,19.40031],[-98.35881,19.40339],[-98.35981,19.40527],[-98.36001,19.40653],[-98.36043,19.40762],[-98.35873,19.40882],[-98.35939,19.40956],[-98.35986,19.40981],[-98.36056,19.40984],[-98.36213,19.40929],[-98.36277,19.40937],[-98.36632,19.40939],[-98.36644,19.41059],[-98.36668,19.41138],[-98.36662,19.41324],[-98.3668,19.41449],[-98.36681,19.41586],[-98.36659,19.41959],[-98.3662,19.42205],[-98.36408,19.42048],[-98.36303,19.42218],[-98.3628,19.42314],[-98.3624,19.4243],[-98.36187,19.4253],[-98.36123,19.42592],[-98.36006,19.4265],[-98.35913,19.42716],[-98.35726,19.42812],[-98.3562,19.42824],[-98.35333,19.42828],[-98.35181,19.42891],[-98.35081,19.42915],[-98.34912,19.42994],[-98.34847,19.43044],[-98.34807,19.43119],[-98.34807,19.43185],[-98.34837,19.43355],[-98.34861,19.43422],[-98.34861,19.43472],[-98.34791,19.43646],[-98.34751,19.43783],[-98.34751,19.4387],[-98.34734,19.43936],[-98.34723,19.44198],[-98.34688,19.44256],[-98.34864,19.44573],[-98.34836,19.4469],[-98.34891,19.4483],[-98.34937,19.44908],[-98.35078,19.45024],[-98.35166,19.45053],[-98.34959,19.45231],[-98.34918,19.45255],[-98.34859,19.45275],[-98.34562,19.45332],[-98.34411,19.45333],[-98.34341,19.45374],[-98.34259,19.45393],[-98.34207,19.45384],[-98.34137,19.45403],[-98.34084,19.45427]]]}},{"type":"Feature","properties":{"seccion":232,"municipio":15,"distrito_local":6,"distrito_federal":2},"geometry":{"type":"Polygon","coordinates":[[[-98.39451,19.32041],[-98.40493,19.32443],[-98.40334,19.32801],[-98.40023,19.33544],[-98.39994,19.3365],[-98.39986,19.33732],[-98.40005,19.33949],[-98.39901,19.33919],[-98.39819,19.33849],[-98.39772,19.33825],[-98.39731,19.33784],[-98.39714,19.33722],[-98.39661,19.33672],[-98.39591,19.33677],[-98.39521,19.3371],[-98.39499,19.3376],[-98.39411,19.33732],[-98.39172,19.33684],[-98.39074,19.33693],[-98.38922,19.33661],[-98.38835,19.33632],[-98.38718,19.33633],[-98.38555,19.33609],[-98.38491,19.33618],[-98.38445,19.3361],[-98.38381,19.33623],[-98.38322,19.33601],[-98.38302,19.33581],[-98.38303,19.33539],[-98.38278,19.33473],[-98.38274,19.33421],[-98.38264,19.33396],[-98.38265,19.33347],[-98.38219,19.33331],[-98.38201,19.33336],[-98.38178,19.33297],[-98.38186,19.33258],[-98.38204,19.33252],[-98.38184,19.3323],[-98.38181,19.33135],[-98.38161,19.33095],[-98.38145,19.33086],[-98.38137,19.33062],[-98.38102,19.33044],[-98.38002,19.33026],[-98.37982,19.33005],[-98.37982,19.32934],[-98.37951,19.3285],[-98.37941,19.32774],[-98.37945,19.32699],[-98.37938,19.32644],[-98.37926,19.32636],[-98.37919,19.32571],[-98.37861,19.31828],[-98.37883,19.31793],[-98.37882,19.31779],[-98.38056,19.31739],[-98.38252,19.3165],[-98.38374,19.31632],[-98.38557,19.3162],[-98.38531,19.31722],[-98.38535,19.3175],[-98.38493,19.31791],[-98.38488,19.3182],[-98.38505,19.31896],[-98.38563,19.3198],[-98.38593,19.32068],[-98.38653,19.3216],[-98.38648,19.32219],[-98.3866,19.32242],[-98.38686,19.32263],[-98.38659,19.32335],[-98.38667,19.32357],[-98.38693,19.32386],[-98.38735,19.32403],[-98.38799,19.32462],[-98.38942,19.32522],[-98.38956,19.32512],[-98.38961,19.32492],[-98.38953,19.32441],[-98.38965,19.32367],[-98.38948,19.32316],[-98.3904,19.32341],[-98.39067,19.32365],[-98.39107,19.32385],[-98.39141,19.32385],[-98.39216,19.32406],[-98.39435,19.32349],[-98.39462,19.32113],[-98.39464,19.32072],[-98.39451,19.32041]]]}},{"type":"Feature","properties":{"seccion":233,"municipio":15,"distrito_local":6,"distrito_federal":2},"geometry":{"type":"Polygon","coordinates":[[[-98.38204,19.33252],[-98.38186,19.33258],[-98.38163,19.33282],[-98.38142,19.33285],[-98.38093,19.33268],[-98.38115,19.33484],[-98.38086,19.33507],[-98.38046,19.33523],[-98.37951,19.33525],[-98.37468,19.33489],[-98.37487,19.33436],[-98.37486,19.33288],[-98.37513,19.33203],[-98.37508,19.33179],[-98.37487,19.33158],[-98.37492,19.33128],[-98.37721,19.33092],[-98.37695,19.32872],[-98.37662,19.32421],[-98.37537,19.32417],[-98.37216,19.32246],[-98.37106,19.32202],[-98.37467,19.31918],[-98.37802,19.31799],[-98.37882,19.31779],[-98.37883,19.31793],[-98.37861,19.31828],[-98.37906,19.32421],[-98.37926,19.32636],[-98.37938,19.32644],[-98.37945,19.32699],[-98.37946,19.32822],[-98.37982,19.32934],[-98.37982,19.33005],[-98.38002,19.33026],[-98.38102,19.33044],[-98.38137,19.33062],[-98.38145,19.33086],[-98.38161,19.33095],[-98.38181,19.33135],[-98.38184,19.3323],[-98.38204,19.33252]]]}},{"type":"Feature","properties":{"seccion":234,"municipio":15,"distrito_local":6,"distrito_federal":2},"geometry":{"type":"Polygon","coordinates":[[[-98.37487,19.33436],[-98.37468,19.33489],[-98.3732,19.33463],[-98.36968,19.33465],[-98.37033,19.33303],[-98.37055,19.33179],[-98.37012,19.32883],[-98.37004,19.32882],[-98.37007,19.32844],[-98.37054,19.32694],[-98.37096,19.32485],[-98.37085,19.32462],[-98.37055,19.32441],[-98.3703,19.32394],[-98.37029,19.32335],[-98.37016,19.32309],[-98.36995,19.32293],[-98.37006,19.32281],[-98.36904,19.32249],[-98.36871,19.32218],[-98.36758,19.32008],[-98.3678,19.32006],[-98.37038,19.32185],[-98.37075,19.3219],[-98.37216,19.32246],[-98.37497,19.324],[-98.37537,19.32417],[-98.37662,19.32421],[-98.37695,19.32872],[-98.37721,19.33092],[-98.37492,19.33128],[-98.37487,19.33158],[-98.37508,19.33179],[-98.37513,19.33203],[-98.37486,19.33288],[-98.37487,19.33436]]]}},{"type":"Feature","properties":{"seccion":633,"municipio":19,"distrito_local":6,"distrito_federal":2},"geometry":{"type":"Polygon","coordinates":[[[-98.40182,19.28765],[-98.40233,19.28767],[-98.40267,19.28781],[-98.40292,19.28819],[-98.40344,19.28848],[-98.40478,19.28829],[-98.40563,19.28801],[-98.40643,19.28797],[-98.40739,19.28808],[-98.40826,19.28801],[-98.4096,19.2881],[-98.41053,19.28799],[-98.4121,19.28799],[-98.41308,19.28775],[-98.41394,19.28723],[-98.41439,19.28676],[-98.41809,19.29095],[-98.4123,19.29529],[-98.41193,19.29547],[-98.41157,19.29554],[-98.41063,19.29504],[-98.41048,19.29483],[-98.41042,19.29421],[-98.40993,19.29466],[-98.4059,19.29342],[-98.40191,19.29472],[-98.40048,19.2953],[-98.39961,19.29585],[-98.40047,19.29308],[-98.40103,19.29324],[-98.40142,19.29199],[-98.40054,19.29169],[-98.40042,19.29162],[-98.40037,19.29141],[-98.40182,19.28779],[-98.40182,19.28765]]]}},{"type":"Feature","properties":{"seccion":235,"municipio":15,"distrito_local":6,"distrito_federal":2},"geometry":{"type":"Polygon","coordinates":[[[-98.38877,19.41878],[-98.38845,19.41874],[-98.38602,19.41711],[-98.3855,19.4171],[-98.38468,19.41681],[-98.38427,19.41619],[-98.38398,19.41557],[-98.38305,19.41487],[-98.38229,19.41446],[-98.38136,19.4143],[-98.38065,19.41319],[-98.38047,19.41207],[-98.38047,19.4107],[-98.38035,19.41004],[-98.38075,19.4092],[-98.38127,19.40771],[-98.38121,19.40708],[-98.3805,19.40609],[-98.38056,19.40564],[-98.38085,19.40539],[-98.38021,19.40493],[-98.37986,19.40444],[-98.37962,19.40369],[-98.38025,19.4012],[-98.38054,19.40041],[-98.38111,19.39829],[-98.38152,19.39762],[-98.38291,19.39682],[-98.38331,19.39645],[-98.38313,19.3947],[-98.38365,19.39242],[-98.38655,19.39286],[-98.38902,19.39281],[-98.39093,19.39101],[-98.39158,19.38892],[-98.39271,19.38783],[-98.39358,19.38729],[-98.39433,19.38653],[-98.39503,19.38599],[-98.39671,19.38515],[-98.39729,19.38506],[-98.39753,19.38552],[-98.39799,19.38584],[-98.39869,19.38609],[-98.40073,19.38612],[-98.40137,19.38594],[-98.40231,19.38781],[-98.40248,19.38851],[-98.40267,19.39033],[-98.40238,19.39133],[-98.40198,19.392],[-98.40079,19.39317],[-98.40057,19.39349],[-98.4007,19.39359],[-98.40152,19.39345],[-98.40262,19.39278],[-98.40436,19.39198],[-98.40575,19.39089],[-98.40726,19.38955],[-98.4075,19.39022],[-98.40774,19.39187],[-98.40768,19.39291],[-98.4078,19.39391],[-98.4081,19.39453],[-98.40845,19.39498],[-98.40892,19.39531],[-98.40927,19.39585],[-98.41154,19.39645],[-98.41416,19.39656],[-98.41509,19.39668],[-98.41579,19.39663],[-98.41707,19.39579],[-98.41817,19.39524],[-98.41951,19.39523],[-98.4208,19.39821],[-98.41942,19.40183],[-98.41925,19.40254],[-98.41931,19.40349],[-98.41914,19.4042],[-98.41845,19.40599],[-98.41794,19.4079],[-98.41736,19.40869],[-98.41696,19.40957],[-98.41678,19.41023],[-98.41574,19.41157],[-98.41442,19.41465],[-98.4143,19.41544],[-98.41437,19.41726],[-98.41307,19.41717],[-98.41117,19.4172],[-98.41,19.417],[-98.40908,19.41588],[-98.40712,19.41578],[-98.40598,19.415],[-98.40389,19.41416],[-98.40398,19.41457],[-98.40272,19.4149],[-98.40225,19.41511],[-98.4008,19.41504],[-98.3994,19.41443],[-98.39858,19.41418],[-98.39777,19.41435],[-98.39713,19.41473],[-98.39608,19.41495],[-98.39568,19.41537],[-98.39434,19.41616],[-98.39213,19.4168],[-98.39161,19.41739],[-98.39132,19.41784],[-98.38976,19.4186],[-98.38877,19.41878]]]}},{"type":"Feature","properties":{"seccion":236,"municipio":15,"distrito_local":6,"distrito_federal":2},"geometry":{"type":"Polygon","coordinates":[[[-98.3662,19.42205],[-98.36659,19.41959],[-98.36681,19.41586],[-98.3668,19.41449],[-98.36662,19.41324],[-98.36668,19.41138],[-98.36644,19.41059],[-98.36632,19.40939],[-98.36277,19.40937],[-98.36213,19.40929],[-98.36056,19.40984],[-98.35986,19.40981],[-98.35939,19.40956],[-98.35873,19.40882],[-98.36043,19.40762],[-98.36001,19.40653],[-98.35981,19.40527],[-98.35881,19.40339],[-98.35739,19.40031],[-98.35752,19.39945],[-98.3569,19.39854],[-98.35678,19.39742],[-98.35686,19.39508],[-98.35726,19.3951],[-98.3584,19.39541],[-98.36099,19.3959],[-98.36163,19.39601],[-98.36185,19.39596],[-98.36304,19.39618],[-98.36354,19.39639],[-98.36519,19.39662],[-98.36528,19.39616],[-98.36405,19.39368],[-98.36429,19.39268],[-98.36588,19.39038],[-98.36812,19.38799],[-98.3705,19.38793],[-98.37539,19.38933],[-98.38362,19.39225],[-98.38365,19.39242],[-98.38313,19.3947],[-98.38331,19.39645],[-98.38291,19.39682],[-98.38152,19.39762],[-98.38111,19.39829],[-98.38054,19.40041],[-98.38025,19.4012],[-98.37962,19.40369],[-98.37986,19.40444],[-98.38021,19.40493],[-98.38085,19.40539],[-98.38056,19.40564],[-98.3805,19.40609],[-98.38121,19.40708],[-98.38127,19.40771],[-98.38075,19.4092],[-98.38035,19.41004],[-98.38047,19.4107],[-98.38047,19.41207],[-98.38065,19.41319],[-98.38136,19.4143],[-98.3813,19.41522],[-98.38096,19.4163],[-98.38113,19.41696],[-98.38084,19.41742],[-98.38026,19.41792],[-98.37957,19.41801],[-98.37898,19.41743],[-98.37769,19.41562],[-98.37658,19.41434],[-98.37588,19.41405],[-98.37478,19.41468],[-98.37437,19.41506],[-98.37403,19.41556],[-98.37345,19.41598],[-98.37298,19.41656],[-98.37264,19.41727],[-98.37212,19.41918],[-98.37178,19.42001],[-98.37137,19.42047],[-98.36969,19.42111],[-98.36875,19.42132],[-98.36771,19.42141],[-98.3662,19.42205]]]}},{"type":"Feature","properties":{"seccion":237,"municipio":15,"distrito_local":6,"distrito_federal":2},"geometry":{"type":"Polygon","coordinates":[[[-98.36812,19.38799],[-98.36588,19.39038],[-98.36429,19.39268],[-98.36405,19.39368],[-98.36528,19.39616],[-98.36519,19.39662],[-98.36354,19.39639],[-98.36304,19.39618],[-98.36185,19.39596],[-98.36163,19.39601],[-98.3584,19.39541],[-98.35726,19.3951],[-98.35349,19.39489],[-98.35298,19.39338],[-98.35269,19.39293],[-98.35222,19.39156],[-98.35151,19.39028],[-98.35104,19.38887],[-98.3511,19.388],[-98.3508,19.38738],[-98.35034,19.38676],[-98.34987,19.38635],[-98.34957,19.38585],[-98.34911,19.38556],[-98.34882,19.38511],[-98.34858,19.38436],[-98.34776,19.38292],[-98.34671,19.38218],[-98.34601,19.38139],[-98.34571,19.38077],[-98.34635,19.38056],[-98.34833,19.38021],[-98.35298,19.37993],[-98.35496,19.37951],[-98.35669,19.37879],[-98.35792,19.37786],[-98.35895,19.3772],[-98.35975,19.3768],[-98.36094,19.37601],[-98.36298,19.3753],[-98.36605,19.37445],[-98.36874,19.37428],[-98.36938,19.37464],[-98.36941,19.37499],[-98.37097,19.37523],[-98.369,19.38287],[-98.36851,19.38565],[-98.36791,19.38729],[-98.36812,19.38799]]]}},{"type":"Feature","properties":{"seccion":238,"municipio":15,"distrito_local":6,"distrito_federal":2},"geometry":{"type":"Polygon","coordinates":[[[-98.34571,19.38077],[-98.34495,19.37903],[-98.34489,19.3785],[-98.34418,19.37684],[-98.34377,19.37626],[-98.34331,19.37593],[-98.34273,19.37615],[-98.3418,19.37619],[-98.34139,19.37595],[-98.34109,19.37549],[-98.34021,19.37313],[-98.3398,19.37239],[-98.3391,19.37169],[-98.33811,19.37095],[-98.33706,19.36996],[-98.33647,19.36959],[-98.33589,19.36889],[-98.33513,19.36752],[-98.33483,19.36603],[-98.33488,19.36533],[-98.33511,19.3645],[-98.33569,19.3637],[-98.33639,19.36366],[-98.33744,19.3639],[-98.3379,19.36365],[-98.33808,19.36319],[-98.3386,19.36302],[-98.3393,19.36264],[-98.33982,19.36214],[-98.34052,19.36234],[-98.34098,19.36221],[-98.34133,19.36176],[-98.34156,19.36117],[-98.34156,19.36055],[-98.34144,19.35993],[-98.3412,19.35947],[-98.34068,19.35894],[-98.34062,19.3584],[-98.34067,19.35769],[-98.34136,19.35653],[-98.34189,19.35607],[-98.34299,19.35581],[-98.34352,19.35622],[-98.34387,19.35709],[-98.34393,19.35767],[-98.34417,19.35821],[-98.34475,19.35899],[-98.34563,19.36003],[-98.34674,19.36114],[-98.34709,19.36147],[-98.34767,19.3618],[-98.3482,19.36237],[-98.34867,19.36328],[-98.34919,19.3634],[-98.34966,19.36365],[-98.35018,19.36435],[-98.35088,19.36426],[-98.35234,19.36479],[-98.35321,19.36487],[-98.35373,19.3647],[-98.35443,19.36399],[-98.35484,19.3637],[-98.35583,19.36423],[-98.35629,19.36464],[-98.3567,19.36485],[-98.35722,19.36389],[-98.3578,19.36368],[-98.35821,19.364],[-98.35851,19.36471],[-98.35897,19.36516],[-98.36019,19.3649],[-98.36199,19.36419],[-98.36286,19.36372],[-98.36443,19.36322],[-98.36496,19.36313],[-98.36641,19.36349],[-98.36735,19.36361],[-98.36834,19.36398],[-98.36962,19.36467],[-98.36997,19.36521],[-98.37073,19.3661],[-98.3691,19.36973],[-98.36813,19.37304],[-98.36938,19.37464],[-98.36874,19.37428],[-98.36605,19.37445],[-98.36298,19.3753],[-98.36094,19.37601],[-98.35975,19.3768],[-98.35895,19.3772],[-98.35792,19.37786],[-98.35669,19.37879],[-98.35496,19.37951],[-98.35298,19.37993],[-98.34833,19.38021],[-98.34635,19.38056],[-98.34571,19.38077]]]}},{"type":"Feature","properties":{"seccion":239,"municipio":15,"distrito_local":6,"distrito_federal":2},"geometry":{"type":"Polygon","coordinates":[[[-98.38655,19.39286],[-98.38365,19.39242],[-98.38362,19.39225],[-98.37539,19.38933],[-98.3705,19.38793],[-98.36812,19.38799],[-98.36791,19.38729],[-98.36851,19.38565],[-98.369,19.38287],[-98.37097,19.37523],[-98.36941,19.37499],[-98.36938,19.37464],[-98.36813,19.37304],[-98.3691,19.36973],[-98.37073,19.3661],[-98.37174,19.36566],[-98.37283,19.36302],[-98.37449,19.36062],[-98.37665,19.36014],[-98.3781,19.36075],[-98.37943,19.36352],[-98.3812,19.36395],[-98.38197,19.36233],[-98.38349,19.36209],[-98.38393,19.36462],[-98.38446,19.36561],[-98.38424,19.36589],[-98.393,19.36613],[-98.39341,19.37175],[-98.39369,19.37212],[-98.39347,19.37356],[-98.39397,19.37504],[-98.39378,19.37609],[-98.39355,19.37639],[-98.39364,19.37763],[-98.39386,19.37835],[-98.39347,19.3803],[-98.39271,19.38148],[-98.39153,19.38247],[-98.39026,19.38448],[-98.38978,19.38604],[-98.38901,19.38757],[-98.38837,19.38832],[-98.38929,19.38926],[-98.39014,19.39035],[-98.39034,19.39157],[-98.38902,19.39281],[-98.38655,19.39286]]]}},{"type":"Feature","properties":{"seccion":240,"municipio":15,"distrito_local":6,"distrito_federal":2},"geometry":{"type":"Polygon","coordinates":[[[-98.4208,19.39821],[-98.41951,19.39523],[-98.41931,19.39415],[-98.4195,19.39323],[-98.42016,19.38399],[-98.42015,19.38218],[-98.42008,19.38152],[-98.4199,19.38081],[-98.4193,19.37937],[-98.41646,19.37553],[-98.41109,19.36801],[-98.41017,19.36636],[-98.40916,19.3641],[-98.40826,19.36124],[-98.40772,19.35906],[-98.41236,19.3596],[-98.41405,19.35992],[-98.41743,19.35973],[-98.42045,19.35904],[-98.4233,19.35827],[-98.42428,19.35835],[-98.42556,19.35797],[-98.42644,19.35792],[-98.42736,19.35716],[-98.428,19.35641],[-98.42823,19.35566],[-98.42863,19.35521],[-98.4294,19.35703],[-98.42987,19.35843],[-98.43046,19.35963],[-98.43087,19.361],[-98.43088,19.36216],[-98.431,19.36278],[-98.43158,19.36307],[-98.43357,19.36438],[-98.43444,19.36467],[-98.43519,19.36437],[-98.43659,19.36424],[-98.44253,19.3651],[-98.44381,19.36522],[-98.44468,19.36542],[-98.44486,19.36604],[-98.44457,19.36687],[-98.44388,19.36812],[-98.44307,19.36913],[-98.44197,19.37079],[-98.4411,19.37155],[-98.44024,19.37205],[-98.43942,19.37226],[-98.43913,19.3733],[-98.43809,19.37431],[-98.44107,19.37619],[-98.4451,19.3789],[-98.44481,19.38032],[-98.44435,19.38165],[-98.44354,19.3829],[-98.4428,19.38436],[-98.44222,19.38572],[-98.44164,19.38532],[-98.43977,19.38504],[-98.43634,19.38536],[-98.43494,19.38562],[-98.43425,19.38621],[-98.43124,19.39042],[-98.43043,19.39175],[-98.42991,19.3913],[-98.42985,19.3908],[-98.42938,19.39014],[-98.42914,19.38935],[-98.42895,19.38637],[-98.42918,19.38554],[-98.42848,19.38571],[-98.42802,19.38604],[-98.42756,19.38675],[-98.42681,19.38896],[-98.42659,19.39016],[-98.42624,19.39116],[-98.42578,19.39149],[-98.42502,19.39171],[-98.42264,19.39326],[-98.422,19.39376],[-98.42073,19.39535],[-98.42056,19.39614],[-98.42056,19.39672],[-98.42086,19.39751],[-98.4208,19.39821]]]}},{"type":"Feature","properties":{"seccion":341,"municipio":24,"distrito_local":5,"distrito_federal":2},"geometry":{"type":"Polygon","coordinates":[[[-98.3059,19.35724],[-98.30504,19.35636],[-98.30242,19.3566],[-98.29857,19.35643],[-98.29741,19.35606],[-98.29675,19.35572],[-98.29654,19.35535],[-98.29619,19.35407],[-98.29659,19.35386],[-98.29688,19.35328],[-98.29706,19.35163],[-98.297,19.35109],[-98.29653,19.35089],[-98.29633,19.35097],[-98.2962,19.34888],[-98.29548,19.34748],[-98.29612,19.34725],[-98.29682,19.34688],[-98.29694,19.34646],[-98.29682,19.34592],[-98.29647,19.34547],[-98.29507,19.34419],[-98.29478,19.34373],[-98.29432,19.34345],[-98.29356,19.34328],[-98.29356,19.34291],[-98.29513,19.34208],[-98.296,19.34216],[-98.29658,19.34237],[-98.29792,19.34179],[-98.29984,19.34187],[-98.30152,19.3422],[-98.30066,19.34699],[-98.30141,19.34683],[-98.30205,19.34687],[-98.30455,19.34724],[-98.30641,19.34827],[-98.30752,19.34872],[-98.30897,19.34951],[-98.31089,19.34938],[-98.31066,19.34996],[-98.31031,19.35041],[-98.30984,19.35157],[-98.30973,19.35207],[-98.31051,19.35238],[-98.3115,19.35262],[-98.31185,19.35253],[-98.3059,19.35724]]]}},{"type":"Feature","properties":{"seccion":241,"municipio":15,"distrito_local":6,"distrito_federal":2},"geometry":{"type":"Polygon","coordinates":[[[-98.46018,19.36053],[-98.46062,19.36122],[-98.46112,19.36255],[-98.4616,19.36415],[-98.46195,19.36623],[-98.46468,19.36672],[-98.46459,19.3679],[-98.46614,19.36828],[-98.46463,19.36831],[-98.46437,19.37254],[-98.46535,19.37259],[-98.46505,19.3775],[-98.46653,19.3776],[-98.46623,19.37811],[-98.46616,19.37885],[-98.46596,19.37905],[-98.46586,19.37905],[-98.46582,19.37934],[-98.46603,19.38015],[-98.46607,19.38072],[-98.46599,19.38124],[-98.46586,19.38139],[-98.46573,19.38139],[-98.46543,19.38119],[-98.46528,19.38123],[-98.4652,19.38139],[-98.46537,19.38176],[-98.46599,19.38209],[-98.46455,19.38359],[-98.46398,19.38354],[-98.46382,19.38442],[-98.46346,19.38495],[-98.46267,19.38563],[-98.46201,19.38633],[-98.46155,19.38696],[-98.46073,19.3875],[-98.46009,19.3878],[-98.45789,19.38848],[-98.45643,19.38861],[-98.45544,19.38837],[-98.45381,19.38855],[-98.453,19.38876],[-98.45236,19.38914],[-98.45172,19.38977],[-98.44993,19.39235],[-98.44919,19.39444],[-98.44878,19.39498],[-98.44855,19.39573],[-98.44774,19.39714],[-98.44734,19.39748],[-98.44583,19.39795],[-98.44513,19.39787],[-98.44373,19.39742],[-98.44116,19.39578],[-98.44022,19.39471],[-98.43993,19.39388],[-98.43993,19.39305],[-98.44015,19.39143],[-98.43991,19.38936],[-98.43961,19.38832],[-98.43914,19.38766],[-98.43879,19.38775],[-98.43781,19.38875],[-98.4363,19.38918],[-98.43473,19.38935],[-98.43328,19.3904],[-98.4327,19.39107],[-98.43148,19.39166],[-98.43043,19.39175],[-98.43124,19.39042],[-98.43425,19.38621],[-98.43494,19.38562],[-98.43634,19.38536],[-98.43977,19.38504],[-98.44164,19.38532],[-98.44222,19.38572],[-98.4428,19.38436],[-98.44354,19.3829],[-98.44435,19.38165],[-98.44481,19.38032],[-98.4451,19.3789],[-98.44107,19.37619],[-98.43809,19.37431],[-98.43913,19.3733],[-98.43942,19.37226],[-98.44024,19.37205],[-98.4411,19.37155],[-98.44197,19.37079],[-98.44307,19.36913],[-98.44388,19.36812],[-98.44457,19.36687],[-98.44486,19.36604],[-98.44468,19.36542],[-98.44381,19.36522],[-98.44253,19.3651],[-98.43659,19.36424],[-98.43519,19.36437],[-98.43444,19.36467],[-98.43357,19.36438],[-98.43158,19.36307],[-98.431,19.36278],[-98.43088,19.36216],[-98.43087,19.361],[-98.43492,19.35628],[-98.4344,19.35554],[-98.4341,19.35487],[-98.43398,19.35417],[-98.43426,19.35234],[-98.43461,19.35147],[-98.43675,19.34817],[-98.4375,19.34767],[-98.43808,19.34742],[-98.43849,19.347],[-98.4386,19.34662],[-98.43848,19.34563],[-98.43778,19.34551],[-98.43766,19.3453],[-98.43824,19.34377],[-98.43859,19.34335],[-98.43818,19.34269],[-98.43783,19.34231],[-98.43841,19.34219],[-98.43911,19.34247],[-98.44138,19.34387],[-98.44342,19.34472],[-98.44424,19.34517],[-98.44535,19.34533],[-98.44645,19.34532],[-98.44796,19.34544],[-98.44913,19.34534],[-98.45,19.34546],[-98.45093,19.34612],[-98.45204,19.34632],[-98.45338,19.34631],[-98.45425,19.34609],[-98.45379,19.34649],[-98.45376,19.34689],[-98.45415,19.34752],[-98.4545,19.34789],[-98.4555,19.34971],[-98.45609,19.35062],[-98.45626,19.3507],[-98.45655,19.35128],[-98.4572,19.35268],[-98.45756,19.35376],[-98.45762,19.35434],[-98.45826,19.35508],[-98.45903,19.35681],[-98.45909,19.35735],[-98.45921,19.35752],[-98.45949,19.35844],[-98.45969,19.36016],[-98.45984,19.36037],[-98.46018,19.36053]]]}},{"type":"Feature","properties":{"seccion":242,"municipio":15,"distrito_local":6,"distrito_federal":2},"geometry":{"type":"Polygon","coordinates":[[[-98.47772,19.37842],[-98.47887,19.3795],[-98.47922,19.38028],[-98.47979,19.38226],[-98.48025,19.38836],[-98.47944,19.38803],[-98.47816,19.38815],[-98.4776,19.38807],[-98.47607,19.38764],[-98.47497,19.38717],[-98.47487,19.38705],[-98.47442,19.38682],[-98.47033,19.38514],[-98.46986,19.38515],[-98.47026,19.3845],[-98.46973,19.38439],[-98.46904,19.38467],[-98.46763,19.38654],[-98.46707,19.38709],[-98.46635,19.38743],[-98.46533,19.38768],[-98.46421,19.3875],[-98.46341,19.38713],[-98.46267,19.38563],[-98.46346,19.38495],[-98.46382,19.38442],[-98.46398,19.38354],[-98.46455,19.38359],[-98.46599,19.38209],[-98.46537,19.38176],[-98.4652,19.38139],[-98.46528,19.38123],[-98.46543,19.38119],[-98.46573,19.38139],[-98.46586,19.38139],[-98.46599,19.38124],[-98.46607,19.38072],[-98.46603,19.38015],[-98.46582,19.37934],[-98.46586,19.37905],[-98.46596,19.37905],[-98.46616,19.37885],[-98.46623,19.37811],[-98.46653,19.3776],[-98.46505,19.3775],[-98.46535,19.37259],[-98.46437,19.37254],[-98.46463,19.36831],[-98.46614,19.36828],[-98.46745,19.36854],[-98.4688,19.36847],[-98.4696,19.36833],[-98.47151,19.36889],[-98.47165,19.36858],[-98.47216,19.36815],[-98.4726,19.36805],[-98.47285,19.3679],[-98.47383,19.36704],[-98.47427,19.36687],[-98.47802,19.37598],[-98.47772,19.37842]]]}},{"type":"Feature","properties":{"seccion":650,"municipio":33,"distrito_local":7,"distrito_federal":2},"geometry":{"type":"Polygon","coordinates":[[[-98.23607,19.29368],[-98.2361,19.2939],[-98.23563,19.2938],[-98.23478,19.29728],[-98.23418,19.29706],[-98.23288,19.29678],[-98.23234,19.29677],[-98.22917,19.29627],[-98.22853,19.29414],[-98.22806,19.29331],[-98.23146,19.29091],[-98.23192,19.2908],[-98.2325,19.29055],[-98.23287,19.29016],[-98.23332,19.28998],[-98.2337,19.28963],[-98.23403,19.28909],[-98.23419,19.28967],[-98.23457,19.29043],[-98.23459,19.29074],[-98.23476,19.29113],[-98.23488,19.29168],[-98.23484,19.29258],[-98.2349,19.29286],[-98.23549,19.29308],[-98.23607,19.29368]]]}},{"type":"Feature","properties":{"seccion":243,"municipio":15,"distrito_local":6,"distrito_federal":2},"geometry":{"type":"Polygon","coordinates":[[[-98.41931,19.39415],[-98.41951,19.39523],[-98.41817,19.39524],[-98.41707,19.39579],[-98.41579,19.39663],[-98.41509,19.39668],[-98.41416,19.39656],[-98.41154,19.39645],[-98.40927,19.39585],[-98.40892,19.39531],[-98.40845,19.39498],[-98.4081,19.39453],[-98.4078,19.39391],[-98.40768,19.39291],[-98.40774,19.39187],[-98.4075,19.39022],[-98.40726,19.38955],[-98.40575,19.39089],[-98.40436,19.39198],[-98.40262,19.39278],[-98.40152,19.39345],[-98.4007,19.39359],[-98.40057,19.39349],[-98.40079,19.39317],[-98.40198,19.392],[-98.40238,19.39133],[-98.40267,19.39033],[-98.40248,19.38851],[-98.40231,19.38781],[-98.40137,19.38594],[-98.40073,19.38612],[-98.39869,19.38609],[-98.39799,19.38584],[-98.39753,19.38552],[-98.39729,19.38506],[-98.39671,19.38515],[-98.39503,19.38599],[-98.39433,19.38653],[-98.39358,19.38729],[-98.39271,19.38783],[-98.39158,19.38892],[-98.39093,19.39101],[-98.39034,19.39157],[-98.39014,19.39035],[-98.38929,19.38926],[-98.38837,19.38832],[-98.38901,19.38757],[-98.38978,19.38604],[-98.39026,19.38448],[-98.39153,19.38247],[-98.39271,19.38148],[-98.39347,19.3803],[-98.39386,19.37835],[-98.39364,19.37763],[-98.39355,19.37639],[-98.39378,19.37609],[-98.39397,19.37504],[-98.39347,19.37356],[-98.39369,19.37212],[-98.39341,19.37175],[-98.393,19.36613],[-98.38424,19.36589],[-98.38487,19.3651],[-98.38492,19.36365],[-98.38451,19.36266],[-98.38298,19.35985],[-98.38257,19.35927],[-98.38193,19.35886],[-98.38146,19.35812],[-98.38134,19.35716],[-98.38174,19.35625],[-98.38232,19.35579],[-98.38366,19.35511],[-98.38406,19.35478],[-98.38418,19.35395],[-98.38452,19.35328],[-98.38586,19.35232],[-98.38667,19.35252],[-98.38703,19.35343],[-98.3879,19.35375],[-98.38819,19.35421],[-98.38819,19.35479],[-98.38878,19.35558],[-98.38936,19.35574],[-98.38942,19.35474],[-98.38924,19.35366],[-98.38934,19.35043],[-98.38968,19.34926],[-98.38955,19.34623],[-98.38914,19.34511],[-98.38832,19.34396],[-98.38721,19.34251],[-98.38534,19.34074],[-98.38475,19.33983],[-98.38429,19.33876],[-98.38399,19.33772],[-98.38381,19.33681],[-98.38381,19.33623],[-98.38445,19.3361],[-98.38491,19.33618],[-98.38555,19.33609],[-98.38718,19.33633],[-98.38835,19.33632],[-98.38922,19.33661],[-98.39074,19.33693],[-98.39172,19.33684],[-98.39411,19.33732],[-98.39499,19.3376],[-98.39521,19.3371],[-98.39591,19.33677],[-98.39661,19.33672],[-98.39714,19.33722],[-98.39731,19.33784],[-98.39772,19.33825],[-98.39819,19.33849],[-98.39901,19.33919],[-98.40005,19.33949],[-98.40089,19.34148],[-98.40525,19.35052],[-98.40621,19.35358],[-98.40826,19.36124],[-98.40916,19.3641],[-98.41017,19.36636],[-98.41109,19.36801],[-98.41163,19.36881],[-98.4193,19.37937],[-98.4199,19.38081],[-98.42008,19.38152],[-98.42015,19.38218],[-98.42016,19.38399],[-98.4195,19.39323],[-98.41931,19.39415]]]}},{"type":"Feature","properties":{"seccion":244,"municipio":15,"distrito_local":6,"distrito_federal":2},"geometry":{"type":"Polygon","coordinates":[[[-98.33012,19.39482],[-98.32936,19.3947],[-98.32866,19.39438],[-98.32813,19.3938],[-98.32662,19.39273],[-98.32522,19.39261],[-98.32324,19.39163],[-98.32178,19.39106],[-98.31699,19.3879],[-98.31577,19.38753],[-98.31449,19.387],[-98.3135,19.38676],[-98.3128,19.38685],[-98.31158,19.38748],[-98.311,19.38794],[-98.31054,19.38844],[-98.30995,19.38828],[-98.30926,19.38832],[-98.309,19.38792],[-98.30935,19.38776],[-98.30912,19.38722],[-98.30938,19.38362],[-98.30896,19.37764],[-98.30975,19.37345],[-98.30751,19.36999],[-98.30811,19.36669],[-98.30835,19.36626],[-98.30835,19.36497],[-98.30735,19.36071],[-98.30607,19.3601],[-98.30642,19.35939],[-98.30607,19.35886],[-98.30613,19.3577],[-98.3059,19.35724],[-98.31185,19.35253],[-98.31249,19.35282],[-98.31354,19.35356],[-98.3143,19.35368],[-98.31535,19.35421],[-98.3157,19.35471],[-98.31611,19.35504],[-98.31722,19.35549],[-98.3185,19.35589],[-98.31943,19.35597],[-98.31984,19.35609],[-98.32094,19.35675],[-98.32135,19.35687],[-98.32234,19.35699],[-98.32269,19.35715],[-98.3231,19.35715],[-98.32333,19.35735],[-98.32374,19.35702],[-98.32379,19.35644],[-98.32326,19.35458],[-98.32343,19.35262],[-98.32313,19.35134],[-98.32325,19.35088],[-98.32307,19.3496],[-98.32283,19.34922],[-98.32282,19.34682],[-98.3227,19.34624],[-98.32066,19.3438],[-98.31978,19.34202],[-98.31983,19.34107],[-98.32433,19.33595],[-98.32416,19.33564],[-98.32459,19.33517],[-98.32457,19.33501],[-98.32497,19.33332],[-98.32938,19.33394],[-98.32956,19.33804],[-98.33396,19.33907],[-98.33461,19.3406],[-98.33578,19.34208],[-98.33613,19.34274],[-98.33655,19.34502],[-98.33655,19.34598],[-98.33632,19.34706],[-98.33685,19.34743],[-98.33801,19.34804],[-98.33884,19.35011],[-98.3393,19.35081],[-98.33884,19.35177],[-98.33844,19.3531],[-98.33839,19.35385],[-98.33845,19.35472],[-98.33863,19.35547],[-98.33951,19.35704],[-98.33922,19.35775],[-98.33934,19.35833],[-98.33969,19.35882],[-98.34039,19.3594],[-98.34062,19.35977],[-98.34068,19.36018],[-98.34057,19.36077],[-98.33982,19.36214],[-98.3393,19.36264],[-98.3386,19.36302],[-98.33808,19.36319],[-98.3379,19.36365],[-98.33744,19.3639],[-98.33639,19.36366],[-98.33569,19.3637],[-98.33511,19.3645],[-98.33488,19.36533],[-98.33483,19.36603],[-98.33513,19.36752],[-98.33589,19.36889],[-98.33647,19.36959],[-98.33706,19.36996],[-98.33811,19.37095],[-98.3391,19.37169],[-98.3398,19.37239],[-98.34021,19.37313],[-98.34109,19.37549],[-98.34139,19.37595],[-98.3418,19.37619],[-98.34203,19.37706],[-98.34216,19.37939],[-98.34234,19.38038],[-98.34234,19.38092],[-98.34217,19.38154],[-98.34078,19.38342],[-98.34025,19.38384],[-98.33903,19.38406],[-98.33857,19.38381],[-98.33845,19.38335],[-98.33799,19.38361],[-98.33718,19.38481],[-98.33695,19.38573],[-98.33585,19.38756],[-98.33573,19.38798],[-98.33574,19.38956],[-98.33551,19.39014],[-98.33534,19.39167],[-98.33511,19.3925],[-98.335,19.39334],[-98.3339,19.39417],[-98.33297,19.39443],[-98.33215,19.39448],[-98.33012,19.39482]]]}},{"type":"Feature","properties":{"seccion":245,"municipio":15,"distrito_local":6,"distrito_federal":2},"geometry":{"type":"Polygon","coordinates":[[[-98.32333,19.35735],[-98.3231,19.35715],[-98.32269,19.35715],[-98.32234,19.35699],[-98.32135,19.35687],[-98.32094,19.35675],[-98.31984,19.35609],[-98.31943,19.35597],[-98.3185,19.35589],[-98.31722,19.35549],[-98.31611,19.35504],[-98.3157,19.35471],[-98.31535,19.35421],[-98.3143,19.35368],[-98.31354,19.35356],[-98.31249,19.35282],[-98.31185,19.35253],[-98.3115,19.35262],[-98.31051,19.35238],[-98.30973,19.35207],[-98.30984,19.35157],[-98.31031,19.35041],[-98.31066,19.34996],[-98.31089,19.34938],[-98.30897,19.34951],[-98.30752,19.34872],[-98.30641,19.34827],[-98.30455,19.34724],[-98.30205,19.34687],[-98.30141,19.34683],[-98.30066,19.34699],[-98.30152,19.3422],[-98.30193,19.34112],[-98.30614,19.33868],[-98.30714,19.33552],[-98.31144,19.32886],[-98.31288,19.32649],[-98.3129,19.32632],[-98.31906,19.32652],[-98.31921,19.32691],[-98.31914,19.32787],[-98.31886,19.3286],[-98.31843,19.32927],[-98.31778,19.32987],[-98.31767,19.33019],[-98.31816,19.33072],[-98.3188,19.33109],[-98.31923,19.33172],[-98.32019,19.33212],[-98.32063,19.33248],[-98.32336,19.33292],[-98.3238,19.33308],[-98.32453,19.3331],[-98.32497,19.33332],[-98.32457,19.33501],[-98.32459,19.33517],[-98.32416,19.33564],[-98.32433,19.33595],[-98.31983,19.34107],[-98.31978,19.34202],[-98.32066,19.3438],[-98.3227,19.34624],[-98.32282,19.34682],[-98.32283,19.34922],[-98.32307,19.3496],[-98.32325,19.35088],[-98.32313,19.35134],[-98.32343,19.35262],[-98.32326,19.35458],[-98.32379,19.35644],[-98.32374,19.35702],[-98.32333,19.35735]]]}},{"type":"Feature","properties":{"seccion":246,"municipio":15,"distrito_local":6,"distrito_federal":2},"geometry":{"type":"Polygon","coordinates":[[[-98.32938,19.33394],[-98.32497,19.33332],[-98.32453,19.3331],[-98.3238,19.33308],[-98.32336,19.33292],[-98.32063,19.33248],[-98.32019,19.33212],[-98.31923,19.33172],[-98.3188,19.33109],[-98.31816,19.33072],[-98.31767,19.33019],[-98.31778,19.32987],[-98.31843,19.32927],[-98.31886,19.3286],[-98.31914,19.32787],[-98.31921,19.32691],[-98.31906,19.32652],[-98.31986,19.32165],[-98.32086,19.31642],[-98.33342,19.31379],[-98.33381,19.31509],[-98.33277,19.31654],[-98.33254,19.31745],[-98.3315,19.31933],[-98.33109,19.32029],[-98.32943,19.32557],[-98.32953,19.32719],[-98.33186,19.32709],[-98.33147,19.3306],[-98.33028,19.33261],[-98.32938,19.33394]]]}},{"type":"Feature","properties":{"seccion":247,"municipio":15,"distrito_local":6,"distrito_federal":2},"geometry":{"type":"Polygon","coordinates":[[[-98.3393,19.35081],[-98.33884,19.35011],[-98.33801,19.34804],[-98.33685,19.34743],[-98.33632,19.34706],[-98.33655,19.34598],[-98.33655,19.34502],[-98.33613,19.34274],[-98.33578,19.34208],[-98.33461,19.3406],[-98.33396,19.33907],[-98.32956,19.33804],[-98.32938,19.33394],[-98.33028,19.33261],[-98.33147,19.3306],[-98.33186,19.32709],[-98.33225,19.32539],[-98.33803,19.32563],[-98.33857,19.32774],[-98.34114,19.32766],[-98.3412,19.32943],[-98.34091,19.33076],[-98.34092,19.33238],[-98.34,19.3367],[-98.33995,19.33803],[-98.34007,19.33898],[-98.34048,19.33993],[-98.34183,19.34158],[-98.34241,19.34241],[-98.34265,19.34299],[-98.34283,19.34403],[-98.34277,19.34544],[-98.3426,19.34606],[-98.3422,19.34652],[-98.34208,19.34718],[-98.34162,19.34827],[-98.34052,19.34948],[-98.34,19.35031],[-98.3393,19.35081]]]}},{"type":"Feature","properties":{"seccion":250,"municipio":15,"distrito_local":6,"distrito_federal":2},"geometry":{"type":"Polygon","coordinates":[[[-98.39411,19.30937],[-98.39724,19.31027],[-98.39844,19.31075],[-98.39877,19.31095],[-98.39964,19.31077],[-98.40138,19.31096],[-98.40704,19.31519],[-98.40809,19.31527],[-98.40954,19.31551],[-98.4117,19.31624],[-98.4124,19.31669],[-98.41299,19.3171],[-98.41345,19.31776],[-98.41375,19.31826],[-98.4141,19.31921],[-98.42108,19.31953],[-98.42132,19.32007],[-98.42155,19.32028],[-98.42129,19.32067],[-98.4212,19.32094],[-98.42102,19.32281],[-98.4213,19.33102],[-98.42112,19.33047],[-98.42057,19.3297],[-98.42028,19.32945],[-98.41965,19.32912],[-98.40493,19.32443],[-98.39451,19.32041],[-98.39464,19.32072],[-98.39462,19.32113],[-98.39435,19.32349],[-98.39216,19.32406],[-98.39141,19.32385],[-98.39107,19.32385],[-98.39067,19.32365],[-98.3904,19.32341],[-98.38948,19.32316],[-98.38965,19.32367],[-98.38953,19.32441],[-98.38961,19.32492],[-98.38956,19.32512],[-98.38942,19.32522],[-98.38799,19.32462],[-98.38735,19.32403],[-98.38693,19.32386],[-98.38667,19.32357],[-98.38659,19.32335],[-98.38686,19.32263],[-98.3866,19.32242],[-98.38648,19.32219],[-98.38653,19.3216],[-98.38593,19.32068],[-98.38563,19.3198],[-98.38505,19.31896],[-98.38488,19.3182],[-98.38493,19.31791],[-98.38535,19.3175],[-98.38531,19.31722],[-98.38557,19.3162],[-98.38554,19.31482],[-98.3846,19.31189],[-98.38361,19.31021],[-98.3845,19.31013],[-98.38496,19.31021],[-98.3854,19.3105],[-98.38581,19.3113],[-98.38738,19.31057],[-98.38814,19.31241],[-98.38858,19.31374],[-98.38955,19.31347],[-98.39387,19.30949],[-98.39411,19.30937]]]}},{"type":"Feature","properties":{"seccion":248,"municipio":15,"distrito_local":6,"distrito_federal":2},"geometry":{"type":"Polygon","coordinates":[[[-98.37076,19.36614],[-98.36997,19.36521],[-98.36962,19.36467],[-98.36834,19.36398],[-98.36735,19.36361],[-98.36641,19.36349],[-98.36496,19.36313],[-98.36443,19.36322],[-98.36286,19.36372],[-98.36199,19.36419],[-98.36019,19.3649],[-98.35897,19.36516],[-98.35851,19.36471],[-98.35821,19.364],[-98.3578,19.36368],[-98.35722,19.36389],[-98.3567,19.36485],[-98.35629,19.36464],[-98.35583,19.36423],[-98.35484,19.3637],[-98.35443,19.36399],[-98.35373,19.3647],[-98.35321,19.36487],[-98.35234,19.36479],[-98.35088,19.36426],[-98.35018,19.36435],[-98.34966,19.36365],[-98.34919,19.3634],[-98.34867,19.36328],[-98.3482,19.36237],[-98.34767,19.3618],[-98.34709,19.36147],[-98.34674,19.36114],[-98.34563,19.36003],[-98.34475,19.35899],[-98.34417,19.35821],[-98.34393,19.35767],[-98.34387,19.35709],[-98.34352,19.35622],[-98.34299,19.35581],[-98.34189,19.35607],[-98.34136,19.35653],[-98.34067,19.35769],[-98.34062,19.3584],[-98.34068,19.35894],[-98.3412,19.35947],[-98.34144,19.35993],[-98.34156,19.36055],[-98.34156,19.36117],[-98.34133,19.36176],[-98.34098,19.36221],[-98.34052,19.36234],[-98.33982,19.36214],[-98.34057,19.36077],[-98.34068,19.36018],[-98.34062,19.35977],[-98.34039,19.3594],[-98.33969,19.35882],[-98.33934,19.35833],[-98.33922,19.35775],[-98.33951,19.35704],[-98.33863,19.35547],[-98.33845,19.35472],[-98.33839,19.35385],[-98.33844,19.3531],[-98.33884,19.35177],[-98.3393,19.35081],[-98.34,19.35031],[-98.34052,19.34948],[-98.34162,19.34827],[-98.34208,19.34718],[-98.3422,19.34652],[-98.3426,19.34606],[-98.34277,19.34544],[-98.34283,19.34403],[-98.34265,19.34299],[-98.34241,19.34241],[-98.34183,19.34158],[-98.34048,19.33993],[-98.34007,19.33898],[-98.33995,19.33803],[-98.34,19.3367],[-98.34092,19.33238],[-98.34091,19.33076],[-98.3412,19.32943],[-98.34114,19.32766],[-98.34285,19.32757],[-98.34366,19.32768],[-98.34374,19.32649],[-98.35316,19.3269],[-98.35315,19.32927],[-98.35469,19.32934],[-98.36304,19.32739],[-98.36404,19.32707],[-98.3641,19.32718],[-98.36524,19.32725],[-98.36552,19.32942],[-98.36542,19.3296],[-98.3652,19.32968],[-98.36322,19.32966],[-98.36228,19.3293],[-98.36144,19.32912],[-98.36096,19.32917],[-98.35957,19.3298],[-98.35915,19.33006],[-98.3582,19.33346],[-98.35776,19.33402],[-98.35712,19.33427],[-98.35761,19.33611],[-98.35764,19.33685],[-98.35777,19.33752],[-98.35792,19.3378],[-98.3586,19.33989],[-98.35912,19.34058],[-98.35926,19.34091],[-98.35986,19.34129],[-98.36174,19.34406],[-98.36196,19.34443],[-98.36273,19.34654],[-98.36391,19.34828],[-98.3649,19.35014],[-98.36555,19.35109],[-98.36619,19.35225],[-98.36684,19.35511],[-98.36691,19.35635],[-98.36685,19.3571],[-98.36703,19.35834],[-98.36738,19.35929],[-98.36856,19.36095],[-98.36996,19.36372],[-98.3709,19.365],[-98.37076,19.36614]]]}},{"type":"Feature","properties":{"seccion":249,"municipio":15,"distrito_local":6,"distrito_federal":2},"geometry":{"type":"Polygon","coordinates":[[[-98.40493,19.32443],[-98.41965,19.32912],[-98.42028,19.32945],[-98.42057,19.3297],[-98.42112,19.33047],[-98.4213,19.33102],[-98.42102,19.32281],[-98.4212,19.32094],[-98.42129,19.32067],[-98.42155,19.32028],[-98.42254,19.3211],[-98.42529,19.32369],[-98.42616,19.32385],[-98.42797,19.32454],[-98.42873,19.3252],[-98.4296,19.32565],[-98.43188,19.32642],[-98.43746,19.32642],[-98.43862,19.32625],[-98.44142,19.3264],[-98.44427,19.32671],[-98.44595,19.32582],[-98.44665,19.32528],[-98.4474,19.32486],[-98.44932,19.32414],[-98.45042,19.32317],[-98.4517,19.32271],[-98.45327,19.32274],[-98.45554,19.32339],[-98.45664,19.32383],[-98.4574,19.32424],[-98.45781,19.32486],[-98.45805,19.32602],[-98.45794,19.32781],[-98.45812,19.32843],[-98.45847,19.32926],[-98.459,19.33017],[-98.45952,19.33028],[-98.45944,19.33116],[-98.45915,19.33187],[-98.45892,19.3322],[-98.45892,19.33249],[-98.45881,19.33262],[-98.4587,19.33345],[-98.45847,19.33394],[-98.4583,19.3349],[-98.45825,19.3356],[-98.45843,19.33614],[-98.45866,19.33639],[-98.45866,19.33664],[-98.45884,19.33701],[-98.4589,19.33746],[-98.45884,19.33751],[-98.45884,19.33788],[-98.45873,19.33821],[-98.45856,19.33834],[-98.45786,19.33855],[-98.45769,19.33867],[-98.45734,19.33934],[-98.45717,19.33942],[-98.45712,19.34025],[-98.45677,19.34083],[-98.4566,19.34137],[-98.45683,19.34158],[-98.45684,19.34191],[-98.45655,19.34233],[-98.45626,19.34246],[-98.4558,19.34283],[-98.45557,19.34379],[-98.45465,19.34474],[-98.45459,19.34512],[-98.4543,19.34537],[-98.45442,19.34566],[-98.45425,19.34609],[-98.45338,19.34631],[-98.45204,19.34632],[-98.45093,19.34612],[-98.45,19.34546],[-98.44913,19.34534],[-98.44796,19.34544],[-98.44645,19.34532],[-98.44535,19.34533],[-98.44424,19.34517],[-98.44342,19.34472],[-98.44138,19.34387],[-98.43911,19.34247],[-98.43841,19.34219],[-98.43783,19.34231],[-98.43818,19.34269],[-98.43859,19.34335],[-98.43824,19.34377],[-98.43766,19.3453],[-98.43778,19.34551],[-98.43848,19.34563],[-98.4386,19.34662],[-98.43849,19.347],[-98.43808,19.34742],[-98.4375,19.34767],[-98.43675,19.34817],[-98.43461,19.35147],[-98.43426,19.35234],[-98.43398,19.35417],[-98.4341,19.35487],[-98.4344,19.35554],[-98.43492,19.35628],[-98.43087,19.361],[-98.43046,19.35963],[-98.42987,19.35843],[-98.4294,19.35703],[-98.42863,19.35521],[-98.42823,19.35566],[-98.428,19.35641],[-98.42736,19.35716],[-98.42644,19.35792],[-98.42556,19.35797],[-98.42428,19.35835],[-98.4233,19.35827],[-98.42045,19.35904],[-98.41743,19.35973],[-98.41405,19.35992],[-98.41236,19.3596],[-98.40772,19.35906],[-98.40621,19.35358],[-98.40525,19.35052],[-98.40089,19.34148],[-98.40005,19.33949],[-98.39989,19.33825],[-98.39986,19.33732],[-98.39994,19.3365],[-98.40023,19.33544],[-98.40334,19.32801],[-98.40493,19.32443]]]}},{"type":"Feature","properties":{"seccion":251,"municipio":15,"distrito_local":6,"distrito_federal":2},"geometry":{"type":"Polygon","coordinates":[[[-98.39411,19.30937],[-98.39387,19.30949],[-98.38955,19.31347],[-98.38858,19.31374],[-98.38814,19.31241],[-98.38738,19.31057],[-98.38581,19.3113],[-98.3854,19.3105],[-98.38496,19.31021],[-98.3845,19.31013],[-98.38361,19.31021],[-98.3846,19.31189],[-98.38554,19.31482],[-98.38557,19.3162],[-98.38374,19.31632],[-98.38252,19.3165],[-98.38056,19.31739],[-98.37802,19.31799],[-98.37467,19.31918],[-98.37106,19.32202],[-98.37038,19.32185],[-98.36896,19.32082],[-98.3678,19.32006],[-98.36765,19.32005],[-98.36599,19.3188],[-98.36523,19.31848],[-98.36366,19.31799],[-98.3618,19.3173],[-98.36542,19.30777],[-98.36013,19.3081],[-98.36028,19.30609],[-98.35561,19.30608],[-98.35648,19.30381],[-98.35769,19.29973],[-98.35922,19.2953],[-98.36105,19.2908],[-98.36208,19.28808],[-98.36408,19.29317],[-98.3671,19.2924],[-98.37094,19.29175],[-98.37688,19.30018],[-98.37845,19.30279],[-98.38665,19.30009],[-98.38726,19.29998],[-98.3896,19.3037],[-98.39085,19.30621],[-98.39386,19.30921],[-98.39411,19.30937]]]}},{"type":"Feature","properties":{"seccion":252,"municipio":15,"distrito_local":6,"distrito_federal":2},"geometry":{"type":"Polygon","coordinates":[[[-98.35469,19.32934],[-98.35315,19.32927],[-98.35316,19.3269],[-98.34374,19.32649],[-98.34366,19.32768],[-98.34285,19.32757],[-98.33857,19.32774],[-98.33803,19.32563],[-98.33225,19.32539],[-98.33186,19.32709],[-98.32953,19.32719],[-98.32943,19.32557],[-98.33109,19.32029],[-98.3315,19.31933],[-98.33254,19.31745],[-98.33277,19.31654],[-98.33381,19.31509],[-98.33342,19.31379],[-98.34838,19.3106],[-98.35059,19.30998],[-98.35079,19.30998],[-98.35259,19.31095],[-98.3546,19.31173],[-98.3545,19.31195],[-98.3553,19.31215],[-98.35555,19.31245],[-98.3563,19.31203],[-98.35606,19.31272],[-98.35598,19.31453],[-98.35581,19.31527],[-98.35634,19.31513],[-98.35757,19.31538],[-98.36053,19.31666],[-98.3618,19.3173],[-98.36366,19.31799],[-98.36523,19.31848],[-98.36599,19.3188],[-98.36765,19.32005],[-98.36758,19.32008],[-98.3676,19.32019],[-98.36871,19.32218],[-98.36891,19.32241],[-98.37006,19.32281],[-98.36691,19.32527],[-98.36501,19.3266],[-98.36431,19.32698],[-98.36304,19.32739],[-98.35469,19.32934]]]}},{"type":"Feature","properties":{"seccion":253,"municipio":15,"distrito_local":6,"distrito_federal":2},"geometry":{"type":"Polygon","coordinates":[[[-98.34293,19.31058],[-98.35021,19.30704],[-98.35078,19.30616],[-98.34772,19.30476],[-98.34568,19.30334],[-98.34503,19.30326],[-98.34472,19.30309],[-98.34938,19.30128],[-98.34991,19.30085],[-98.35635,19.30366],[-98.35648,19.30381],[-98.35561,19.30608],[-98.36028,19.30609],[-98.36013,19.3081],[-98.36542,19.30777],[-98.3618,19.3173],[-98.36053,19.31666],[-98.35757,19.31538],[-98.35634,19.31513],[-98.35581,19.31527],[-98.35598,19.31453],[-98.35606,19.31272],[-98.3563,19.31203],[-98.35555,19.31245],[-98.3553,19.31215],[-98.3545,19.31195],[-98.3546,19.31173],[-98.35259,19.31095],[-98.35079,19.30998],[-98.35059,19.30998],[-98.34838,19.3106],[-98.344,19.31151],[-98.34293,19.31058]]]}},{"type":"Feature","properties":{"seccion":257,"municipio":15,"distrito_local":6,"distrito_federal":2},"geometry":{"type":"Polygon","coordinates":[[[-98.34725,19.29331],[-98.34565,19.29261],[-98.3458,19.29226],[-98.34497,19.29191],[-98.34323,19.29145],[-98.34207,19.29142],[-98.34141,19.29131],[-98.34152,19.28706],[-98.34147,19.28391],[-98.34402,19.28401],[-98.35047,19.28445],[-98.3518,19.28744],[-98.3547,19.28927],[-98.35547,19.29081],[-98.36105,19.2908],[-98.36025,19.29273],[-98.3585,19.29255],[-98.35678,19.29221],[-98.35495,19.29161],[-98.35122,19.29012],[-98.34968,19.28975],[-98.34951,19.29024],[-98.34895,19.29126],[-98.34871,19.29158],[-98.34829,19.29193],[-98.34725,19.29331]]]}},{"type":"Feature","properties":{"seccion":128,"municipio":10,"distrito_local":9,"distrito_federal":3},"geometry":{"type":"Polygon","coordinates":[[[-98.18931,19.31904],[-98.18785,19.31841],[-98.18649,19.31764],[-98.18257,19.31481],[-98.1835,19.31504],[-98.18362,19.31489],[-98.18436,19.31541],[-98.18753,19.31707],[-98.18767,19.31723],[-98.18871,19.31776],[-98.18961,19.31805],[-98.18931,19.31904]]]}},{"type":"Feature","properties":{"seccion":254,"municipio":58,"distrito_local":13,"distrito_federal":2},"geometry":{"type":"Polygon","coordinates":[[[-98.31959,19.30977],[-98.32055,19.29784],[-98.31967,19.29561],[-98.3188,19.29424],[-98.31775,19.293],[-98.31624,19.29197],[-98.31566,19.29139],[-98.31696,19.291],[-98.31801,19.29099],[-98.31968,19.29136],[-98.32046,19.29189],[-98.32072,19.29138],[-98.32104,19.29146],[-98.32266,19.29119],[-98.32323,19.29118],[-98.32579,19.29254],[-98.32606,19.29275],[-98.3247,19.29438],[-98.32295,19.29423],[-98.32377,19.29538],[-98.32407,19.29597],[-98.32485,19.29699],[-98.32577,19.29788],[-98.32736,19.29903],[-98.32736,19.29933],[-98.32974,19.30406],[-98.33058,19.30651],[-98.33091,19.30631],[-98.33133,19.30591],[-98.33158,19.30537],[-98.33265,19.30385],[-98.33334,19.3032],[-98.33294,19.30287],[-98.33227,19.3021],[-98.33213,19.30182],[-98.33287,19.3012],[-98.33271,19.30073],[-98.33279,19.30057],[-98.33401,19.29934],[-98.33342,19.29835],[-98.33689,19.29469],[-98.33646,19.29373],[-98.33674,19.29344],[-98.33677,19.29314],[-98.33685,19.2931],[-98.33604,19.2913],[-98.33588,19.28706],[-98.33271,19.28605],[-98.33278,19.2844],[-98.32785,19.28472],[-98.32699,19.28309],[-98.32553,19.28128],[-98.32464,19.28146],[-98.32459,19.2802],[-98.32807,19.27852],[-98.33005,19.27747],[-98.33086,19.27734],[-98.33214,19.27692],[-98.33301,19.27612],[-98.33359,19.27545],[-98.33434,19.27512],[-98.33498,19.27465],[-98.3366,19.27315],[-98.33875,19.27197],[-98.34119,19.27096],[-98.3434,19.27045],[-98.34531,19.27035],[-98.34665,19.27009],[-98.34991,19.26995],[-98.33843,19.27878],[-98.33805,19.28621],[-98.34065,19.29578],[-98.34095,19.29669],[-98.34171,19.29798],[-98.34107,19.29792],[-98.34472,19.30309],[-98.34503,19.30326],[-98.34568,19.30334],[-98.34772,19.30476],[-98.35078,19.30616],[-98.35021,19.30704],[-98.34293,19.31058],[-98.344,19.31151],[-98.32048,19.31653],[-98.31938,19.3139],[-98.31959,19.30977]]]}},{"type":"Feature","properties":{"seccion":255,"municipio":58,"distrito_local":13,"distrito_federal":2},"geometry":{"type":"Polygon","coordinates":[[[-98.32834,19.28586],[-98.32785,19.28472],[-98.33278,19.2844],[-98.33271,19.28605],[-98.33588,19.28706],[-98.33604,19.2913],[-98.33685,19.2931],[-98.33677,19.29314],[-98.33674,19.29344],[-98.33646,19.29373],[-98.33689,19.29469],[-98.33342,19.29835],[-98.33401,19.29934],[-98.33279,19.30057],[-98.33271,19.30073],[-98.33287,19.3012],[-98.33213,19.30182],[-98.33227,19.3021],[-98.33294,19.30287],[-98.33334,19.3032],[-98.33265,19.30385],[-98.33158,19.30537],[-98.33133,19.30591],[-98.33058,19.30651],[-98.32974,19.30406],[-98.32736,19.29933],[-98.32736,19.29903],[-98.32577,19.29788],[-98.32485,19.29699],[-98.32407,19.29597],[-98.32377,19.29538],[-98.32295,19.29423],[-98.3247,19.29438],[-98.32606,19.29275],[-98.32579,19.29254],[-98.32323,19.29118],[-98.32475,19.29066],[-98.32672,19.28932],[-98.32881,19.28764],[-98.32834,19.28586]]]}},{"type":"Feature","properties":{"seccion":256,"municipio":15,"distrito_local":6,"distrito_federal":2},"geometry":{"type":"Polygon","coordinates":[[[-98.34171,19.29798],[-98.34095,19.29669],[-98.34065,19.29578],[-98.33805,19.28621],[-98.33843,19.27878],[-98.34991,19.26995],[-98.35014,19.27098],[-98.3498,19.27194],[-98.34969,19.27397],[-98.34976,19.27621],[-98.35023,19.27721],[-98.35046,19.27853],[-98.35041,19.27928],[-98.35077,19.28102],[-98.35101,19.28289],[-98.35124,19.28351],[-98.35171,19.28438],[-98.3523,19.28512],[-98.35422,19.28618],[-98.35538,19.28659],[-98.35719,19.28745],[-98.35993,19.28797],[-98.36109,19.28809],[-98.36208,19.28808],[-98.36105,19.2908],[-98.35547,19.29081],[-98.3547,19.28927],[-98.3518,19.28744],[-98.35047,19.28445],[-98.34402,19.28401],[-98.34147,19.28391],[-98.34152,19.28706],[-98.34141,19.29131],[-98.34207,19.29142],[-98.34323,19.29145],[-98.34497,19.29191],[-98.3458,19.29226],[-98.34565,19.29261],[-98.34725,19.29331],[-98.34829,19.29193],[-98.34871,19.29158],[-98.34895,19.29126],[-98.34951,19.29024],[-98.34968,19.28975],[-98.35122,19.29012],[-98.35495,19.29161],[-98.35678,19.29221],[-98.3585,19.29255],[-98.36025,19.29273],[-98.35922,19.2953],[-98.35769,19.29973],[-98.35648,19.30381],[-98.35635,19.30366],[-98.34991,19.30085],[-98.34938,19.30128],[-98.34472,19.30309],[-98.34107,19.29792],[-98.34171,19.29798]]]}},{"type":"Feature","properties":{"seccion":258,"municipio":15,"distrito_local":6,"distrito_federal":2},"geometry":{"type":"Polygon","coordinates":[[[-98.38186,19.33258],[-98.38178,19.33297],[-98.38201,19.33336],[-98.38219,19.33331],[-98.38265,19.33347],[-98.38264,19.33396],[-98.38274,19.33421],[-98.38278,19.33473],[-98.38303,19.33539],[-98.38302,19.33581],[-98.38322,19.33601],[-98.38381,19.33623],[-98.38381,19.33681],[-98.38399,19.33772],[-98.38429,19.33876],[-98.38475,19.33983],[-98.38534,19.34074],[-98.38721,19.34251],[-98.38832,19.34396],[-98.38914,19.34511],[-98.38955,19.34623],[-98.38968,19.34926],[-98.38934,19.35043],[-98.38924,19.35366],[-98.38942,19.35474],[-98.38936,19.35574],[-98.38878,19.35558],[-98.38819,19.35479],[-98.38819,19.35421],[-98.3879,19.35375],[-98.38703,19.35343],[-98.38667,19.35252],[-98.38586,19.35232],[-98.38452,19.35328],[-98.38418,19.35395],[-98.38406,19.35478],[-98.38366,19.35511],[-98.38232,19.35579],[-98.38174,19.35625],[-98.38134,19.35716],[-98.38146,19.35812],[-98.38193,19.35886],[-98.38257,19.35927],[-98.38298,19.35985],[-98.38451,19.36266],[-98.38492,19.36365],[-98.38487,19.3651],[-98.38446,19.36561],[-98.38393,19.36462],[-98.38349,19.36209],[-98.38197,19.36233],[-98.3812,19.36395],[-98.37943,19.36352],[-98.3781,19.36075],[-98.37665,19.36014],[-98.37449,19.36062],[-98.37283,19.36302],[-98.37174,19.36566],[-98.37076,19.36614],[-98.3709,19.365],[-98.36996,19.36372],[-98.36856,19.36095],[-98.36738,19.35929],[-98.36703,19.35834],[-98.36685,19.3571],[-98.36691,19.35635],[-98.36684,19.35511],[-98.36619,19.35225],[-98.36555,19.35109],[-98.3649,19.35014],[-98.36391,19.34828],[-98.36273,19.34654],[-98.36196,19.34443],[-98.36174,19.34406],[-98.35986,19.34129],[-98.35926,19.34091],[-98.35912,19.34058],[-98.3586,19.33989],[-98.35792,19.3378],[-98.35777,19.33752],[-98.35764,19.33685],[-98.35761,19.33611],[-98.35712,19.33427],[-98.35776,19.33402],[-98.3582,19.33346],[-98.35915,19.33006],[-98.35957,19.3298],[-98.36096,19.32917],[-98.36144,19.32912],[-98.36228,19.3293],[-98.36322,19.32966],[-98.3652,19.32968],[-98.36542,19.3296],[-98.36552,19.32942],[-98.36524,19.32725],[-98.3641,19.32718],[-98.36404,19.32707],[-98.36501,19.3266],[-98.36691,19.32527],[-98.36995,19.32293],[-98.37016,19.32309],[-98.37029,19.32335],[-98.3703,19.32394],[-98.37055,19.32441],[-98.37085,19.32462],[-98.37096,19.32485],[-98.37054,19.32694],[-98.37007,19.32844],[-98.37004,19.32882],[-98.37012,19.32883],[-98.37055,19.33179],[-98.37033,19.33303],[-98.36968,19.33465],[-98.3732,19.33463],[-98.37468,19.33489],[-98.37951,19.33525],[-98.38046,19.33523],[-98.38086,19.33507],[-98.38115,19.33484],[-98.38093,19.33268],[-98.38142,19.33285],[-98.38163,19.33282],[-98.38186,19.33258]]]}},{"type":"Feature","properties":{"seccion":284,"municipio":19,"distrito_local":6,"distrito_federal":2},"geometry":{"type":"Polygon","coordinates":[[[-98.38271,19.27745],[-98.38073,19.28328],[-98.37958,19.28263],[-98.37911,19.28268],[-98.37698,19.28133],[-98.37577,19.28039],[-98.37504,19.28017],[-98.37464,19.28138],[-98.37367,19.28071],[-98.37584,19.27196],[-98.3764,19.27157],[-98.37648,19.27137],[-98.37663,19.27127],[-98.37841,19.26714],[-98.38426,19.26977],[-98.38693,19.27081],[-98.38562,19.274],[-98.38395,19.27839],[-98.38271,19.27745]]]}},{"type":"Feature","properties":{"seccion":285,"municipio":19,"distrito_local":6,"distrito_federal":2},"geometry":{"type":"Polygon","coordinates":[[[-98.38688,19.27094],[-98.38693,19.27081],[-98.38426,19.26977],[-98.37841,19.26714],[-98.37885,19.26604],[-98.37985,19.26661],[-98.38127,19.26715],[-98.38165,19.26625],[-98.38164,19.26584],[-98.38145,19.26508],[-98.38146,19.26479],[-98.38217,19.26437],[-98.38203,19.26423],[-98.38257,19.26382],[-98.38105,19.25276],[-98.38509,19.25186],[-98.39599,19.26509],[-98.38813,19.26852],[-98.38714,19.26905],[-98.38781,19.2694],[-98.38875,19.27007],[-98.38873,19.27053],[-98.38817,19.27193],[-98.38785,19.27148],[-98.38762,19.2713],[-98.38688,19.27094]]]}},{"type":"Feature","properties":{"seccion":286,"municipio":19,"distrito_local":6,"distrito_federal":2},"geometry":{"type":"Polygon","coordinates":[[[-98.37094,19.29175],[-98.3671,19.2924],[-98.36408,19.29317],[-98.36208,19.28808],[-98.37032,19.2684],[-98.37145,19.26708],[-98.37355,19.26363],[-98.37227,19.26283],[-98.37183,19.26237],[-98.37285,19.26087],[-98.37376,19.26122],[-98.3751,19.26206],[-98.37559,19.26216],[-98.37624,19.26086],[-98.37856,19.26196],[-98.37614,19.25381],[-98.37873,19.25351],[-98.38048,19.25289],[-98.38105,19.25276],[-98.38257,19.26382],[-98.38203,19.26423],[-98.38217,19.26437],[-98.38146,19.26479],[-98.38145,19.26508],[-98.38164,19.26584],[-98.38165,19.26625],[-98.38127,19.26715],[-98.37985,19.26661],[-98.37885,19.26604],[-98.37663,19.27127],[-98.37648,19.27137],[-98.3764,19.27157],[-98.37584,19.27196],[-98.37094,19.29175]]]}},{"type":"Feature","properties":{"seccion":287,"municipio":19,"distrito_local":6,"distrito_federal":2},"geometry":{"type":"Polygon","coordinates":[[[-98.36208,19.28808],[-98.36109,19.28809],[-98.35993,19.28797],[-98.35719,19.28745],[-98.35538,19.28659],[-98.35422,19.28618],[-98.3523,19.28512],[-98.35171,19.28438],[-98.35124,19.28351],[-98.35101,19.28289],[-98.35077,19.28102],[-98.35041,19.27928],[-98.35046,19.27853],[-98.35023,19.27721],[-98.34976,19.27621],[-98.34969,19.27397],[-98.3498,19.27194],[-98.35014,19.27098],[-98.34991,19.26995],[-98.35331,19.26618],[-98.35501,19.26306],[-98.35599,19.25925],[-98.35848,19.25857],[-98.35833,19.25653],[-98.35842,19.25535],[-98.35867,19.2537],[-98.35896,19.2533],[-98.35777,19.25286],[-98.35878,19.2506],[-98.35939,19.25001],[-98.36114,19.25032],[-98.36229,19.25076],[-98.36548,19.25171],[-98.3662,19.25202],[-98.36854,19.25274],[-98.37171,19.25345],[-98.37291,19.25439],[-98.37614,19.25381],[-98.37856,19.26196],[-98.37624,19.26086],[-98.37559,19.26216],[-98.3751,19.26206],[-98.37376,19.26122],[-98.37285,19.26087],[-98.37183,19.26237],[-98.37227,19.26283],[-98.37355,19.26363],[-98.37145,19.26708],[-98.37032,19.2684],[-98.36208,19.28808]]]}},{"type":"Feature","properties":{"seccion":289,"municipio":19,"distrito_local":6,"distrito_federal":2},"geometry":{"type":"Polygon","coordinates":[[[-98.39525,19.30972],[-98.39393,19.30928],[-98.39085,19.30621],[-98.3896,19.3037],[-98.38726,19.29998],[-98.38665,19.30009],[-98.37845,19.30279],[-98.37688,19.30018],[-98.38794,19.29051],[-98.38818,19.28891],[-98.38929,19.28874],[-98.39185,19.28781],[-98.393,19.28729],[-98.39392,19.28706],[-98.39483,19.287],[-98.39721,19.28732],[-98.39783,19.28729],[-98.40182,19.28765],[-98.40182,19.28779],[-98.40037,19.29141],[-98.40042,19.29162],[-98.40054,19.29169],[-98.40142,19.29199],[-98.40103,19.29324],[-98.40047,19.29308],[-98.39961,19.29585],[-98.39795,19.30358],[-98.39525,19.30972]]]}},{"type":"Feature","properties":{"seccion":290,"municipio":19,"distrito_local":6,"distrito_federal":2},"geometry":{"type":"Polygon","coordinates":[[[-98.39274,19.2874],[-98.39314,19.28708],[-98.3937,19.28684],[-98.3941,19.28645],[-98.39432,19.28573],[-98.39274,19.2851],[-98.39235,19.28515],[-98.39188,19.28533],[-98.39018,19.28675],[-98.3885,19.28656],[-98.38969,19.28234],[-98.39062,19.28289],[-98.39126,19.2807],[-98.39285,19.28109],[-98.39297,19.28063],[-98.39064,19.27979],[-98.39035,19.27962],[-98.39002,19.27921],[-98.38947,19.27529],[-98.3896,19.27534],[-98.39058,19.27221],[-98.3934,19.27344],[-98.39451,19.27411],[-98.39638,19.27569],[-98.39664,19.27616],[-98.39906,19.27839],[-98.39911,19.27854],[-98.39901,19.27867],[-98.39893,19.27931],[-98.3993,19.28013],[-98.40019,19.28097],[-98.40059,19.28162],[-98.40086,19.28185],[-98.40153,19.28216],[-98.40001,19.28419],[-98.39746,19.28729],[-98.39721,19.28732],[-98.39483,19.287],[-98.39392,19.28706],[-98.39274,19.2874]]]}},{"type":"Feature","properties":{"seccion":291,"municipio":19,"distrito_local":6,"distrito_federal":2},"geometry":{"type":"Polygon","coordinates":[[[-98.37688,19.30018],[-98.37094,19.29175],[-98.37367,19.28071],[-98.37464,19.28138],[-98.37504,19.28017],[-98.37577,19.28039],[-98.37698,19.28133],[-98.37911,19.28268],[-98.37958,19.28263],[-98.38073,19.28328],[-98.38271,19.27745],[-98.38395,19.27839],[-98.38562,19.274],[-98.38688,19.27094],[-98.38762,19.2713],[-98.38785,19.27148],[-98.38817,19.27193],[-98.38873,19.27053],[-98.38875,19.27007],[-98.38951,19.27106],[-98.39058,19.27221],[-98.3896,19.27534],[-98.38947,19.27529],[-98.39002,19.27921],[-98.39035,19.27962],[-98.39064,19.27979],[-98.39297,19.28063],[-98.39285,19.28109],[-98.39126,19.2807],[-98.39062,19.28289],[-98.38969,19.28234],[-98.3885,19.28656],[-98.39018,19.28675],[-98.39188,19.28533],[-98.39274,19.2851],[-98.39432,19.28573],[-98.3941,19.28645],[-98.3937,19.28684],[-98.39185,19.28781],[-98.38929,19.28874],[-98.38818,19.28891],[-98.38794,19.29051],[-98.37688,19.30018]]]}},{"type":"Feature","properties":{"seccion":129,"municipio":10,"distrito_local":9,"distrito_federal":3},"geometry":{"type":"Polygon","coordinates":[[[-98.19418,19.32108],[-98.18961,19.31805],[-98.19039,19.31541],[-98.19288,19.31698],[-98.19427,19.31802],[-98.19418,19.32108]]]}},{"type":"Feature","properties":{"seccion":130,"municipio":10,"distrito_local":9,"distrito_federal":3},"geometry":{"type":"Polygon","coordinates":[[[-98.1958,19.31884],[-98.19427,19.31808],[-98.19288,19.31698],[-98.19039,19.31541],[-98.19082,19.31382],[-98.19099,19.31405],[-98.19092,19.31425],[-98.19116,19.31447],[-98.19182,19.31469],[-98.19276,19.31446],[-98.19278,19.31413],[-98.19585,19.31426],[-98.1958,19.31884]]]}},{"type":"Feature","properties":{"seccion":292,"municipio":20,"distrito_local":1,"distrito_federal":2},"geometry":{"type":"Polygon","coordinates":[[[-98.47817,19.49271],[-98.47778,19.49373],[-98.47922,19.49357],[-98.48243,19.49346],[-98.48283,19.49225],[-98.48292,19.49228],[-98.48306,19.49266],[-98.48316,19.49351],[-98.48366,19.49524],[-98.48415,19.49614],[-98.48473,19.49684],[-98.48519,19.49786],[-98.48666,19.49809],[-98.49096,19.49853],[-98.49822,19.49967],[-98.49869,19.49956],[-98.49913,19.4991],[-98.50042,19.49956],[-98.50088,19.49918],[-98.50117,19.49912],[-98.50082,19.49954],[-98.50035,19.49962],[-98.49906,19.49962],[-98.49819,19.49979],[-98.49784,19.50016],[-98.49573,19.50058],[-98.49508,19.50087],[-98.49462,19.50129],[-98.49421,19.50274],[-98.49317,19.50477],[-98.49265,19.50623],[-98.48989,19.50672],[-98.48925,19.50673],[-98.48778,19.50648],[-98.48637,19.50635],[-98.48514,19.50635],[-98.48403,19.50648],[-98.48191,19.50803],[-98.48096,19.50905],[-98.48016,19.51182],[-98.47929,19.51172],[-98.4787,19.51196],[-98.47812,19.51236],[-98.47747,19.51264],[-98.47631,19.51246],[-98.47562,19.51253],[-98.47444,19.5133],[-98.47374,19.51354],[-98.47292,19.51402],[-98.47228,19.51405],[-98.47176,19.51392],[-98.47146,19.51437],[-98.47127,19.51499],[-98.46749,19.5124],[-98.44612,19.51176],[-98.43072,19.50296],[-98.42909,19.50331],[-98.42757,19.50382],[-98.42664,19.50381],[-98.42582,19.50429],[-98.42494,19.50432],[-98.42448,19.50443],[-98.39789,19.50344],[-98.39862,19.49726],[-98.39339,19.50008],[-98.39337,19.49949],[-98.39383,19.49704],[-98.39385,19.49601],[-98.39409,19.49535],[-98.39511,19.49362],[-98.39524,19.49317],[-98.39519,19.49263],[-98.39502,19.49221],[-98.39481,19.48918],[-98.39569,19.48906],[-98.39721,19.48935],[-98.39809,19.48956],[-98.39915,19.49001],[-98.40238,19.49097],[-98.40332,19.49097],[-98.40531,19.49076],[-98.40619,19.49093],[-98.40702,19.49167],[-98.40754,19.49171],[-98.40819,19.49188],[-98.40883,19.4918],[-98.40965,19.49122],[-98.41024,19.49113],[-98.411,19.4908],[-98.41171,19.49118],[-98.41305,19.49134],[-98.41388,19.49205],[-98.41447,19.49238],[-98.415,19.49246],[-98.41488,19.49275],[-98.41512,19.49304],[-98.41559,19.49329],[-98.41612,19.49383],[-98.41647,19.49445],[-98.4173,19.49558],[-98.41806,19.49616],[-98.42012,19.49661],[-98.42088,19.49724],[-98.42194,19.49844],[-98.42294,19.4991],[-98.42564,19.49956],[-98.42793,19.49956],[-98.42904,19.49935],[-98.4298,19.49906],[-98.43021,19.49844],[-98.43068,19.49802],[-98.43121,19.49769],[-98.43202,19.4974],[-98.43267,19.49707],[-98.43319,19.49657],[-98.43331,19.49611],[-98.43366,19.49566],[-98.43471,19.49487],[-98.43552,19.49329],[-98.43622,19.49246],[-98.43709,19.49076],[-98.43779,19.49001],[-98.43979,19.49047],[-98.44419,19.49117],[-98.44662,19.48408],[-98.4475,19.48445],[-98.44797,19.48486],[-98.44856,19.4852],[-98.45003,19.48569],[-98.45109,19.48578],[-98.45331,19.48573],[-98.45373,19.48623],[-98.45525,19.48669],[-98.45631,19.48735],[-98.45672,19.48748],[-98.45737,19.48752],[-98.45872,19.48843],[-98.45872,19.48872],[-98.46105,19.48859],[-98.46058,19.48917],[-98.46133,19.48948],[-98.46165,19.48948],[-98.46218,19.48935],[-98.46268,19.48937],[-98.46564,19.49088],[-98.46713,19.49192],[-98.46818,19.49247],[-98.4682,19.49258],[-98.47108,19.49284],[-98.47449,19.49302],[-98.47465,19.49249],[-98.47639,19.4926],[-98.47655,19.49272],[-98.47659,19.49329],[-98.47736,19.49288],[-98.47817,19.49271]]]}},{"type":"Feature","properties":{"seccion":295,"municipio":60,"distrito_local":1,"distrito_federal":2},"geometry":{"type":"Polygon","coordinates":[[[-98.41789,19.5779],[-98.41791,19.57817],[-98.41881,19.57866],[-98.41865,19.58074],[-98.41855,19.58117],[-98.42288,19.58289],[-98.42277,19.58409],[-98.43007,19.58699],[-98.42993,19.58727],[-98.43498,19.58923],[-98.43496,19.58805],[-98.43479,19.58751],[-98.43599,19.58799],[-98.43609,19.58729],[-98.43603,19.5868],[-98.43563,19.58624],[-98.43436,19.58569],[-98.43551,19.58268],[-98.43858,19.58327],[-98.43652,19.57478],[-98.43701,19.5701],[-98.455,19.5743],[-98.45293,19.59308],[-98.46043,19.59582],[-98.45557,19.61128],[-98.45441,19.61106],[-98.4544,19.6116],[-98.4122,19.60576],[-98.41055,19.61688],[-98.3928,19.61308],[-98.39594,19.60923],[-98.39044,19.58781],[-98.38869,19.58289],[-98.38745,19.58186],[-98.38272,19.57451],[-98.3839,19.57314],[-98.41789,19.5779]]]}},{"type":"Feature","properties":{"seccion":296,"municipio":60,"distrito_local":1,"distrito_federal":2},"geometry":{"type":"Polygon","coordinates":[[[-98.42708,19.57966],[-98.43061,19.57936],[-98.42911,19.58026],[-98.42819,19.581],[-98.42806,19.58097],[-98.42747,19.58148],[-98.42733,19.58166],[-98.42653,19.58419],[-98.43043,19.58573],[-98.43296,19.58683],[-98.43321,19.58614],[-98.43336,19.58596],[-98.43358,19.58606],[-98.43374,19.58552],[-98.43436,19.58569],[-98.43563,19.58624],[-98.43603,19.5868],[-98.43609,19.58729],[-98.43599,19.58799],[-98.43479,19.58751],[-98.43496,19.58805],[-98.43498,19.58923],[-98.42993,19.58727],[-98.43007,19.58699],[-98.42277,19.58409],[-98.42288,19.58289],[-98.41855,19.58117],[-98.41865,19.58074],[-98.41881,19.57866],[-98.41791,19.57817],[-98.41789,19.5779],[-98.42522,19.57892],[-98.42589,19.57908],[-98.42708,19.57966]]]}},{"type":"Feature","properties":{"seccion":293,"municipio":20,"distrito_local":6,"distrito_federal":2},"geometry":{"type":"Polygon","coordinates":[[[-98.49585,19.48653],[-98.49526,19.48474],[-98.49499,19.48261],[-98.49499,19.48194],[-98.4951,19.48149],[-98.49563,19.48115],[-98.49639,19.48086],[-98.49732,19.48032],[-98.49861,19.4792],[-98.49948,19.47791],[-98.49995,19.47692],[-98.50017,19.47588],[-98.50064,19.47484],[-98.50098,19.47347],[-98.50145,19.47318],[-98.50338,19.47285],[-98.5035,19.47235],[-98.50391,19.47148],[-98.50408,19.47069],[-98.50442,19.47007],[-98.50501,19.46936],[-98.50547,19.46861],[-98.50594,19.46762],[-98.50564,19.467],[-98.50557,19.46442],[-98.5058,19.4633],[-98.50603,19.46264],[-98.50625,19.46106],[-98.49898,19.46044],[-98.49921,19.4599],[-98.49868,19.45836],[-98.49791,19.45704],[-98.49656,19.45625],[-98.4955,19.45538],[-98.50006,19.45243],[-98.49823,19.4516],[-98.49717,19.45089],[-98.49618,19.45044],[-98.49547,19.44998],[-98.49453,19.44915],[-98.49411,19.44849],[-98.49485,19.44721],[-98.4952,19.44733],[-98.49578,19.44708],[-98.49636,19.4467],[-98.4974,19.44636],[-98.49863,19.4461],[-98.49937,19.44423],[-98.49971,19.4419],[-98.49959,19.44136],[-98.49856,19.43994],[-98.49729,19.43969],[-98.49682,19.43832],[-98.49611,19.43686],[-98.49612,19.43487],[-98.49465,19.43231],[-98.4936,19.43087],[-98.49605,19.43172],[-98.49716,19.43163],[-98.50099,19.43052],[-98.50186,19.43056],[-98.50332,19.43092],[-98.50426,19.43128],[-98.50519,19.43186],[-98.50595,19.43252],[-98.50647,19.43272],[-98.50722,19.43139],[-98.50728,19.43076],[-98.50907,19.42805],[-98.50942,19.42722],[-98.50986,19.42723],[-98.51085,19.42644],[-98.51143,19.42622],[-98.51253,19.4263],[-98.51428,19.42666],[-98.51742,19.42763],[-98.51923,19.42836],[-98.51999,19.42885],[-98.52081,19.42922],[-98.52163,19.42992],[-98.5221,19.43058],[-98.52216,19.43099],[-98.52216,19.43137],[-98.52199,19.43187],[-98.52183,19.43348],[-98.52195,19.43373],[-98.52282,19.43426],[-98.52411,19.43521],[-98.52504,19.43603],[-98.52586,19.43689],[-98.52616,19.43743],[-98.52763,19.43953],[-98.5281,19.44036],[-98.52845,19.44106],[-98.52851,19.4416],[-98.52952,19.4435],[-98.53069,19.44448],[-98.53331,19.446],[-98.53565,19.44784],[-98.53636,19.4485],[-98.53753,19.4499],[-98.53782,19.4506],[-98.53783,19.45077],[-98.53859,19.45209],[-98.539,19.4525],[-98.53942,19.45274],[-98.53964,19.45465],[-98.53965,19.45589],[-98.53983,19.45697],[-98.53978,19.45813],[-98.53996,19.45884],[-98.54055,19.45992],[-98.54132,19.46095],[-98.54209,19.46386],[-98.54222,19.4656],[-98.5417,19.46623],[-98.54024,19.4688],[-98.53978,19.46917],[-98.53901,19.46913],[-98.53813,19.46872],[-98.5379,19.4683],[-98.53754,19.46814],[-98.5369,19.46801],[-98.53631,19.46768],[-98.53578,19.46706],[-98.5356,19.46652],[-98.53525,19.46602],[-98.53466,19.46673],[-98.53431,19.46739],[-98.53315,19.4686],[-98.53244,19.46847],[-98.53139,19.4681],[-98.52969,19.46789],[-98.52928,19.46889],[-98.52847,19.47026],[-98.52795,19.47209],[-98.52779,19.4747],[-98.52761,19.4757],[-98.52768,19.47686],[-98.52762,19.47719],[-98.52504,19.47616],[-98.52322,19.4757],[-98.52175,19.47587],[-98.52099,19.4757],[-98.51964,19.47521],[-98.51841,19.47541],[-98.51794,19.475],[-98.5177,19.47446],[-98.51665,19.47488],[-98.51835,19.47645],[-98.51936,19.47778],[-98.51755,19.47948],[-98.51732,19.47981],[-98.51767,19.48098],[-98.5178,19.48168],[-98.51756,19.48231],[-98.51757,19.48301],[-98.51769,19.48372],[-98.51764,19.48475],[-98.5177,19.48579],[-98.51759,19.48807],[-98.51542,19.48791],[-98.51555,19.48866],[-98.5152,19.48965],[-98.51385,19.49023],[-98.51303,19.49073],[-98.51228,19.49144],[-98.51034,19.4919],[-98.50882,19.49198],[-98.50806,19.49219],[-98.50759,19.49269],[-98.50642,19.49364],[-98.50537,19.49381],[-98.50482,19.49373],[-98.50486,19.49337],[-98.50435,19.4922],[-98.50358,19.49115],[-98.50361,19.49052],[-98.50343,19.49005],[-98.50333,19.48993],[-98.50307,19.48981],[-98.50284,19.48935],[-98.50229,19.48906],[-98.50169,19.48893],[-98.50137,19.48854],[-98.50103,19.48829],[-98.49994,19.48818],[-98.49889,19.48759],[-98.49838,19.48749],[-98.49767,19.48758],[-98.49737,19.48755],[-98.49709,19.48739],[-98.49679,19.487],[-98.4965,19.4868],[-98.49585,19.48653]]]}},{"type":"Feature","properties":{"seccion":294,"municipio":20,"distrito_local":1,"distrito_federal":2},"geometry":{"type":"Polygon","coordinates":[[[-98.47817,19.49271],[-98.47736,19.49288],[-98.47659,19.49329],[-98.47655,19.49272],[-98.47639,19.4926],[-98.47465,19.49249],[-98.47449,19.49302],[-98.47108,19.49284],[-98.4682,19.49258],[-98.46818,19.49247],[-98.46713,19.49192],[-98.46564,19.49088],[-98.46268,19.48937],[-98.46218,19.48935],[-98.46165,19.48948],[-98.46133,19.48948],[-98.46058,19.48917],[-98.46115,19.4884],[-98.46275,19.48749],[-98.46346,19.48696],[-98.46466,19.48531],[-98.4652,19.48484],[-98.46549,19.48469],[-98.46917,19.48436],[-98.47096,19.48444],[-98.47159,19.48454],[-98.47226,19.48477],[-98.47287,19.48521],[-98.47335,19.4858],[-98.4743,19.48857],[-98.47458,19.48879],[-98.4758,19.48759],[-98.47694,19.48718],[-98.47734,19.48751],[-98.47803,19.48782],[-98.4762,19.48912],[-98.47662,19.48941],[-98.47847,19.49035],[-98.47901,19.49026],[-98.47817,19.49271]]]}},{"type":"Feature","properties":{"seccion":297,"municipio":20,"distrito_local":1,"distrito_federal":2},"geometry":{"type":"Polygon","coordinates":[[[-98.46043,19.59582],[-98.46171,19.58872],[-98.46128,19.5886],[-98.46219,19.58357],[-98.46124,19.58337],[-98.46203,19.57905],[-98.46455,19.57954],[-98.46537,19.57517],[-98.4663,19.57537],[-98.46668,19.57302],[-98.47301,19.57443],[-98.47574,19.58135],[-98.47715,19.58353],[-98.47833,19.58608],[-98.47809,19.58665],[-98.47852,19.58824],[-98.47857,19.58894],[-98.47896,19.58965],[-98.47948,19.59008],[-98.48046,19.59063],[-98.48189,19.59173],[-98.48292,19.59283],[-98.48364,19.59483],[-98.48569,19.59706],[-98.48648,19.59861],[-98.4871,19.59961],[-98.48799,19.60157],[-98.48861,19.60258],[-98.48895,19.60358],[-98.48939,19.60458],[-98.48961,19.60554],[-98.49053,19.60626],[-98.49115,19.60706],[-98.49166,19.60756],[-98.49105,19.60791],[-98.4907,19.60836],[-98.49099,19.60857],[-98.49105,19.60907],[-98.49099,19.60952],[-98.49065,19.6101],[-98.49287,19.61378],[-98.49107,19.61589],[-98.49049,19.61705],[-98.49044,19.61958],[-98.48873,19.61976],[-98.48886,19.61918],[-98.48701,19.618],[-98.48625,19.61866],[-98.48474,19.61815],[-98.48469,19.61773],[-98.48299,19.61833],[-98.48218,19.618],[-98.48196,19.61754],[-98.48068,19.61728],[-98.47917,19.6171],[-98.4783,19.61725],[-98.47615,19.61673],[-98.47408,19.6151],[-98.47257,19.61446],[-98.47141,19.61441],[-98.47066,19.61419],[-98.47025,19.61386],[-98.46938,19.61422],[-98.46874,19.61401],[-98.46822,19.61355],[-98.46694,19.61354],[-98.46677,19.61295],[-98.46531,19.61393],[-98.46467,19.61417],[-98.46392,19.61388],[-98.46358,19.61309],[-98.46299,19.6135],[-98.46258,19.61403],[-98.462,19.61406],[-98.46148,19.6136],[-98.46101,19.61418],[-98.46071,19.61488],[-98.46007,19.61541],[-98.4592,19.61507],[-98.45838,19.61543],[-98.45779,19.61621],[-98.45703,19.61691],[-98.45639,19.61682],[-98.45575,19.6166],[-98.45494,19.61668],[-98.4543,19.61733],[-98.45342,19.6177],[-98.45133,19.61718],[-98.44988,19.6172],[-98.44884,19.61682],[-98.44844,19.61607],[-98.44751,19.61548],[-98.44694,19.61494],[-98.44618,19.61514],[-98.44559,19.6155],[-98.44415,19.61483],[-98.44345,19.61503],[-98.44305,19.61403],[-98.44294,19.61333],[-98.44243,19.61249],[-98.44203,19.61203],[-98.44115,19.61252],[-98.44062,19.61318],[-98.43887,19.6137],[-98.43788,19.61381],[-98.43666,19.61417],[-98.43585,19.61379],[-98.43503,19.61386],[-98.43427,19.61427],[-98.43224,19.61396],[-98.43184,19.6135],[-98.43103,19.61332],[-98.43056,19.6141],[-98.42905,19.61413],[-98.42806,19.61445],[-98.42736,19.6142],[-98.42643,19.61414],[-98.42457,19.61483],[-98.42346,19.61478],[-98.42247,19.6151],[-98.41794,19.61614],[-98.41434,19.61684],[-98.41304,19.61742],[-98.41055,19.61688],[-98.4122,19.60576],[-98.4544,19.6116],[-98.45441,19.61106],[-98.45557,19.61128],[-98.46043,19.59582]]]}},{"type":"Feature","properties":{"seccion":298,"municipio":20,"distrito_local":1,"distrito_federal":2},"geometry":{"type":"Polygon","coordinates":[[[-98.43449,19.58264],[-98.43257,19.58204],[-98.42969,19.58143],[-98.42819,19.581],[-98.42911,19.58026],[-98.43061,19.57936],[-98.42708,19.57966],[-98.42589,19.57908],[-98.42522,19.57892],[-98.3839,19.57314],[-98.38874,19.56971],[-98.39002,19.56945],[-98.39377,19.56449],[-98.39267,19.56099],[-98.39763,19.5568],[-98.39272,19.55195],[-98.39462,19.54958],[-98.3948,19.54913],[-98.39494,19.5483],[-98.39548,19.5474],[-98.39507,19.54723],[-98.39416,19.54622],[-98.39306,19.54582],[-98.39266,19.54536],[-98.39199,19.54427],[-98.39241,19.54353],[-98.39259,19.54287],[-98.39355,19.54144],[-98.39408,19.54107],[-98.39519,19.54059],[-98.39614,19.53982],[-98.39666,19.53975],[-98.39719,19.53947],[-98.39854,19.53858],[-98.40013,19.53736],[-98.40072,19.53704],[-98.40118,19.53684],[-98.40194,19.53677],[-98.40393,19.53601],[-98.4044,19.53561],[-98.40517,19.53475],[-98.40664,19.53378],[-98.40763,19.53375],[-98.4095,19.53329],[-98.41067,19.53273],[-98.41172,19.53233],[-98.41369,19.53245],[-98.4142,19.53316],[-98.41892,19.52934],[-98.41764,19.51987],[-98.40839,19.51076],[-98.40864,19.51002],[-98.40934,19.50625],[-98.40982,19.50548],[-98.41033,19.5039],[-98.42448,19.50443],[-98.42481,19.50535],[-98.42641,19.50654],[-98.42722,19.50701],[-98.42767,19.50743],[-98.42858,19.50852],[-98.43053,19.50992],[-98.43168,19.51094],[-98.43236,19.51186],[-98.43274,19.51294],[-98.43331,19.51366],[-98.4344,19.51447],[-98.4359,19.51499],[-98.43682,19.51587],[-98.43743,19.51709],[-98.43859,19.52096],[-98.43925,19.52259],[-98.43963,19.52429],[-98.43978,19.52542],[-98.43971,19.52653],[-98.4398,19.52749],[-98.43986,19.53089],[-98.44018,19.53226],[-98.43964,19.53337],[-98.43945,19.53424],[-98.43938,19.53519],[-98.43852,19.53754],[-98.43845,19.53858],[-98.43799,19.54135],[-98.43797,19.54251],[-98.438,19.544],[-98.43838,19.54529],[-98.43853,19.54662],[-98.43528,19.56605],[-98.46668,19.57302],[-98.4663,19.57537],[-98.46537,19.57517],[-98.46455,19.57954],[-98.46203,19.57905],[-98.46124,19.58337],[-98.46219,19.58357],[-98.46128,19.5886],[-98.46171,19.58872],[-98.46043,19.59582],[-98.45293,19.59308],[-98.455,19.5743],[-98.43701,19.5701],[-98.43652,19.57478],[-98.43858,19.58327],[-98.43551,19.58268],[-98.43436,19.58569],[-98.43374,19.58552],[-98.43358,19.58606],[-98.43336,19.58596],[-98.43449,19.58264]]]}},{"type":"Feature","properties":{"seccion":299,"municipio":21,"distrito_local":1,"distrito_federal":2},"geometry":{"type":"Polygon","coordinates":[[[-98.53707,19.49367],[-98.54044,19.49545],[-98.54095,19.49481],[-98.54096,19.49489],[-98.54119,19.49496],[-98.54267,19.49533],[-98.54293,19.49534],[-98.54308,19.49526],[-98.54476,19.49565],[-98.54495,19.49589],[-98.54663,19.49611],[-98.54601,19.50089],[-98.54524,19.501],[-98.54558,19.50293],[-98.54618,19.5037],[-98.54682,19.50486],[-98.54707,19.50615],[-98.54543,19.50669],[-98.53974,19.50592],[-98.53957,19.50685],[-98.53607,19.50627],[-98.53277,19.5059],[-98.53296,19.50259],[-98.533,19.49986],[-98.5331,19.49871],[-98.53326,19.49837],[-98.53325,19.49641],[-98.53392,19.49676],[-98.53562,19.49395],[-98.53652,19.49447],[-98.53707,19.49367]]]}},{"type":"Feature","properties":{"seccion":131,"municipio":10,"distrito_local":9,"distrito_federal":3},"geometry":{"type":"Polygon","coordinates":[[[-98.19796,19.3196],[-98.1958,19.31884],[-98.19585,19.31426],[-98.19746,19.31432],[-98.19929,19.31527],[-98.19834,19.31683],[-98.19925,19.31734],[-98.19796,19.3196]]]}},{"type":"Feature","properties":{"seccion":300,"municipio":21,"distrito_local":1,"distrito_federal":2},"geometry":{"type":"Polygon","coordinates":[[[-98.51936,19.47778],[-98.5203,19.47844],[-98.52251,19.48092],[-98.5236,19.48186],[-98.52909,19.48721],[-98.52984,19.48818],[-98.53062,19.48949],[-98.53125,19.49013],[-98.53569,19.49297],[-98.53559,19.49316],[-98.53597,19.49339],[-98.53629,19.49292],[-98.53618,19.49286],[-98.5363,19.49267],[-98.5373,19.49331],[-98.53652,19.49447],[-98.53562,19.49395],[-98.53392,19.49676],[-98.53325,19.49641],[-98.53326,19.49837],[-98.5331,19.49871],[-98.533,19.49986],[-98.53296,19.50259],[-98.53277,19.5059],[-98.53607,19.50627],[-98.53957,19.50685],[-98.53974,19.50592],[-98.54543,19.50669],[-98.54707,19.50615],[-98.54654,19.50657],[-98.54684,19.50694],[-98.54626,19.50781],[-98.54614,19.50827],[-98.54854,19.51819],[-98.54896,19.51885],[-98.54943,19.51939],[-98.54955,19.51993],[-98.54962,19.52118],[-98.55044,19.52259],[-98.55145,19.52474],[-98.5521,19.52545],[-98.55251,19.52578],[-98.55275,19.5264],[-98.55281,19.5269],[-98.55164,19.52732],[-98.55112,19.52765],[-98.55082,19.52794],[-98.55083,19.52873],[-98.55048,19.52981],[-98.54973,19.53093],[-98.5485,19.53251],[-98.54763,19.53338],[-98.54719,19.53369],[-98.54646,19.5345],[-98.54558,19.53513],[-98.545,19.53579],[-98.54471,19.536],[-98.54436,19.53592],[-98.54359,19.53525],[-98.542,19.53426],[-98.54159,19.53392],[-98.54118,19.53343],[-98.53987,19.53231],[-98.53964,19.53243],[-98.539,19.53322],[-98.53737,19.53405],[-98.53702,19.53439],[-98.53696,19.53484],[-98.53638,19.53576],[-98.53545,19.53692],[-98.53463,19.53821],[-98.53382,19.53904],[-98.53358,19.53945],[-98.53306,19.53978],[-98.532,19.54066],[-98.53142,19.54086],[-98.53083,19.54124],[-98.52873,19.5429],[-98.52745,19.54365],[-98.52669,19.54427],[-98.52564,19.54543],[-98.52494,19.5468],[-98.52459,19.54718],[-98.52424,19.5478],[-98.52395,19.54847],[-98.52354,19.54892],[-98.52243,19.54963],[-98.51164,19.53892],[-98.51257,19.53726],[-98.51304,19.53627],[-98.51397,19.53481],[-98.51454,19.5329],[-98.51471,19.53133],[-98.51506,19.53058],[-98.51576,19.52946],[-98.51622,19.52892],[-98.51715,19.52717],[-98.51756,19.52659],[-98.5189,19.52398],[-98.52117,19.52182],[-98.52258,19.52099],[-98.52375,19.52061],[-98.52321,19.51978],[-98.52257,19.51904],[-98.52097,19.51763],[-98.51927,19.51684],[-98.51874,19.51647],[-98.51335,19.5063],[-98.50925,19.50833],[-98.49906,19.49962],[-98.50035,19.49962],[-98.50082,19.49954],[-98.50187,19.49834],[-98.50175,19.49688],[-98.50139,19.49614],[-98.50127,19.4953],[-98.50168,19.49477],[-98.5025,19.4951],[-98.50291,19.49477],[-98.50332,19.49456],[-98.50361,19.49427],[-98.50431,19.49385],[-98.50478,19.49373],[-98.50537,19.49381],[-98.50642,19.49364],[-98.50759,19.49269],[-98.50806,19.49219],[-98.50882,19.49198],[-98.51034,19.4919],[-98.51228,19.49144],[-98.51303,19.49073],[-98.51385,19.49023],[-98.5152,19.48965],[-98.51555,19.48866],[-98.51542,19.48791],[-98.51759,19.48807],[-98.5177,19.48579],[-98.51764,19.48475],[-98.51769,19.48372],[-98.51757,19.48301],[-98.51756,19.48231],[-98.5178,19.48168],[-98.51767,19.48098],[-98.51732,19.47981],[-98.51755,19.47948],[-98.51936,19.47778]]]}},{"type":"Feature","properties":{"seccion":301,"municipio":21,"distrito_local":1,"distrito_federal":2},"geometry":{"type":"Polygon","coordinates":[[[-98.53785,19.49046],[-98.53618,19.49286],[-98.53629,19.49292],[-98.53597,19.49339],[-98.53559,19.49316],[-98.53569,19.49297],[-98.53125,19.49013],[-98.53062,19.48949],[-98.52984,19.48818],[-98.52909,19.48721],[-98.5236,19.48186],[-98.52251,19.48092],[-98.5203,19.47844],[-98.51936,19.47778],[-98.51835,19.47645],[-98.51665,19.47488],[-98.5177,19.47446],[-98.51794,19.475],[-98.51841,19.47541],[-98.51964,19.47521],[-98.52099,19.4757],[-98.52175,19.47587],[-98.52322,19.4757],[-98.52504,19.47616],[-98.52762,19.47719],[-98.52912,19.47703],[-98.52993,19.47744],[-98.53075,19.47771],[-98.5356,19.48136],[-98.53728,19.48158],[-98.53827,19.48162],[-98.53869,19.48177],[-98.53859,19.48202],[-98.53729,19.4827],[-98.53721,19.48313],[-98.53727,19.48318],[-98.53807,19.48315],[-98.5383,19.48342],[-98.53834,19.48363],[-98.53827,19.4841],[-98.54094,19.48468],[-98.54173,19.48525],[-98.5399,19.48691],[-98.53899,19.48804],[-98.53706,19.49004],[-98.53785,19.49046]]]}},{"type":"Feature","properties":{"seccion":318,"municipio":23,"distrito_local":13,"distrito_federal":2},"geometry":{"type":"Polygon","coordinates":[[[-98.31564,19.23799],[-98.31521,19.23787],[-98.31497,19.23753],[-98.31445,19.23717],[-98.3129,19.23571],[-98.31238,19.23542],[-98.31216,19.23516],[-98.31208,19.23478],[-98.31221,19.23434],[-98.31217,19.2339],[-98.31187,19.23341],[-98.311,19.23308],[-98.31066,19.23314],[-98.30912,19.23263],[-98.30762,19.23239],[-98.30711,19.23247],[-98.30097,19.2289],[-98.30751,19.22839],[-98.31323,19.23003],[-98.31363,19.2294],[-98.31685,19.23068],[-98.31626,19.23304],[-98.31744,19.23234],[-98.31837,19.23197],[-98.31845,19.23233],[-98.31907,19.23315],[-98.3194,19.2332],[-98.31937,19.23335],[-98.31753,19.23363],[-98.31728,19.23408],[-98.31564,19.23799]]]}},{"type":"Feature","properties":{"seccion":132,"municipio":10,"distrito_local":9,"distrito_federal":3},"geometry":{"type":"Polygon","coordinates":[[[-98.20145,19.32116],[-98.20042,19.32053],[-98.19796,19.3196],[-98.19925,19.31734],[-98.19834,19.31683],[-98.20142,19.31175],[-98.20403,19.31335],[-98.20435,19.3137],[-98.20459,19.31412],[-98.20469,19.3145],[-98.20468,19.31494],[-98.2045,19.31546],[-98.20331,19.31752],[-98.20145,19.32116]]]}},{"type":"Feature","properties":{"seccion":302,"municipio":21,"distrito_local":1,"distrito_federal":2},"geometry":{"type":"Polygon","coordinates":[[[-98.54107,19.48591],[-98.54173,19.48525],[-98.54094,19.48468],[-98.53904,19.48426],[-98.53915,19.48333],[-98.54009,19.48377],[-98.54041,19.48321],[-98.54108,19.48342],[-98.54123,19.48323],[-98.54078,19.48138],[-98.54036,19.48022],[-98.5403,19.47947],[-98.54291,19.47939],[-98.54281,19.48097],[-98.54454,19.48197],[-98.54569,19.48002],[-98.54849,19.47905],[-98.54927,19.479],[-98.54939,19.47851],[-98.5519,19.47805],[-98.5536,19.47805],[-98.55442,19.47788],[-98.55489,19.4773],[-98.55518,19.47618],[-98.55558,19.47518],[-98.55616,19.47464],[-98.55687,19.47418],[-98.5578,19.47389],[-98.5621,19.47779],[-98.56328,19.47737],[-98.56374,19.47692],[-98.57246,19.47363],[-98.57712,19.4777],[-98.5788,19.4794],[-98.57878,19.48068],[-98.57896,19.48388],[-98.57927,19.48583],[-98.57829,19.49597],[-98.57613,19.49656],[-98.5749,19.49712],[-98.5739,19.49773],[-98.57187,19.49803],[-98.57094,19.49789],[-98.57018,19.49804],[-98.56932,19.49761],[-98.56816,19.49743],[-98.56683,19.49704],[-98.56445,19.49704],[-98.56171,19.49733],[-98.56077,19.49798],[-98.56012,19.49859],[-98.55965,19.49941],[-98.55801,19.50009],[-98.55742,19.50058],[-98.55666,19.50073],[-98.55637,19.50106],[-98.55537,19.50142],[-98.55461,19.50207],[-98.55425,19.50273],[-98.55262,19.50295],[-98.5522,19.50336],[-98.55103,19.50417],[-98.55009,19.50452],[-98.54933,19.50501],[-98.54897,19.5055],[-98.54838,19.50603],[-98.54707,19.50615],[-98.54682,19.50486],[-98.54618,19.5037],[-98.54558,19.50293],[-98.54524,19.501],[-98.54601,19.50089],[-98.54663,19.49611],[-98.54495,19.49589],[-98.54476,19.49565],[-98.54308,19.49526],[-98.54293,19.49534],[-98.54267,19.49533],[-98.54119,19.49496],[-98.54096,19.49489],[-98.54095,19.49481],[-98.54044,19.49545],[-98.53707,19.49367],[-98.5373,19.49331],[-98.5363,19.49267],[-98.53877,19.48915],[-98.53964,19.4896],[-98.54202,19.48582],[-98.54107,19.48591]]]}},{"type":"Feature","properties":{"seccion":303,"municipio":21,"distrito_local":1,"distrito_federal":2},"geometry":{"type":"Polygon","coordinates":[[[-98.54092,19.48594],[-98.54202,19.48582],[-98.53964,19.4896],[-98.53877,19.48915],[-98.53785,19.49046],[-98.53706,19.49004],[-98.53899,19.48804],[-98.5399,19.48691],[-98.54092,19.48594]]]}},{"type":"Feature","properties":{"seccion":304,"municipio":21,"distrito_local":1,"distrito_federal":2},"geometry":{"type":"Polygon","coordinates":[[[-98.50442,19.5608],[-98.50395,19.56018],[-98.50264,19.55636],[-98.50239,19.55441],[-98.50209,19.55342],[-98.50167,19.55122],[-98.50167,19.55001],[-98.50119,19.54769],[-98.50077,19.54686],[-98.50064,19.54441],[-98.50075,19.54341],[-98.50069,19.54287],[-98.49969,19.54175],[-98.49728,19.54005],[-98.49663,19.53951],[-98.49516,19.53868],[-98.49457,19.53827],[-98.49139,19.53682],[-98.48998,19.53595],[-98.48916,19.53528],[-98.48874,19.53441],[-98.48886,19.53379],[-98.48791,19.53288],[-98.48657,19.53429],[-98.48528,19.53445],[-98.48387,19.5345],[-98.47908,19.52628],[-98.48403,19.50648],[-98.48514,19.50635],[-98.48637,19.50635],[-98.48778,19.50648],[-98.48925,19.50673],[-98.48989,19.50672],[-98.49265,19.50623],[-98.49317,19.50477],[-98.49421,19.50274],[-98.49462,19.50129],[-98.49508,19.50087],[-98.49573,19.50058],[-98.49784,19.50016],[-98.49819,19.49979],[-98.49906,19.49962],[-98.50925,19.50833],[-98.51335,19.5063],[-98.51874,19.51647],[-98.51927,19.51684],[-98.52097,19.51763],[-98.52257,19.51904],[-98.52321,19.51978],[-98.52375,19.52061],[-98.52258,19.52099],[-98.52117,19.52182],[-98.5189,19.52398],[-98.51756,19.52659],[-98.51715,19.52717],[-98.51622,19.52892],[-98.51576,19.52946],[-98.51506,19.53058],[-98.51471,19.53133],[-98.51454,19.5329],[-98.51397,19.53481],[-98.51304,19.53627],[-98.51257,19.53726],[-98.51164,19.53892],[-98.52194,19.54914],[-98.52108,19.54963],[-98.51886,19.55063],[-98.51804,19.55117],[-98.51722,19.55158],[-98.51681,19.55175],[-98.51599,19.55179],[-98.51552,19.55192],[-98.51511,19.55216],[-98.5143,19.55295],[-98.51365,19.5532],[-98.51278,19.55395],[-98.5126,19.55428],[-98.5112,19.55536],[-98.51014,19.5559],[-98.50974,19.55628],[-98.50915,19.55644],[-98.5088,19.55682],[-98.50875,19.55781],[-98.50851,19.55814],[-98.50846,19.5586],[-98.50442,19.5608]]]}},{"type":"Feature","properties":{"seccion":305,"municipio":21,"distrito_local":1,"distrito_federal":2},"geometry":{"type":"Polygon","coordinates":[[[-98.4619,19.54245],[-98.45019,19.54151],[-98.44018,19.53226],[-98.43986,19.53089],[-98.4398,19.52749],[-98.43971,19.52653],[-98.43978,19.52542],[-98.43963,19.52429],[-98.43925,19.52259],[-98.43859,19.52096],[-98.43743,19.51709],[-98.43682,19.51587],[-98.4359,19.51499],[-98.4344,19.51447],[-98.43331,19.51366],[-98.43274,19.51294],[-98.43236,19.51186],[-98.43168,19.51094],[-98.43053,19.50992],[-98.42858,19.50852],[-98.42767,19.50743],[-98.42722,19.50701],[-98.42641,19.50654],[-98.42481,19.50535],[-98.42448,19.50443],[-98.42494,19.50432],[-98.42582,19.50429],[-98.42664,19.50381],[-98.42757,19.50382],[-98.42909,19.50331],[-98.43072,19.50296],[-98.44612,19.51176],[-98.46749,19.5124],[-98.47127,19.51499],[-98.47146,19.51437],[-98.47176,19.51392],[-98.47228,19.51405],[-98.47292,19.51402],[-98.47374,19.51354],[-98.47444,19.5133],[-98.47562,19.51253],[-98.47631,19.51246],[-98.47747,19.51264],[-98.47812,19.51236],[-98.4787,19.51196],[-98.47929,19.51172],[-98.48016,19.51182],[-98.48096,19.50905],[-98.48191,19.50803],[-98.48403,19.50648],[-98.47908,19.52628],[-98.48387,19.5345],[-98.48209,19.53394],[-98.48105,19.53384],[-98.48059,19.53359],[-98.47943,19.53328],[-98.47874,19.53281],[-98.47788,19.53242],[-98.47597,19.53198],[-98.4744,19.5322],[-98.47341,19.53198],[-98.47231,19.53196],[-98.47104,19.53161],[-98.47114,19.53236],[-98.47107,19.53293],[-98.47195,19.53602],[-98.47199,19.53689],[-98.47187,19.53738],[-98.47191,19.53805],[-98.47237,19.53851],[-98.47252,19.53972],[-98.47255,19.54121],[-98.47186,19.54095],[-98.47019,19.54009],[-98.46868,19.54015],[-98.46758,19.54005],[-98.46459,19.54137],[-98.46389,19.54177],[-98.46306,19.54242],[-98.4619,19.54245]]]}},{"type":"Feature","properties":{"seccion":306,"municipio":21,"distrito_local":1,"distrito_federal":2},"geometry":{"type":"Polygon","coordinates":[[[-98.56256,19.52922],[-98.5614,19.52904],[-98.5584,19.52829],[-98.55747,19.52827],[-98.55649,19.52792],[-98.55591,19.52758],[-98.55523,19.52687],[-98.55455,19.52557],[-98.55275,19.5264],[-98.55251,19.52578],[-98.5521,19.52545],[-98.55145,19.52474],[-98.55044,19.52259],[-98.54962,19.52118],[-98.54955,19.51993],[-98.54943,19.51939],[-98.54896,19.51885],[-98.54854,19.51819],[-98.54836,19.51752],[-98.54614,19.50827],[-98.54626,19.50781],[-98.54684,19.50694],[-98.54654,19.50657],[-98.54707,19.50615],[-98.54838,19.50603],[-98.54897,19.5055],[-98.54933,19.50501],[-98.55009,19.50452],[-98.55103,19.50417],[-98.5522,19.50336],[-98.55262,19.50295],[-98.55425,19.50273],[-98.55461,19.50207],[-98.55537,19.50142],[-98.55637,19.50106],[-98.55666,19.50073],[-98.55742,19.50058],[-98.55801,19.50009],[-98.55965,19.49941],[-98.56012,19.49859],[-98.56077,19.49798],[-98.56171,19.49733],[-98.56445,19.49704],[-98.56683,19.49704],[-98.56816,19.49743],[-98.56932,19.49761],[-98.57018,19.49804],[-98.57094,19.49789],[-98.57187,19.49803],[-98.5739,19.49773],[-98.5749,19.49712],[-98.57613,19.49656],[-98.57829,19.49597],[-98.57927,19.48583],[-98.57896,19.48388],[-98.57878,19.48068],[-98.5788,19.4794],[-98.57796,19.4785],[-98.58098,19.47777],[-98.5828,19.47715],[-98.58438,19.4764],[-98.58531,19.47619],[-98.58625,19.47632],[-98.5869,19.47673],[-98.58749,19.47686],[-98.58831,19.47669],[-98.58901,19.47665],[-98.59007,19.4764],[-98.59059,19.47606],[-98.5917,19.47577],[-98.59282,19.47565],[-98.5947,19.47593],[-98.59704,19.47664],[-98.5981,19.47714],[-98.5991,19.47747],[-98.60063,19.4778],[-98.6011,19.4778],[-98.60198,19.47755],[-98.60274,19.47721],[-98.60379,19.47713],[-98.60479,19.47758],[-98.60561,19.47808],[-98.60644,19.47891],[-98.60715,19.47916],[-98.61249,19.48023],[-98.61325,19.48052],[-98.61466,19.48002],[-98.61583,19.48069],[-98.61642,19.48077],[-98.61988,19.48085],[-98.62123,19.48068],[-98.62351,19.4808],[-98.62539,19.48014],[-98.62773,19.47897],[-98.63,19.47735],[-98.63157,19.4754],[-98.63268,19.47332],[-98.63314,19.4729],[-98.63385,19.47278],[-98.6349,19.47274],[-98.63543,19.47257],[-98.63596,19.47277],[-98.63601,19.47211],[-98.64123,19.47884],[-98.64086,19.48003],[-98.6412,19.48066],[-98.64154,19.48162],[-98.641,19.48227],[-98.6395,19.48188],[-98.6388,19.48207],[-98.6385,19.48281],[-98.63837,19.48356],[-98.63841,19.48472],[-98.63822,19.48542],[-98.63716,19.4864],[-98.63691,19.48727],[-98.63624,19.48904],[-98.63605,19.49016],[-98.6336,19.49062],[-98.63255,19.49102],[-98.63173,19.49138],[-98.63026,19.49247],[-98.63007,19.49355],[-98.62952,19.49511],[-98.6285,19.49734],[-98.62696,19.49876],[-98.62637,19.49942],[-98.62488,19.50168],[-98.62451,19.503],[-98.62322,19.50385],[-98.61936,19.50528],[-98.61808,19.50563],[-98.61558,19.50605],[-98.61464,19.50645],[-98.61423,19.50686],[-98.61214,19.51002],[-98.61147,19.51187],[-98.61033,19.51439],[-98.60891,19.51581],[-98.60717,19.51562],[-98.60635,19.51573],[-98.60577,19.51601],[-98.60354,19.51768],[-98.60338,19.51643],[-98.6038,19.51586],[-98.60369,19.5154],[-98.60289,19.51452],[-98.60128,19.51329],[-98.60117,19.51287],[-98.60131,19.51192],[-98.60174,19.5106],[-98.60199,19.50949],[-98.60235,19.50854],[-98.60362,19.50574],[-98.60434,19.50451],[-98.60529,19.50315],[-98.60383,19.50359],[-98.60313,19.50358],[-98.60227,19.50331],[-98.60006,19.50328],[-98.59849,19.50338],[-98.59715,19.50357],[-98.59493,19.50415],[-98.5923,19.50515],[-98.59125,19.50542],[-98.58959,19.50775],[-98.58557,19.51388],[-98.58028,19.50837],[-98.57895,19.50826],[-98.57831,19.50849],[-98.57703,19.50881],[-98.57597,19.50916],[-98.57515,19.50969],[-98.57409,19.51075],[-98.57061,19.5136],[-98.56984,19.51454],[-98.56925,19.51507],[-98.56773,19.51567],[-98.56737,19.51661],[-98.56661,19.52013],[-98.56676,19.52183],[-98.56657,19.52257],[-98.56615,19.52356],[-98.56256,19.52922]]]}},{"type":"Feature","properties":{"seccion":307,"municipio":21,"distrito_local":1,"distrito_federal":2},"geometry":{"type":"Polygon","coordinates":[[[-98.53904,19.48426],[-98.53827,19.4841],[-98.53834,19.48363],[-98.5383,19.48342],[-98.53807,19.48315],[-98.53727,19.48318],[-98.53721,19.48313],[-98.53729,19.4827],[-98.53859,19.48202],[-98.53869,19.48187],[-98.53861,19.48172],[-98.53851,19.48175],[-98.53827,19.48162],[-98.53728,19.48158],[-98.5356,19.48136],[-98.53075,19.47771],[-98.52993,19.47744],[-98.52912,19.47703],[-98.52762,19.47719],[-98.52768,19.47686],[-98.52761,19.4757],[-98.52779,19.4747],[-98.52795,19.47209],[-98.52847,19.47026],[-98.52928,19.46889],[-98.52969,19.46789],[-98.53139,19.4681],[-98.53244,19.46847],[-98.53315,19.4686],[-98.53431,19.46739],[-98.53466,19.46673],[-98.53525,19.46602],[-98.5356,19.46652],[-98.53578,19.46706],[-98.53631,19.46768],[-98.5369,19.46801],[-98.53754,19.46814],[-98.5379,19.4683],[-98.53813,19.46872],[-98.53901,19.46913],[-98.53978,19.46917],[-98.54024,19.4688],[-98.5417,19.46623],[-98.54222,19.4656],[-98.54587,19.46751],[-98.55657,19.47269],[-98.5578,19.47389],[-98.55687,19.47418],[-98.55616,19.47464],[-98.55558,19.47518],[-98.55518,19.47618],[-98.55489,19.4773],[-98.55442,19.47788],[-98.5536,19.47805],[-98.5519,19.47805],[-98.54939,19.47851],[-98.54927,19.479],[-98.54849,19.47905],[-98.54569,19.48002],[-98.54454,19.48197],[-98.54281,19.48097],[-98.54291,19.47939],[-98.5403,19.47947],[-98.54036,19.48022],[-98.54078,19.48138],[-98.54123,19.48323],[-98.54108,19.48342],[-98.54041,19.48321],[-98.54009,19.48377],[-98.53915,19.48333],[-98.53904,19.48426]]]}},{"type":"Feature","properties":{"seccion":319,"municipio":23,"distrito_local":13,"distrito_federal":2},"geometry":{"type":"Polygon","coordinates":[[[-98.32207,19.23503],[-98.31915,19.23403],[-98.3194,19.2332],[-98.31907,19.23315],[-98.31845,19.23233],[-98.31837,19.23197],[-98.31744,19.23234],[-98.31626,19.23304],[-98.31685,19.23068],[-98.31363,19.2294],[-98.31425,19.22889],[-98.31499,19.22755],[-98.3184,19.22016],[-98.32495,19.2248],[-98.32967,19.2283],[-98.32818,19.23178],[-98.32925,19.23197],[-98.32908,19.23271],[-98.32865,19.23382],[-98.32847,19.23377],[-98.3283,19.23388],[-98.32828,19.23397],[-98.32848,19.23426],[-98.32326,19.23491],[-98.32282,19.23445],[-98.3225,19.23392],[-98.32207,19.23503]]]}},{"type":"Feature","properties":{"seccion":308,"municipio":21,"distrito_local":1,"distrito_federal":2},"geometry":{"type":"Polygon","coordinates":[[[-98.63601,19.47211],[-98.63596,19.47277],[-98.63543,19.47257],[-98.6349,19.47274],[-98.63385,19.47278],[-98.63314,19.4729],[-98.63268,19.47332],[-98.63157,19.4754],[-98.63,19.47735],[-98.62773,19.47897],[-98.62539,19.48014],[-98.62351,19.4808],[-98.62123,19.48068],[-98.61988,19.48085],[-98.61642,19.48077],[-98.61583,19.48069],[-98.61466,19.48002],[-98.61325,19.48052],[-98.61249,19.48023],[-98.60715,19.47916],[-98.60644,19.47891],[-98.60561,19.47808],[-98.60479,19.47758],[-98.60379,19.47713],[-98.60274,19.47721],[-98.60198,19.47755],[-98.6011,19.4778],[-98.60063,19.4778],[-98.5991,19.47747],[-98.5981,19.47714],[-98.59704,19.47664],[-98.5947,19.47593],[-98.59282,19.47565],[-98.5917,19.47577],[-98.59059,19.47606],[-98.59007,19.4764],[-98.58901,19.47665],[-98.58831,19.47669],[-98.58749,19.47686],[-98.5869,19.47673],[-98.58625,19.47632],[-98.58531,19.47619],[-98.58438,19.4764],[-98.5828,19.47715],[-98.58098,19.47777],[-98.57796,19.4785],[-98.57246,19.47363],[-98.56374,19.47692],[-98.56328,19.47737],[-98.5621,19.47779],[-98.55657,19.47269],[-98.54587,19.46751],[-98.54222,19.4656],[-98.54209,19.46386],[-98.54132,19.46095],[-98.54055,19.45992],[-98.53996,19.45884],[-98.53978,19.45813],[-98.53983,19.45697],[-98.53965,19.45589],[-98.53964,19.45465],[-98.53942,19.45274],[-98.54034,19.45332],[-98.54192,19.45344],[-98.54321,19.45427],[-98.54368,19.45427],[-98.54409,19.45352],[-98.54456,19.45385],[-98.54509,19.45377],[-98.54579,19.45402],[-98.54685,19.45418],[-98.54767,19.45418],[-98.54832,19.45452],[-98.54867,19.45526],[-98.54834,19.45782],[-98.54937,19.45468],[-98.55054,19.45294],[-98.55129,19.45215],[-98.55199,19.45119],[-98.55275,19.45044],[-98.55369,19.4509],[-98.55463,19.45161],[-98.55528,19.45177],[-98.55675,19.45247],[-98.55904,19.45285],[-98.55986,19.45285],[-98.56085,19.4526],[-98.56284,19.45181],[-98.56372,19.45126],[-98.5657,19.44935],[-98.56722,19.44819],[-98.56868,19.44777],[-98.56933,19.4474],[-98.56985,19.44699],[-98.5702,19.44636],[-98.57084,19.4457],[-98.57154,19.44541],[-98.57219,19.44528],[-98.57229,19.44308],[-98.57388,19.44461],[-98.57594,19.44636],[-98.57706,19.44752],[-98.57783,19.44851],[-98.57895,19.44947],[-98.57989,19.45042],[-98.58502,19.45432],[-98.58602,19.45498],[-98.58831,19.45618],[-98.59019,19.45743],[-98.59072,19.45714],[-98.59195,19.45672],[-98.59242,19.4563],[-98.59394,19.45547],[-98.59446,19.45439],[-98.59486,19.45394],[-98.59568,19.45389],[-98.59651,19.45406],[-98.59839,19.45489],[-98.59933,19.45551],[-98.6008,19.45679],[-98.60228,19.45845],[-98.60293,19.45936],[-98.60346,19.46032],[-98.60505,19.46156],[-98.60711,19.46251],[-98.60828,19.46301],[-98.61098,19.4633],[-98.6121,19.46355],[-98.61403,19.46346],[-98.61526,19.46325],[-98.61702,19.46321],[-98.61866,19.463],[-98.61972,19.46304],[-98.62066,19.46428],[-98.62096,19.46491],[-98.62161,19.46524],[-98.62307,19.46528],[-98.62378,19.46548],[-98.62419,19.46623],[-98.62478,19.46664],[-98.62654,19.46623],[-98.6288,19.46236],[-98.63157,19.46456],[-98.63516,19.46721],[-98.63587,19.46792],[-98.63634,19.46871],[-98.63617,19.46974],[-98.636,19.47029],[-98.63589,19.47132],[-98.63601,19.47211]]]}},{"type":"Feature","properties":{"seccion":316,"municipio":45,"distrito_local":13,"distrito_federal":2},"geometry":{"type":"Polygon","coordinates":[[[-98.30781,19.25694],[-98.30752,19.25527],[-98.3074,19.25506],[-98.30683,19.25481],[-98.30667,19.25451],[-98.30661,19.25369],[-98.30601,19.25283],[-98.30576,19.25231],[-98.30506,19.24988],[-98.30327,19.24577],[-98.30297,19.24537],[-98.3022,19.24491],[-98.30206,19.24463],[-98.30205,19.24267],[-98.30195,19.24156],[-98.30207,19.2401],[-98.30185,19.2383],[-98.30289,19.23839],[-98.3039,19.2386],[-98.3058,19.23924],[-98.30666,19.23929],[-98.30726,19.24129],[-98.30965,19.24183],[-98.30933,19.24038],[-98.31152,19.24093],[-98.31141,19.24181],[-98.31228,19.24195],[-98.31273,19.24183],[-98.31324,19.2418],[-98.31348,19.24196],[-98.31448,19.24218],[-98.31448,19.24261],[-98.31568,19.24272],[-98.31683,19.24272],[-98.31669,19.24305],[-98.3165,19.24397],[-98.31606,19.24545],[-98.31576,19.24619],[-98.31529,19.2478],[-98.31516,19.24858],[-98.3152,19.24907],[-98.31572,19.24983],[-98.3167,19.25055],[-98.31695,19.25084],[-98.31731,19.25142],[-98.31801,19.25229],[-98.31865,19.25351],[-98.31754,19.25311],[-98.31542,19.253],[-98.315,19.25288],[-98.3154,19.25507],[-98.31414,19.25573],[-98.31455,19.25631],[-98.30993,19.25681],[-98.30781,19.25694]]]}},{"type":"Feature","properties":{"seccion":317,"municipio":45,"distrito_local":13,"distrito_federal":2},"geometry":{"type":"Polygon","coordinates":[[[-98.31521,19.23787],[-98.31748,19.23851],[-98.31728,19.24091],[-98.31683,19.24272],[-98.31568,19.24272],[-98.31448,19.24261],[-98.31448,19.24218],[-98.31348,19.24196],[-98.31324,19.2418],[-98.31273,19.24183],[-98.31228,19.24195],[-98.31141,19.24181],[-98.31152,19.24093],[-98.30933,19.24038],[-98.30965,19.24183],[-98.30726,19.24129],[-98.30666,19.23929],[-98.3058,19.23924],[-98.3039,19.2386],[-98.30289,19.23839],[-98.30185,19.2383],[-98.3017,19.23774],[-98.30158,19.23663],[-98.30152,19.23336],[-98.3016,19.23287],[-98.30144,19.23217],[-98.30147,19.23084],[-98.30124,19.22999],[-98.30125,19.22952],[-98.30097,19.2289],[-98.30711,19.23247],[-98.30762,19.23239],[-98.30912,19.23263],[-98.31066,19.23314],[-98.311,19.23308],[-98.31187,19.23341],[-98.31217,19.2339],[-98.31221,19.23434],[-98.31208,19.23478],[-98.31216,19.23516],[-98.31238,19.23542],[-98.3129,19.23571],[-98.31445,19.23717],[-98.31497,19.23753],[-98.31521,19.23787]]]}},{"type":"Feature","properties":{"seccion":321,"municipio":23,"distrito_local":13,"distrito_federal":2},"geometry":{"type":"Polygon","coordinates":[[[-98.37493,19.2436],[-98.37314,19.24285],[-98.36966,19.24166],[-98.3659,19.23978],[-98.36364,19.23889],[-98.36145,19.23785],[-98.36043,19.23718],[-98.36011,19.23667],[-98.359,19.23395],[-98.35694,19.23363],[-98.35541,19.23319],[-98.3552,19.23295],[-98.35495,19.23232],[-98.35474,19.23212],[-98.35363,19.23143],[-98.35214,19.23099],[-98.35069,19.23071],[-98.34822,19.23067],[-98.34725,19.23131],[-98.34695,19.23136],[-98.34617,19.23185],[-98.34583,19.23216],[-98.34504,19.23291],[-98.34438,19.23384],[-98.34415,19.23484],[-98.34448,19.23639],[-98.34407,19.23852],[-98.34377,19.2387],[-98.34341,19.23912],[-98.34315,19.23918],[-98.34274,19.2392],[-98.34148,19.23889],[-98.34049,19.23844],[-98.33998,19.23847],[-98.33904,19.23898],[-98.33853,19.23911],[-98.33836,19.23928],[-98.33846,19.23722],[-98.33818,19.23552],[-98.33835,19.2346],[-98.33777,19.2351],[-98.33762,19.23552],[-98.33774,19.23648],[-98.33722,19.23611],[-98.33679,19.23607],[-98.33622,19.23616],[-98.33449,19.23532],[-98.33417,19.2353],[-98.33409,19.23539],[-98.33329,19.23537],[-98.33317,19.23531],[-98.33323,19.23506],[-98.33343,19.23474],[-98.33415,19.23469],[-98.33437,19.23447],[-98.33499,19.23256],[-98.33798,19.22689],[-98.33982,19.22744],[-98.34121,19.2244],[-98.34186,19.22462],[-98.34223,19.22462],[-98.34378,19.22183],[-98.34396,19.22188],[-98.34448,19.22077],[-98.34463,19.22067],[-98.34494,19.22074],[-98.34521,19.22054],[-98.3462,19.21881],[-98.35231,19.21082],[-98.37182,19.22736],[-98.36891,19.23487],[-98.37755,19.24389],[-98.37721,19.24437],[-98.37493,19.2436]]]}},{"type":"Feature","properties":{"seccion":322,"municipio":23,"distrito_local":13,"distrito_federal":2},"geometry":{"type":"Polygon","coordinates":[[[-98.31323,19.23003],[-98.30751,19.22839],[-98.30097,19.2289],[-98.29934,19.22835],[-98.29807,19.22621],[-98.2939,19.21279],[-98.29895,19.20924],[-98.30617,19.20327],[-98.30583,19.20129],[-98.30584,19.2006],[-98.30564,19.19894],[-98.3053,19.19858],[-98.30361,19.19151],[-98.30008,19.19193],[-98.2964,19.19568],[-98.28877,19.19632],[-98.2862,19.19469],[-98.28681,19.19326],[-98.28807,19.19175],[-98.28949,19.19054],[-98.29062,19.18927],[-98.29279,19.18791],[-98.294,19.18687],[-98.29521,19.18638],[-98.30127,19.18942],[-98.30218,19.18973],[-98.3045,19.1909],[-98.30643,19.19176],[-98.30934,19.18834],[-98.31222,19.1848],[-98.30877,19.18281],[-98.3066,19.18175],[-98.30374,19.18015],[-98.30137,19.17901],[-98.30661,19.17506],[-98.31022,19.17679],[-98.31449,19.18052],[-98.31206,19.20243],[-98.32736,19.20965],[-98.3184,19.22016],[-98.31499,19.22755],[-98.31425,19.22889],[-98.31363,19.2294],[-98.31323,19.23003]]]}},{"type":"Feature","properties":{"seccion":323,"municipio":23,"distrito_local":13,"distrito_federal":2},"geometry":{"type":"Polygon","coordinates":[[[-98.32475,19.29066],[-98.32323,19.29118],[-98.32266,19.29119],[-98.32104,19.29146],[-98.32072,19.29138],[-98.32046,19.29189],[-98.31968,19.29136],[-98.31801,19.29099],[-98.31696,19.291],[-98.31566,19.29139],[-98.31339,19.28929],[-98.29891,19.28268],[-98.2989,19.28032],[-98.29863,19.27708],[-98.29897,19.27505],[-98.30043,19.2721],[-98.30205,19.26691],[-98.30448,19.26008],[-98.30539,19.25602],[-98.31184,19.27409],[-98.31082,19.27456],[-98.31269,19.27837],[-98.31328,19.27819],[-98.31333,19.27888],[-98.31356,19.27918],[-98.31397,19.27943],[-98.3146,19.28029],[-98.31536,19.28313],[-98.31594,19.28234],[-98.31658,19.28169],[-98.31671,19.28144],[-98.31682,19.28085],[-98.31835,19.28037],[-98.31939,19.27959],[-98.3201,19.27895],[-98.32031,19.27866],[-98.32104,19.27898],[-98.32464,19.28146],[-98.32553,19.28128],[-98.32699,19.28309],[-98.32793,19.28487],[-98.32834,19.28586],[-98.32881,19.28764],[-98.32672,19.28932],[-98.32475,19.29066]]]}},{"type":"Feature","properties":{"seccion":324,"municipio":23,"distrito_local":13,"distrito_federal":2},"geometry":{"type":"Polygon","coordinates":[[[-98.31754,19.25311],[-98.31865,19.25351],[-98.31999,19.27442],[-98.32027,19.27411],[-98.32076,19.27656],[-98.32003,19.27797],[-98.32031,19.27866],[-98.3201,19.27895],[-98.31939,19.27959],[-98.31835,19.28037],[-98.31682,19.28085],[-98.31671,19.28144],[-98.31658,19.28169],[-98.31594,19.28234],[-98.31536,19.28313],[-98.3146,19.28029],[-98.31397,19.27943],[-98.31356,19.27918],[-98.31333,19.27888],[-98.31328,19.27819],[-98.31269,19.27837],[-98.31082,19.27456],[-98.31184,19.27409],[-98.30539,19.25602],[-98.30551,19.25551],[-98.30636,19.25336],[-98.30661,19.25369],[-98.30667,19.25451],[-98.30683,19.25481],[-98.3074,19.25506],[-98.30752,19.25527],[-98.30781,19.25694],[-98.30993,19.25681],[-98.31455,19.25631],[-98.31414,19.25573],[-98.3154,19.25507],[-98.315,19.25288],[-98.31542,19.253],[-98.31754,19.25311]]]}},{"type":"Feature","properties":{"seccion":325,"municipio":23,"distrito_local":13,"distrito_federal":2},"geometry":{"type":"Polygon","coordinates":[[[-98.36018,19.24386],[-98.36069,19.2446],[-98.36066,19.24479],[-98.36005,19.24548],[-98.35979,19.246],[-98.3597,19.24672],[-98.35996,19.24749],[-98.36032,19.24773],[-98.36063,19.24807],[-98.36072,19.24832],[-98.3606,19.24846],[-98.36011,19.24855],[-98.35972,19.24877],[-98.35949,19.24928],[-98.3596,19.25002],[-98.35939,19.25001],[-98.35878,19.2506],[-98.35777,19.25286],[-98.35896,19.2533],[-98.35867,19.2537],[-98.35842,19.25535],[-98.35833,19.25653],[-98.35848,19.25857],[-98.35599,19.25925],[-98.35501,19.26306],[-98.35331,19.26618],[-98.34991,19.26995],[-98.34665,19.27009],[-98.34531,19.27035],[-98.3434,19.27045],[-98.34119,19.27096],[-98.33874,19.24498],[-98.33803,19.24424],[-98.33763,19.24395],[-98.33768,19.24349],[-98.33734,19.2428],[-98.33766,19.24241],[-98.33783,19.24169],[-98.33836,19.24092],[-98.33836,19.23928],[-98.33853,19.23911],[-98.33904,19.23898],[-98.33998,19.23847],[-98.34049,19.23844],[-98.34148,19.23889],[-98.34274,19.2392],[-98.34341,19.23912],[-98.34377,19.2387],[-98.34407,19.23852],[-98.34424,19.23773],[-98.35048,19.23955],[-98.35021,19.24014],[-98.35162,19.2405],[-98.35165,19.24067],[-98.3536,19.24133],[-98.35435,19.24319],[-98.35498,19.2437],[-98.35516,19.24417],[-98.35533,19.24508],[-98.35556,19.24525],[-98.35748,19.24368],[-98.36018,19.24386]]]}},{"type":"Feature","properties":{"seccion":326,"municipio":23,"distrito_local":13,"distrito_federal":2},"geometry":{"type":"Polygon","coordinates":[[[-98.36069,19.2446],[-98.35999,19.24358],[-98.36,19.24343],[-98.36019,19.24266],[-98.36046,19.24238],[-98.36022,19.24166],[-98.36049,19.24035],[-98.36063,19.23874],[-98.36043,19.23718],[-98.36145,19.23785],[-98.36364,19.23889],[-98.3659,19.23978],[-98.36966,19.24166],[-98.37314,19.24285],[-98.37499,19.24364],[-98.37721,19.24437],[-98.37755,19.24389],[-98.38509,19.25186],[-98.38048,19.25289],[-98.37873,19.25351],[-98.37614,19.25381],[-98.37291,19.25439],[-98.37171,19.25345],[-98.36854,19.25274],[-98.3662,19.25202],[-98.36548,19.25171],[-98.36229,19.25076],[-98.36114,19.25032],[-98.3596,19.25002],[-98.35949,19.24928],[-98.35972,19.24877],[-98.36011,19.24855],[-98.3606,19.24846],[-98.36072,19.24832],[-98.36063,19.24807],[-98.36032,19.24773],[-98.35996,19.24749],[-98.3597,19.24672],[-98.35979,19.246],[-98.36005,19.24548],[-98.36066,19.24479],[-98.36069,19.2446]]]}},{"type":"Feature","properties":{"seccion":327,"municipio":23,"distrito_local":13,"distrito_federal":2},"geometry":{"type":"Polygon","coordinates":[[[-98.359,19.23395],[-98.36011,19.23667],[-98.36043,19.23718],[-98.36063,19.23874],[-98.36049,19.24035],[-98.36022,19.24166],[-98.36046,19.24238],[-98.36019,19.24266],[-98.36,19.24343],[-98.35999,19.24358],[-98.36018,19.24386],[-98.35748,19.24368],[-98.35556,19.24525],[-98.35533,19.24508],[-98.35516,19.24417],[-98.35498,19.2437],[-98.35435,19.24319],[-98.3536,19.24133],[-98.35165,19.24067],[-98.35162,19.2405],[-98.35021,19.24014],[-98.35048,19.23955],[-98.34424,19.23773],[-98.34448,19.23639],[-98.34415,19.23484],[-98.34438,19.23384],[-98.34504,19.23291],[-98.34617,19.23185],[-98.34695,19.23136],[-98.34725,19.23131],[-98.34822,19.23067],[-98.35069,19.23071],[-98.35214,19.23099],[-98.35363,19.23143],[-98.35495,19.23232],[-98.3552,19.23295],[-98.35541,19.23319],[-98.35694,19.23363],[-98.359,19.23395]]]}},{"type":"Feature","properties":{"seccion":328,"municipio":23,"distrito_local":13,"distrito_federal":2},"geometry":{"type":"Polygon","coordinates":[[[-98.32459,19.2802],[-98.32464,19.28146],[-98.32104,19.27898],[-98.32031,19.27866],[-98.32003,19.27797],[-98.32076,19.27656],[-98.32027,19.27411],[-98.31999,19.27442],[-98.31865,19.25351],[-98.31801,19.25229],[-98.31731,19.25142],[-98.31695,19.25084],[-98.3167,19.25055],[-98.31572,19.24983],[-98.31523,19.24914],[-98.31516,19.24883],[-98.31529,19.2478],[-98.31576,19.24619],[-98.31606,19.24545],[-98.3165,19.24397],[-98.31669,19.24305],[-98.31694,19.24238],[-98.31728,19.24091],[-98.31745,19.23944],[-98.31748,19.23851],[-98.31564,19.23799],[-98.31573,19.23768],[-98.31728,19.23408],[-98.31753,19.23363],[-98.31937,19.23335],[-98.31915,19.23403],[-98.32207,19.23503],[-98.3225,19.23392],[-98.32282,19.23445],[-98.32326,19.23491],[-98.32733,19.2344],[-98.32872,19.23522],[-98.33317,19.23531],[-98.33329,19.23537],[-98.33409,19.23539],[-98.33417,19.2353],[-98.33449,19.23532],[-98.33622,19.23616],[-98.33679,19.23607],[-98.33722,19.23611],[-98.33774,19.23648],[-98.33762,19.23552],[-98.33777,19.2351],[-98.33835,19.2346],[-98.33818,19.23552],[-98.33846,19.23722],[-98.33838,19.23801],[-98.33836,19.24092],[-98.33783,19.24169],[-98.33766,19.24241],[-98.33734,19.2428],[-98.33768,19.24349],[-98.33763,19.24395],[-98.33803,19.24424],[-98.33874,19.24498],[-98.34119,19.27096],[-98.33875,19.27197],[-98.3366,19.27315],[-98.33498,19.27465],[-98.33434,19.27512],[-98.33359,19.27545],[-98.33301,19.27612],[-98.33214,19.27692],[-98.33086,19.27734],[-98.33005,19.27747],[-98.32807,19.27852],[-98.32459,19.2802]]]}},{"type":"Feature","properties":{"seccion":329,"municipio":23,"distrito_local":13,"distrito_federal":2},"geometry":{"type":"Polygon","coordinates":[[[-98.35231,19.21082],[-98.3462,19.21881],[-98.34521,19.22054],[-98.34494,19.22074],[-98.34463,19.22067],[-98.34448,19.22077],[-98.34396,19.22188],[-98.34378,19.22183],[-98.34223,19.22462],[-98.34186,19.22462],[-98.34121,19.2244],[-98.33982,19.22744],[-98.33512,19.22605],[-98.33703,19.22205],[-98.33833,19.21957],[-98.33885,19.21977],[-98.33923,19.21889],[-98.33962,19.21844],[-98.33981,19.21851],[-98.34009,19.21791],[-98.3405,19.21792],[-98.34095,19.2171],[-98.34143,19.21713],[-98.34162,19.21679],[-98.34195,19.21675],[-98.34223,19.21645],[-98.34181,19.21568],[-98.34161,19.21549],[-98.34135,19.21546],[-98.34078,19.2157],[-98.34023,19.21541],[-98.33982,19.21535],[-98.33946,19.21482],[-98.33876,19.21454],[-98.33828,19.21402],[-98.338,19.21387],[-98.33774,19.21385],[-98.33715,19.21399],[-98.33692,19.21388],[-98.33658,19.21336],[-98.33612,19.21329],[-98.33567,19.21291],[-98.33534,19.21295],[-98.33494,19.2127],[-98.33459,19.21265],[-98.33422,19.21236],[-98.33383,19.2123],[-98.33344,19.21194],[-98.33315,19.21188],[-98.33294,19.21197],[-98.33388,19.20991],[-98.32736,19.20965],[-98.31206,19.20243],[-98.31449,19.18052],[-98.31619,19.18201],[-98.32648,19.19616],[-98.32819,19.19736],[-98.33059,19.20021],[-98.33093,19.2],[-98.33366,19.19606],[-98.34484,19.20464],[-98.35231,19.21082]]]}},{"type":"Feature","properties":{"seccion":330,"municipio":23,"distrito_local":13,"distrito_federal":2},"geometry":{"type":"Polygon","coordinates":[[[-98.32964,19.22827],[-98.32495,19.2248],[-98.3184,19.22016],[-98.32736,19.20965],[-98.33388,19.20991],[-98.33294,19.21197],[-98.33315,19.21188],[-98.33344,19.21194],[-98.33383,19.2123],[-98.33422,19.21236],[-98.33459,19.21265],[-98.33494,19.2127],[-98.33534,19.21295],[-98.33567,19.21291],[-98.33612,19.21329],[-98.33658,19.21336],[-98.33692,19.21388],[-98.33715,19.21399],[-98.33774,19.21385],[-98.338,19.21387],[-98.33828,19.21402],[-98.33876,19.21454],[-98.33946,19.21482],[-98.33982,19.21535],[-98.34023,19.21541],[-98.34078,19.2157],[-98.34135,19.21546],[-98.34161,19.21549],[-98.34181,19.21568],[-98.34223,19.21645],[-98.34195,19.21675],[-98.34162,19.21679],[-98.34143,19.21713],[-98.34095,19.2171],[-98.3405,19.21792],[-98.34009,19.21791],[-98.33981,19.21851],[-98.33962,19.21844],[-98.33923,19.21889],[-98.33885,19.21977],[-98.33833,19.21957],[-98.33703,19.22205],[-98.33504,19.22619],[-98.33093,19.2254],[-98.32964,19.22827]]]}},{"type":"Feature","properties":{"seccion":331,"municipio":23,"distrito_local":13,"distrito_federal":2},"geometry":{"type":"Polygon","coordinates":[[[-98.33396,19.19565],[-98.33093,19.2],[-98.33059,19.20021],[-98.32819,19.19736],[-98.32648,19.19616],[-98.31619,19.18201],[-98.32447,19.16837],[-98.32629,19.17055],[-98.33864,19.1767],[-98.34276,19.17788],[-98.33909,19.18895],[-98.33767,19.19152],[-98.33649,19.19216],[-98.33532,19.19251],[-98.33477,19.19334],[-98.3343,19.19488],[-98.33396,19.19565]]]}},{"type":"Feature","properties":{"seccion":332,"municipio":24,"distrito_local":5,"distrito_federal":2},"geometry":{"type":"Polygon","coordinates":[[[-98.28909,19.32963],[-98.29024,19.33009],[-98.29059,19.33183],[-98.29082,19.33431],[-98.29071,19.33592],[-98.29036,19.33692],[-98.29274,19.3384],[-98.29263,19.34002],[-98.29106,19.33993],[-98.28908,19.33952],[-98.28745,19.33874],[-98.286,19.33841],[-98.28507,19.33882],[-98.28414,19.33879],[-98.28339,19.33891],[-98.28286,19.33916],[-98.28211,19.33924],[-98.28153,19.33866],[-98.28123,19.33722],[-98.281,19.3366],[-98.28059,19.3368],[-98.27937,19.33809],[-98.2792,19.33759],[-98.27932,19.33705],[-98.27931,19.33652],[-98.27955,19.33606],[-98.28254,19.33639],[-98.28135,19.33469],[-98.28082,19.33416],[-98.28053,19.3339],[-98.27989,19.33374],[-98.27931,19.33346],[-98.27926,19.33321],[-98.27949,19.333],[-98.27966,19.33242],[-98.27959,19.3322],[-98.2785,19.33164],[-98.27821,19.33089],[-98.27791,19.32961],[-98.2778,19.3285],[-98.27745,19.32832],[-98.27712,19.32838],[-98.27627,19.32964],[-98.2761,19.32975],[-98.27594,19.32973],[-98.27586,19.32964],[-98.27555,19.32769],[-98.27475,19.32653],[-98.27392,19.32473],[-98.27395,19.32451],[-98.27453,19.32375],[-98.27469,19.32261],[-98.28108,19.32291],[-98.28139,19.3235],[-98.28959,19.32478],[-98.28936,19.32563],[-98.29067,19.32591],[-98.28953,19.32608],[-98.28912,19.32761],[-98.28884,19.32794],[-98.28874,19.32826],[-98.28876,19.32859],[-98.28915,19.32948],[-98.28909,19.32963]]]}},{"type":"Feature","properties":{"seccion":346,"municipio":24,"distrito_local":5,"distrito_federal":2},"geometry":{"type":"Polygon","coordinates":[[[-98.31906,19.32652],[-98.3129,19.32632],[-98.31288,19.32616],[-98.31274,19.3261],[-98.3123,19.32544],[-98.31071,19.32467],[-98.31069,19.32457],[-98.31155,19.32465],[-98.31211,19.32343],[-98.31145,19.32301],[-98.31442,19.31677],[-98.31592,19.31391],[-98.31525,19.31078],[-98.31547,19.30907],[-98.31959,19.30977],[-98.31938,19.3139],[-98.32048,19.31653],[-98.32086,19.31642],[-98.31986,19.32165],[-98.31906,19.32652]]]}},{"type":"Feature","properties":{"seccion":333,"municipio":24,"distrito_local":5,"distrito_federal":2},"geometry":{"type":"Polygon","coordinates":[[[-98.27653,19.32269],[-98.27469,19.32261],[-98.27453,19.32375],[-98.27391,19.32462],[-98.2746,19.32625],[-98.27555,19.32769],[-98.27586,19.32964],[-98.27594,19.32973],[-98.2761,19.32975],[-98.27627,19.32964],[-98.27712,19.32838],[-98.27745,19.32832],[-98.2778,19.3285],[-98.27791,19.32961],[-98.27821,19.33089],[-98.2785,19.33164],[-98.27959,19.3322],[-98.27966,19.33242],[-98.27949,19.333],[-98.27926,19.33321],[-98.27931,19.33346],[-98.27989,19.33374],[-98.28053,19.3339],[-98.28082,19.33416],[-98.28135,19.33469],[-98.28254,19.33639],[-98.27955,19.33606],[-98.27931,19.33652],[-98.27932,19.33705],[-98.2792,19.33759],[-98.27937,19.33809],[-98.2792,19.33871],[-98.27984,19.33995],[-98.27955,19.34044],[-98.27926,19.34123],[-98.27967,19.34309],[-98.27944,19.34338],[-98.27862,19.34326],[-98.27763,19.34297],[-98.27688,19.34243],[-98.27618,19.34214],[-98.2756,19.34248],[-98.2756,19.34148],[-98.27519,19.34066],[-98.27415,19.34049],[-98.27391,19.34107],[-98.27316,19.34078],[-98.27234,19.34182],[-98.26746,19.32627],[-98.26757,19.32613],[-98.26788,19.32596],[-98.26813,19.32595],[-98.26827,19.32578],[-98.26864,19.32559],[-98.26907,19.32507],[-98.26922,19.32458],[-98.26966,19.32432],[-98.2697,19.32361],[-98.26955,19.32313],[-98.26922,19.32246],[-98.26907,19.32231],[-98.26998,19.32236],[-98.26999,19.32246],[-98.2725,19.32265],[-98.27249,19.32203],[-98.2724,19.32162],[-98.27238,19.31987],[-98.27541,19.32023],[-98.2754,19.32033],[-98.27573,19.32039],[-98.27653,19.32269]]]}},{"type":"Feature","properties":{"seccion":334,"municipio":24,"distrito_local":5,"distrito_federal":2},"geometry":{"type":"Polygon","coordinates":[[[-98.2646,19.31837],[-98.26351,19.31823],[-98.26337,19.31842],[-98.26145,19.31754],[-98.25986,19.31709],[-98.25893,19.31695],[-98.25771,19.31659],[-98.25851,19.31576],[-98.2591,19.31491],[-98.2592,19.31459],[-98.26123,19.3118],[-98.26168,19.31242],[-98.26347,19.31392],[-98.26364,19.31397],[-98.26476,19.31367],[-98.26595,19.3128],[-98.26659,19.31333],[-98.26567,19.31417],[-98.2666,19.3147],[-98.26656,19.31476],[-98.26766,19.3152],[-98.26853,19.31597],[-98.26741,19.31701],[-98.26657,19.31628],[-98.26505,19.31775],[-98.2646,19.31837]]]}},{"type":"Feature","properties":{"seccion":335,"municipio":24,"distrito_local":5,"distrito_federal":2},"geometry":{"type":"Polygon","coordinates":[[[-98.27214,19.31904],[-98.26974,19.31902],[-98.2675,19.31865],[-98.2646,19.31837],[-98.26505,19.31775],[-98.26657,19.31628],[-98.26741,19.31701],[-98.26853,19.31597],[-98.27214,19.31904]]]}},{"type":"Feature","properties":{"seccion":336,"municipio":24,"distrito_local":5,"distrito_federal":2},"geometry":{"type":"Polygon","coordinates":[[[-98.30005,19.32153],[-98.27247,19.31912],[-98.27213,19.31917],[-98.27214,19.31904],[-98.26934,19.31669],[-98.27435,19.31307],[-98.27254,19.31168],[-98.27439,19.30919],[-98.27433,19.30886],[-98.27674,19.30602],[-98.27852,19.3046],[-98.28361,19.30027],[-98.28487,19.29943],[-98.2855,19.29702],[-98.28761,19.29571],[-98.28807,19.29581],[-98.28808,19.29333],[-98.28799,19.29305],[-98.29235,19.28988],[-98.29434,19.28923],[-98.31009,19.29707],[-98.31339,19.28929],[-98.31624,19.29197],[-98.31775,19.293],[-98.3188,19.29424],[-98.31967,19.29561],[-98.32055,19.29784],[-98.31959,19.30977],[-98.31547,19.30907],[-98.31526,19.31085],[-98.30886,19.30953],[-98.30548,19.31199],[-98.305,19.31225],[-98.301,19.30997],[-98.30072,19.31002],[-98.30043,19.31162],[-98.30011,19.31227],[-98.29931,19.31334],[-98.29902,19.31409],[-98.29905,19.31463],[-98.29979,19.31603],[-98.3003,19.31747],[-98.30023,19.31833],[-98.3005,19.31876],[-98.30129,19.31919],[-98.30177,19.31972],[-98.30187,19.32054],[-98.30178,19.32119],[-98.30005,19.32153]]]}},{"type":"Feature","properties":{"seccion":338,"municipio":24,"distrito_local":5,"distrito_federal":2},"geometry":{"type":"Polygon","coordinates":[[[-98.28012,19.40822],[-98.27977,19.40955],[-98.27966,19.41054],[-98.27925,19.41079],[-98.2782,19.41108],[-98.2771,19.41042],[-98.27681,19.41005],[-98.27623,19.40967],[-98.27559,19.40901],[-98.2753,19.40897],[-98.27483,19.40873],[-98.27442,19.40873],[-98.27367,19.40856],[-98.27274,19.40773],[-98.27198,19.40736],[-98.27134,19.40666],[-98.27041,19.40464],[-98.26989,19.40468],[-98.26924,19.40439],[-98.26884,19.40377],[-98.26797,19.40282],[-98.26721,19.40183],[-98.26593,19.39939],[-98.26465,19.39811],[-98.26372,19.39732],[-98.26267,19.39674],[-98.26186,19.39592],[-98.26075,19.39505],[-98.25999,19.39464],[-98.25941,19.3941],[-98.2593,19.39315],[-98.25941,19.39278],[-98.25906,19.39179],[-98.25807,19.39084],[-98.25685,19.39034],[-98.25447,19.38919],[-98.25383,19.38836],[-98.25348,19.38741],[-98.25336,19.38646],[-98.25278,19.38596],[-98.25185,19.38567],[-98.25162,19.38551],[-98.25133,19.38526],[-98.25098,19.38452],[-98.25039,19.38427],[-98.24993,19.38253],[-98.24975,19.38204],[-98.24952,19.38175],[-98.24975,19.38009],[-98.2494,19.37997],[-98.24888,19.37956],[-98.24859,19.37877],[-98.249,19.3784],[-98.24917,19.37786],[-98.2494,19.37649],[-98.25074,19.37488],[-98.25068,19.37439],[-98.25132,19.37389],[-98.25161,19.37269],[-98.25207,19.3719],[-98.25213,19.37108],[-98.253,19.36967],[-98.25498,19.36743],[-98.25562,19.36781],[-98.25649,19.36818],[-98.258,19.36731],[-98.2598,19.3673],[-98.26108,19.36718],[-98.26277,19.36668],[-98.26579,19.36597],[-98.26666,19.36746],[-98.26742,19.36912],[-98.26829,19.37031],[-98.26911,19.37073],[-98.27044,19.37073],[-98.27676,19.37398],[-98.27924,19.37509],[-98.28012,19.37674],[-98.28082,19.37876],[-98.28191,19.38001],[-98.28276,19.38072],[-98.284,19.38113],[-98.28492,19.38114],[-98.28498,19.38206],[-98.28526,19.38297],[-98.28564,19.38364],[-98.28458,19.38651],[-98.28444,19.38734],[-98.28483,19.38981],[-98.28508,19.39048],[-98.28441,19.39082],[-98.28451,19.39102],[-98.28344,19.39158],[-98.28454,19.39373],[-98.28374,19.39451],[-98.28366,19.39559],[-98.28296,19.39501],[-98.28201,19.39438],[-98.28112,19.39487],[-98.28026,19.39508],[-98.28034,19.39688],[-98.27926,19.39706],[-98.27939,19.39794],[-98.27962,19.39868],[-98.27935,19.39917],[-98.27818,19.40054],[-98.27794,19.40072],[-98.28018,19.40529],[-98.28006,19.40661],[-98.28012,19.40822]]]}},{"type":"Feature","properties":{"seccion":339,"municipio":24,"distrito_local":5,"distrito_federal":2},"geometry":{"type":"Polygon","coordinates":[[[-98.29958,19.41914],[-98.29593,19.41652],[-98.28748,19.40937],[-98.28491,19.40606],[-98.2845,19.40576],[-98.28116,19.40655],[-98.28059,19.40631],[-98.28014,19.40573],[-98.28018,19.40529],[-98.27794,19.40072],[-98.27818,19.40054],[-98.27935,19.39917],[-98.27962,19.39868],[-98.27939,19.39794],[-98.27926,19.39706],[-98.28034,19.39688],[-98.28026,19.39508],[-98.28112,19.39487],[-98.28201,19.39438],[-98.28296,19.39501],[-98.28366,19.39559],[-98.28374,19.39451],[-98.28454,19.39373],[-98.28344,19.39158],[-98.28451,19.39102],[-98.28441,19.39082],[-98.28508,19.39048],[-98.28483,19.38981],[-98.28444,19.38734],[-98.28458,19.38651],[-98.28564,19.38364],[-98.28526,19.38297],[-98.28498,19.38206],[-98.28492,19.38114],[-98.28582,19.38069],[-98.28638,19.38012],[-98.28661,19.38003],[-98.28717,19.38016],[-98.28771,19.38019],[-98.28631,19.37662],[-98.28789,19.37509],[-98.28866,19.37475],[-98.28903,19.37487],[-98.29019,19.37487],[-98.29234,19.37539],[-98.29417,19.37629],[-98.29507,19.37732],[-98.29499,19.37777],[-98.29507,19.37788],[-98.29632,19.37866],[-98.29644,19.37888],[-98.29686,19.3791],[-98.29733,19.37827],[-98.29759,19.3775],[-98.29795,19.37709],[-98.29776,19.37688],[-98.29686,19.37783],[-98.29665,19.37795],[-98.29674,19.37755],[-98.29636,19.37697],[-98.29646,19.37673],[-98.29774,19.37528],[-98.29863,19.37457],[-98.29906,19.37369],[-98.29956,19.37364],[-98.30002,19.37375],[-98.30127,19.37385],[-98.30975,19.37345],[-98.30896,19.37764],[-98.30938,19.38362],[-98.30912,19.38722],[-98.30935,19.38776],[-98.309,19.38792],[-98.30889,19.39099],[-98.30902,19.39754],[-98.30874,19.39924],[-98.30779,19.39942],[-98.30615,19.39862],[-98.30531,19.39785],[-98.3024,19.40989],[-98.301,19.40836],[-98.30095,19.41021],[-98.30009,19.4148],[-98.30012,19.41694],[-98.29958,19.41914]]]}},{"type":"Feature","properties":{"seccion":340,"municipio":24,"distrito_local":5,"distrito_federal":2},"geometry":{"type":"Polygon","coordinates":[[[-98.28492,19.38114],[-98.284,19.38113],[-98.28276,19.38072],[-98.28191,19.38001],[-98.28082,19.37876],[-98.28012,19.37674],[-98.27924,19.37509],[-98.27676,19.37398],[-98.2777,19.37058],[-98.27884,19.36848],[-98.28025,19.36774],[-98.28243,19.36813],[-98.28429,19.36929],[-98.28583,19.36899],[-98.28681,19.36789],[-98.28783,19.36633],[-98.29005,19.36471],[-98.29314,19.35947],[-98.29487,19.35577],[-98.29532,19.35544],[-98.29569,19.35543],[-98.29642,19.35562],[-98.29741,19.35606],[-98.29857,19.35643],[-98.30242,19.3566],[-98.30504,19.35636],[-98.3059,19.35724],[-98.30613,19.3577],[-98.30607,19.35886],[-98.30642,19.35939],[-98.30607,19.3601],[-98.30735,19.36071],[-98.30835,19.36497],[-98.30835,19.36626],[-98.30811,19.36669],[-98.30751,19.36999],[-98.30975,19.37345],[-98.30127,19.37385],[-98.30002,19.37375],[-98.29956,19.37364],[-98.29906,19.37369],[-98.29863,19.37457],[-98.29774,19.37528],[-98.29646,19.37673],[-98.29636,19.37697],[-98.29674,19.37755],[-98.29665,19.37795],[-98.29686,19.37783],[-98.29776,19.37688],[-98.29795,19.37709],[-98.29759,19.3775],[-98.29733,19.37827],[-98.29686,19.3791],[-98.29644,19.37888],[-98.29632,19.37866],[-98.29507,19.37788],[-98.29499,19.37777],[-98.29507,19.37732],[-98.29417,19.37629],[-98.29234,19.37539],[-98.29019,19.37487],[-98.28903,19.37487],[-98.28866,19.37475],[-98.28841,19.37482],[-98.28789,19.37509],[-98.28631,19.37662],[-98.28771,19.38019],[-98.28717,19.38016],[-98.28661,19.38003],[-98.28638,19.38012],[-98.28582,19.38069],[-98.28492,19.38114]]]}},{"type":"Feature","properties":{"seccion":342,"municipio":24,"distrito_local":5,"distrito_federal":2},"geometry":{"type":"Polygon","coordinates":[[[-98.27676,19.37398],[-98.27044,19.37073],[-98.26957,19.36986],[-98.2698,19.36886],[-98.27009,19.36415],[-98.26864,19.36241],[-98.26736,19.36175],[-98.26753,19.35973],[-98.26741,19.35878],[-98.2691,19.35716],[-98.26956,19.35658],[-98.2693,19.3565],[-98.27184,19.35036],[-98.27334,19.34607],[-98.27083,19.34331],[-98.27014,19.34277],[-98.26955,19.34207],[-98.26833,19.3417],[-98.26775,19.34091],[-98.26687,19.34035],[-98.26827,19.34021],[-98.26856,19.34033],[-98.2695,19.34025],[-98.27037,19.34058],[-98.27106,19.34095],[-98.2717,19.34161],[-98.27234,19.34182],[-98.27316,19.34078],[-98.27391,19.34107],[-98.27415,19.34049],[-98.27519,19.34066],[-98.2756,19.34148],[-98.2756,19.34248],[-98.27618,19.34214],[-98.27688,19.34243],[-98.27763,19.34297],[-98.27862,19.34326],[-98.27944,19.34338],[-98.27967,19.34309],[-98.27926,19.34123],[-98.27955,19.34044],[-98.27984,19.33995],[-98.2792,19.33871],[-98.27937,19.33809],[-98.28059,19.3368],[-98.281,19.3366],[-98.28123,19.33722],[-98.28153,19.33866],[-98.28211,19.33924],[-98.28286,19.33916],[-98.28339,19.33891],[-98.28414,19.33879],[-98.28507,19.33882],[-98.286,19.33841],[-98.28745,19.33874],[-98.28908,19.33952],[-98.29106,19.33993],[-98.29263,19.34002],[-98.29426,19.34138],[-98.29356,19.34291],[-98.29356,19.34328],[-98.29432,19.34345],[-98.29478,19.34373],[-98.29507,19.34419],[-98.29647,19.34547],[-98.29682,19.34592],[-98.29694,19.34646],[-98.29682,19.34688],[-98.29612,19.34725],[-98.29548,19.34748],[-98.2962,19.34888],[-98.29633,19.35097],[-98.29653,19.35089],[-98.297,19.35109],[-98.29706,19.35163],[-98.29688,19.35328],[-98.29659,19.35386],[-98.29619,19.35407],[-98.29654,19.35535],[-98.29675,19.35572],[-98.29569,19.35543],[-98.29532,19.35544],[-98.29487,19.35577],[-98.29314,19.35947],[-98.29005,19.36471],[-98.28783,19.36633],[-98.28681,19.36789],[-98.28583,19.36899],[-98.28429,19.36929],[-98.28243,19.36813],[-98.28025,19.36774],[-98.27884,19.36848],[-98.2777,19.37058],[-98.27676,19.37398]]]}},{"type":"Feature","properties":{"seccion":343,"municipio":24,"distrito_local":5,"distrito_federal":2},"geometry":{"type":"Polygon","coordinates":[[[-98.26911,19.37073],[-98.26829,19.37031],[-98.26742,19.36912],[-98.26666,19.36746],[-98.26579,19.36597],[-98.26277,19.36668],[-98.26108,19.36718],[-98.2598,19.3673],[-98.258,19.36731],[-98.25649,19.36818],[-98.25562,19.36781],[-98.25498,19.36743],[-98.25492,19.36657],[-98.25521,19.36611],[-98.25486,19.3657],[-98.25469,19.36532],[-98.2548,19.36499],[-98.2548,19.36441],[-98.25492,19.36396],[-98.25474,19.36309],[-98.25486,19.36276],[-98.25486,19.36235],[-98.25468,19.3614],[-98.25474,19.36102],[-98.25492,19.36069],[-98.25474,19.36024],[-98.25526,19.3602],[-98.25526,19.35986],[-98.25497,19.35945],[-98.25492,19.35883],[-98.25509,19.35854],[-98.25346,19.35797],[-98.253,19.35739],[-98.25236,19.35689],[-98.25176,19.35693],[-98.25078,19.3578],[-98.2493,19.35829],[-98.24839,19.35803],[-98.2471,19.35818],[-98.24587,19.35729],[-98.24451,19.35653],[-98.24383,19.35582],[-98.2436,19.35544],[-98.24313,19.35301],[-98.24543,19.35159],[-98.2527,19.34923],[-98.25276,19.34902],[-98.25258,19.34881],[-98.25229,19.34865],[-98.25211,19.34841],[-98.25235,19.3475],[-98.25209,19.34742],[-98.25183,19.34746],[-98.25133,19.34718],[-98.25125,19.34688],[-98.25037,19.3456],[-98.25049,19.34519],[-98.25035,19.34406],[-98.25041,19.34385],[-98.25066,19.34355],[-98.2515,19.34419],[-98.25173,19.34414],[-98.25208,19.34377],[-98.25251,19.34308],[-98.25287,19.3428],[-98.25352,19.34269],[-98.2541,19.34282],[-98.25439,19.34273],[-98.25544,19.34309],[-98.25666,19.34336],[-98.25719,19.34402],[-98.25784,19.34459],[-98.25861,19.34511],[-98.25972,19.34559],[-98.26269,19.34643],[-98.26437,19.34649],[-98.26483,19.34611],[-98.26517,19.34545],[-98.26629,19.3437],[-98.26654,19.34143],[-98.26687,19.34035],[-98.26775,19.34091],[-98.26833,19.3417],[-98.26955,19.34207],[-98.27014,19.34277],[-98.27083,19.34331],[-98.27334,19.34607],[-98.27184,19.35036],[-98.2693,19.3565],[-98.26956,19.35658],[-98.2691,19.35716],[-98.26741,19.35878],[-98.26753,19.35973],[-98.26736,19.36175],[-98.26864,19.36241],[-98.27009,19.36415],[-98.2698,19.36886],[-98.26957,19.36986],[-98.27044,19.37073],[-98.26911,19.37073]]]}},{"type":"Feature","properties":{"seccion":344,"municipio":24,"distrito_local":5,"distrito_federal":2},"geometry":{"type":"Polygon","coordinates":[[[-98.30139,19.33252],[-98.30149,19.33139],[-98.30171,19.33083],[-98.30187,19.3309],[-98.30214,19.33087],[-98.30311,19.32906],[-98.30441,19.32718],[-98.30332,19.32617],[-98.30451,19.32411],[-98.30467,19.3243],[-98.30489,19.32376],[-98.3053,19.32402],[-98.309,19.3246],[-98.31069,19.32457],[-98.31071,19.32467],[-98.31122,19.32497],[-98.3123,19.32544],[-98.31274,19.3261],[-98.31288,19.32616],[-98.31288,19.32649],[-98.31144,19.32886],[-98.30714,19.33552],[-98.30614,19.33868],[-98.30193,19.34112],[-98.30152,19.3422],[-98.29984,19.34187],[-98.29792,19.34179],[-98.29658,19.34237],[-98.296,19.34216],[-98.29513,19.34208],[-98.29356,19.34291],[-98.29426,19.34138],[-98.29565,19.33906],[-98.29646,19.33922],[-98.29687,19.33798],[-98.29792,19.33724],[-98.29855,19.33587],[-98.29902,19.33558],[-98.2996,19.3336],[-98.30082,19.33326],[-98.30139,19.33252]]]}},{"type":"Feature","properties":{"seccion":345,"municipio":24,"distrito_local":5,"distrito_federal":2},"geometry":{"type":"Polygon","coordinates":[[[-98.28909,19.32963],[-98.28915,19.32948],[-98.28876,19.32859],[-98.28874,19.32826],[-98.28884,19.32794],[-98.28912,19.32761],[-98.28953,19.32608],[-98.29067,19.32591],[-98.28936,19.32563],[-98.28963,19.32478],[-98.28967,19.32065],[-98.30005,19.32153],[-98.30325,19.32087],[-98.30359,19.32073],[-98.30423,19.32023],[-98.30479,19.32016],[-98.30475,19.3204],[-98.30375,19.32115],[-98.30302,19.32155],[-98.30298,19.32196],[-98.3035,19.32291],[-98.30451,19.32411],[-98.30332,19.32617],[-98.30441,19.32718],[-98.30311,19.32906],[-98.30214,19.33087],[-98.30187,19.3309],[-98.30171,19.33083],[-98.30149,19.33139],[-98.30139,19.33252],[-98.30082,19.33326],[-98.2996,19.3336],[-98.29902,19.33558],[-98.29855,19.33587],[-98.29792,19.33724],[-98.29687,19.33798],[-98.29646,19.33922],[-98.29565,19.33906],[-98.29426,19.34138],[-98.29263,19.34002],[-98.29274,19.3384],[-98.29036,19.33692],[-98.29071,19.33592],[-98.29082,19.33431],[-98.29059,19.33183],[-98.29024,19.33009],[-98.28909,19.32963]]]}},{"type":"Feature","properties":{"seccion":430,"municipio":53,"distrito_local":12,"distrito_federal":2},"geometry":{"type":"Polygon","coordinates":[[[-98.27054,19.28042],[-98.27017,19.28008],[-98.26902,19.27951],[-98.26789,19.27918],[-98.26784,19.27879],[-98.26819,19.27714],[-98.2681,19.27661],[-98.26708,19.27589],[-98.26659,19.27511],[-98.26533,19.27487],[-98.2641,19.27496],[-98.26381,19.27463],[-98.26364,19.27411],[-98.26435,19.27392],[-98.26534,19.27336],[-98.26581,19.27321],[-98.26756,19.27291],[-98.26913,19.27295],[-98.2713,19.27591],[-98.27632,19.27382],[-98.27896,19.2722],[-98.27909,19.27219],[-98.28115,19.27359],[-98.28099,19.26898],[-98.28135,19.26889],[-98.28181,19.26895],[-98.28234,19.26921],[-98.28285,19.2696],[-98.28312,19.26968],[-98.28356,19.2696],[-98.28497,19.26975],[-98.28509,19.26786],[-98.28526,19.26692],[-98.28569,19.2658],[-98.28956,19.26779],[-98.29258,19.26871],[-98.29256,19.2688],[-98.29349,19.26897],[-98.29371,19.26935],[-98.29403,19.26967],[-98.29524,19.27033],[-98.29607,19.27051],[-98.2972,19.27046],[-98.30085,19.27077],[-98.30043,19.2721],[-98.29897,19.27505],[-98.29863,19.27708],[-98.29409,19.27591],[-98.29347,19.2764],[-98.2922,19.27657],[-98.29118,19.27695],[-98.2905,19.27691],[-98.29039,19.27723],[-98.28879,19.27792],[-98.28694,19.2781],[-98.28547,19.27779],[-98.28535,19.27795],[-98.2843,19.27753],[-98.2841,19.27803],[-98.2801,19.27548],[-98.27964,19.2753],[-98.27934,19.27531],[-98.27883,19.27552],[-98.27749,19.27643],[-98.27654,19.27689],[-98.27054,19.28042]]]}},{"type":"Feature","properties":{"seccion":435,"municipio":33,"distrito_local":7,"distrito_federal":2},"geometry":{"type":"Polygon","coordinates":[[[-98.22849,19.34295],[-98.22821,19.34344],[-98.22775,19.34374],[-98.22736,19.34443],[-98.22691,19.34475],[-98.22682,19.34505],[-98.22652,19.34539],[-98.22634,19.34709],[-98.22621,19.34769],[-98.22588,19.3481],[-98.22542,19.3477],[-98.22491,19.34668],[-98.22446,19.34617],[-98.22421,19.34601],[-98.22402,19.3456],[-98.22404,19.34521],[-98.22419,19.34498],[-98.22494,19.34468],[-98.22524,19.34441],[-98.22532,19.34381],[-98.22491,19.34312],[-98.22447,19.34272],[-98.22419,19.34262],[-98.22358,19.34253],[-98.22325,19.34237],[-98.22235,19.34243],[-98.22172,19.3415],[-98.2215,19.34055],[-98.22125,19.34012],[-98.22058,19.33937],[-98.21944,19.33777],[-98.2184,19.33842],[-98.21801,19.33796],[-98.2172,19.33745],[-98.21653,19.33685],[-98.21772,19.33611],[-98.21848,19.33582],[-98.21832,19.33546],[-98.21848,19.33511],[-98.21858,19.33457],[-98.21551,19.33557],[-98.21294,19.33604],[-98.21242,19.33502],[-98.21247,19.33468],[-98.21315,19.33354],[-98.21311,19.33301],[-98.21847,19.33109],[-98.22051,19.33045],[-98.22185,19.33021],[-98.22411,19.33029],[-98.22407,19.33063],[-98.22362,19.33113],[-98.22368,19.33139],[-98.22332,19.33178],[-98.22387,19.33232],[-98.22375,19.33275],[-98.22349,19.3331],[-98.224,19.33375],[-98.224,19.33404],[-98.22379,19.33446],[-98.22363,19.33535],[-98.22351,19.33553],[-98.2232,19.33563],[-98.22303,19.33622],[-98.2234,19.33628],[-98.22382,19.33648],[-98.22461,19.33655],[-98.22487,19.33692],[-98.22523,19.33706],[-98.2254,19.33776],[-98.22552,19.33779],[-98.2259,19.33761],[-98.22613,19.33765],[-98.22626,19.33779],[-98.22616,19.33827],[-98.22631,19.33868],[-98.22637,19.33942],[-98.22646,19.33966],[-98.22687,19.34055],[-98.22728,19.34082],[-98.2274,19.34149],[-98.22806,19.34247],[-98.22829,19.34264],[-98.22849,19.34295]]]}},{"type":"Feature","properties":{"seccion":439,"municipio":33,"distrito_local":7,"distrito_federal":2},"geometry":{"type":"Polygon","coordinates":[[[-98.21366,19.33286],[-98.21382,19.33244],[-98.21327,19.33192],[-98.21338,19.33057],[-98.21157,19.32938],[-98.21068,19.32967],[-98.21077,19.32864],[-98.20748,19.32861],[-98.20283,19.3289],[-98.20331,19.32771],[-98.20577,19.32682],[-98.20413,19.32602],[-98.20538,19.3243],[-98.20504,19.32369],[-98.20441,19.323],[-98.20507,19.32206],[-98.20596,19.32221],[-98.20702,19.32327],[-98.20824,19.32385],[-98.21142,19.32398],[-98.21273,19.32369],[-98.21414,19.32404],[-98.21471,19.32449],[-98.21609,19.32611],[-98.21669,19.32618],[-98.21665,19.32665],[-98.21645,19.3271],[-98.21645,19.3277],[-98.21724,19.32774],[-98.2182,19.32799],[-98.21839,19.32814],[-98.2188,19.32897],[-98.22051,19.33045],[-98.21847,19.33109],[-98.21366,19.33286]]]}},{"type":"Feature","properties":{"seccion":436,"municipio":33,"distrito_local":7,"distrito_federal":2},"geometry":{"type":"Polygon","coordinates":[[[-98.22491,19.34668],[-98.22542,19.3477],[-98.22588,19.3481],[-98.22621,19.34769],[-98.22634,19.34709],[-98.22652,19.34539],[-98.22682,19.34505],[-98.22691,19.34475],[-98.22736,19.34443],[-98.22775,19.34374],[-98.22821,19.34344],[-98.22849,19.34295],[-98.22873,19.3433],[-98.22883,19.34368],[-98.22945,19.34681],[-98.22999,19.34798],[-98.23047,19.34879],[-98.23126,19.34948],[-98.23162,19.35016],[-98.23375,19.35189],[-98.23476,19.35316],[-98.23537,19.35416],[-98.23606,19.35576],[-98.23696,19.35725],[-98.23739,19.35747],[-98.23708,19.35846],[-98.23684,19.3597],[-98.23677,19.36049],[-98.23688,19.36124],[-98.23687,19.36227],[-98.23743,19.36439],[-98.23748,19.36501],[-98.23788,19.36609],[-98.2381,19.36709],[-98.22978,19.37022],[-98.22965,19.37117],[-98.22994,19.37176],[-98.2271,19.37275],[-98.218,19.36881],[-98.21748,19.36765],[-98.21732,19.36649],[-98.21599,19.36738],[-98.21474,19.36759],[-98.21427,19.36758],[-98.21369,19.36733],[-98.21282,19.3667],[-98.21034,19.36432],[-98.20999,19.36411],[-98.20837,19.36273],[-98.20749,19.36159],[-98.20704,19.36132],[-98.20658,19.36048],[-98.20618,19.36019],[-98.20432,19.3571],[-98.20462,19.35508],[-98.20377,19.35311],[-98.20338,19.35126],[-98.20308,19.34859],[-98.20392,19.34784],[-98.20416,19.34786],[-98.20489,19.34711],[-98.20421,19.3465],[-98.20385,19.34604],[-98.20527,19.34493],[-98.2059,19.34584],[-98.20646,19.34728],[-98.20821,19.34611],[-98.20948,19.34556],[-98.20969,19.34538],[-98.20908,19.3452],[-98.20826,19.34421],[-98.20621,19.34249],[-98.206,19.34237],[-98.20495,19.34224],[-98.20777,19.33922],[-98.20845,19.33873],[-98.20952,19.33832],[-98.2121,19.33776],[-98.21529,19.33748],[-98.21595,19.33722],[-98.21653,19.33685],[-98.2172,19.33745],[-98.21801,19.33796],[-98.2184,19.33842],[-98.21944,19.33777],[-98.22058,19.33937],[-98.22125,19.34012],[-98.2215,19.34055],[-98.22172,19.3415],[-98.22235,19.34243],[-98.22325,19.34237],[-98.22358,19.34253],[-98.22419,19.34262],[-98.22447,19.34272],[-98.22491,19.34312],[-98.22532,19.34381],[-98.22524,19.34441],[-98.22494,19.34468],[-98.22419,19.34498],[-98.22404,19.34521],[-98.224,19.34546],[-98.22421,19.34601],[-98.22446,19.34617],[-98.22491,19.34668]]]}},{"type":"Feature","properties":{"seccion":437,"municipio":33,"distrito_local":7,"distrito_federal":2},"geometry":{"type":"Polygon","coordinates":[[[-98.21772,19.33611],[-98.21595,19.33722],[-98.21529,19.33748],[-98.2121,19.33776],[-98.20952,19.33832],[-98.20845,19.33873],[-98.20777,19.33922],[-98.20495,19.34224],[-98.206,19.34237],[-98.20621,19.34249],[-98.20826,19.34421],[-98.20908,19.3452],[-98.20969,19.34538],[-98.20948,19.34556],[-98.20821,19.34611],[-98.20646,19.34728],[-98.2059,19.34584],[-98.20527,19.34493],[-98.20385,19.34604],[-98.20421,19.3465],[-98.20489,19.34711],[-98.20416,19.34786],[-98.20392,19.34784],[-98.20308,19.34859],[-98.20258,19.34769],[-98.2018,19.34726],[-98.20111,19.3462],[-98.2004,19.34553],[-98.20026,19.34497],[-98.19992,19.34474],[-98.19987,19.34376],[-98.19974,19.3435],[-98.19949,19.34365],[-98.19909,19.34372],[-98.19869,19.34355],[-98.19846,19.34336],[-98.19807,19.34248],[-98.19799,19.34193],[-98.19806,19.34133],[-98.19857,19.34015],[-98.20003,19.34144],[-98.20034,19.34161],[-98.20065,19.34158],[-98.20106,19.34117],[-98.20347,19.33778],[-98.20467,19.33647],[-98.20856,19.33469],[-98.21311,19.33301],[-98.21315,19.33354],[-98.21247,19.33468],[-98.21242,19.33502],[-98.21294,19.33604],[-98.21551,19.33557],[-98.21858,19.33457],[-98.21848,19.33511],[-98.21832,19.33546],[-98.21848,19.33582],[-98.21772,19.33611]]]}},{"type":"Feature","properties":{"seccion":447,"municipio":33,"distrito_local":7,"distrito_federal":2},"geometry":{"type":"Polygon","coordinates":[[[-98.23979,19.32098],[-98.23934,19.32053],[-98.23771,19.31956],[-98.23845,19.31836],[-98.23915,19.31874],[-98.23946,19.31826],[-98.23881,19.31787],[-98.23942,19.31685],[-98.24459,19.3198],[-98.24402,19.32076],[-98.24384,19.3202],[-98.24367,19.31997],[-98.24328,19.31977],[-98.24275,19.31973],[-98.24194,19.31997],[-98.23979,19.32098]]]}},{"type":"Feature","properties":{"seccion":440,"municipio":33,"distrito_local":7,"distrito_federal":2},"geometry":{"type":"Polygon","coordinates":[[[-98.22563,19.33164],[-98.22387,19.33118],[-98.22368,19.33139],[-98.22362,19.33113],[-98.22407,19.33063],[-98.22411,19.33029],[-98.22185,19.33021],[-98.22051,19.33045],[-98.2188,19.32897],[-98.21839,19.32814],[-98.2182,19.32799],[-98.21724,19.32774],[-98.21645,19.3277],[-98.21645,19.3271],[-98.21665,19.32665],[-98.21669,19.32618],[-98.21609,19.32611],[-98.21471,19.32449],[-98.21414,19.32404],[-98.21667,19.3225],[-98.22316,19.32242],[-98.22325,19.32255],[-98.22337,19.32493],[-98.22364,19.32596],[-98.22505,19.32672],[-98.22506,19.32764],[-98.22538,19.32805],[-98.2255,19.32854],[-98.22481,19.3291],[-98.22506,19.32994],[-98.22474,19.33027],[-98.22599,19.3302],[-98.22563,19.33164]]]}},{"type":"Feature","properties":{"seccion":441,"municipio":33,"distrito_local":7,"distrito_federal":2},"geometry":{"type":"Polygon","coordinates":[[[-98.22599,19.3302],[-98.22474,19.33027],[-98.22506,19.32994],[-98.22481,19.3291],[-98.2255,19.32854],[-98.22538,19.32805],[-98.22543,19.32801],[-98.22546,19.32809],[-98.22556,19.32792],[-98.22553,19.32772],[-98.2254,19.32763],[-98.22549,19.32747],[-98.22536,19.32734],[-98.22543,19.32728],[-98.22567,19.32741],[-98.22574,19.32732],[-98.22581,19.32708],[-98.22597,19.32698],[-98.2259,19.32689],[-98.22633,19.32627],[-98.22621,19.32612],[-98.22633,19.32588],[-98.22666,19.32557],[-98.22679,19.32529],[-98.22748,19.32496],[-98.22895,19.32389],[-98.22966,19.32346],[-98.22997,19.32338],[-98.23002,19.32327],[-98.23043,19.32337],[-98.23076,19.32332],[-98.23113,19.32306],[-98.23266,19.32263],[-98.23295,19.32227],[-98.23295,19.32137],[-98.23321,19.32118],[-98.23351,19.32034],[-98.23407,19.32074],[-98.23737,19.32269],[-98.23571,19.32399],[-98.23524,19.32427],[-98.23531,19.32441],[-98.23194,19.32614],[-98.23025,19.3271],[-98.22745,19.32961],[-98.22684,19.32996],[-98.22599,19.3302]]]}},{"type":"Feature","properties":{"seccion":442,"municipio":33,"distrito_local":7,"distrito_federal":2},"geometry":{"type":"Polygon","coordinates":[[[-98.24579,19.32731],[-98.2456,19.3273],[-98.24372,19.32623],[-98.24177,19.32458],[-98.2434,19.32285],[-98.24137,19.32148],[-98.24048,19.32118],[-98.24003,19.32115],[-98.23996,19.32124],[-98.23979,19.32098],[-98.24194,19.31997],[-98.24275,19.31973],[-98.24328,19.31977],[-98.24367,19.31997],[-98.24384,19.3202],[-98.24402,19.32076],[-98.24413,19.32065],[-98.24446,19.32164],[-98.24558,19.32324],[-98.24706,19.32401],[-98.24758,19.32413],[-98.24737,19.32515],[-98.24703,19.3253],[-98.24698,19.32542],[-98.24696,19.32662],[-98.24681,19.32686],[-98.24579,19.32731]]]}},{"type":"Feature","properties":{"seccion":443,"municipio":33,"distrito_local":7,"distrito_federal":2},"geometry":{"type":"Polygon","coordinates":[[[-98.2354,19.32452],[-98.23524,19.32427],[-98.23571,19.32399],[-98.23737,19.32269],[-98.23407,19.32074],[-98.23351,19.32034],[-98.23361,19.32024],[-98.23442,19.32012],[-98.2348,19.31953],[-98.23471,19.31916],[-98.23478,19.31848],[-98.23456,19.3184],[-98.23308,19.31846],[-98.23241,19.31835],[-98.23297,19.3181],[-98.23467,19.31778],[-98.23934,19.32053],[-98.23979,19.32098],[-98.23908,19.32166],[-98.23877,19.32231],[-98.23895,19.32244],[-98.23736,19.3235],[-98.2354,19.32452]]]}},{"type":"Feature","properties":{"seccion":444,"municipio":33,"distrito_local":7,"distrito_federal":2},"geometry":{"type":"Polygon","coordinates":[[[-98.22546,19.32809],[-98.22543,19.32801],[-98.22532,19.32804],[-98.22506,19.32764],[-98.22505,19.32672],[-98.22364,19.32596],[-98.22337,19.32493],[-98.22325,19.32255],[-98.22316,19.32242],[-98.21667,19.3225],[-98.21481,19.32368],[-98.21475,19.32343],[-98.21486,19.32335],[-98.21422,19.32279],[-98.2139,19.32224],[-98.2145,19.32139],[-98.21491,19.32033],[-98.21486,19.31979],[-98.21499,19.31926],[-98.21611,19.31888],[-98.21691,19.31828],[-98.21768,19.31789],[-98.21821,19.31747],[-98.21889,19.31719],[-98.21894,19.31706],[-98.22159,19.31703],[-98.22235,19.31689],[-98.22228,19.3179],[-98.22239,19.3179],[-98.22233,19.31857],[-98.22317,19.31995],[-98.22389,19.3203],[-98.22418,19.32059],[-98.22591,19.31919],[-98.22684,19.3177],[-98.22876,19.3187],[-98.22898,19.31826],[-98.2319,19.31875],[-98.23234,19.31871],[-98.23333,19.31843],[-98.23475,19.31844],[-98.23471,19.31916],[-98.2348,19.31953],[-98.23442,19.32012],[-98.23361,19.32024],[-98.23351,19.32034],[-98.23321,19.32118],[-98.23295,19.32137],[-98.23295,19.32227],[-98.23266,19.32263],[-98.23113,19.32306],[-98.23076,19.32332],[-98.23043,19.32337],[-98.23002,19.32327],[-98.22997,19.32338],[-98.22966,19.32346],[-98.22895,19.32389],[-98.22748,19.32496],[-98.22685,19.32523],[-98.22649,19.32578],[-98.22633,19.32588],[-98.22621,19.32612],[-98.22633,19.32627],[-98.2259,19.32689],[-98.22597,19.32698],[-98.22581,19.32708],[-98.22574,19.32732],[-98.22567,19.32741],[-98.22543,19.32728],[-98.22536,19.32734],[-98.22549,19.32747],[-98.2254,19.32763],[-98.22553,19.32772],[-98.22556,19.32792],[-98.22546,19.32809]]]}},{"type":"Feature","properties":{"seccion":445,"municipio":33,"distrito_local":7,"distrito_federal":2},"geometry":{"type":"Polygon","coordinates":[[[-98.23332,19.31488],[-98.23295,19.31549],[-98.23266,19.3166],[-98.23467,19.31778],[-98.23297,19.3181],[-98.23241,19.31835],[-98.23308,19.31846],[-98.23234,19.31871],[-98.2319,19.31875],[-98.22898,19.31826],[-98.22876,19.3187],[-98.22684,19.3177],[-98.22591,19.31919],[-98.22418,19.32059],[-98.22389,19.3203],[-98.22317,19.31995],[-98.22233,19.31857],[-98.22239,19.3179],[-98.22228,19.3179],[-98.22235,19.31689],[-98.2232,19.31674],[-98.22412,19.31611],[-98.22641,19.31524],[-98.2269,19.31511],[-98.22785,19.31502],[-98.22969,19.31461],[-98.23018,19.31465],[-98.23138,19.31308],[-98.23207,19.31391],[-98.23253,19.31486],[-98.23332,19.31488]]]}},{"type":"Feature","properties":{"seccion":446,"municipio":33,"distrito_local":7,"distrito_federal":2},"geometry":{"type":"Polygon","coordinates":[[[-98.23414,19.31541],[-98.23457,19.31533],[-98.23518,19.31456],[-98.23572,19.31485],[-98.23618,19.31478],[-98.23638,19.31455],[-98.23617,19.31502],[-98.23812,19.31618],[-98.23942,19.31685],[-98.23881,19.31787],[-98.23946,19.31826],[-98.23915,19.31874],[-98.23845,19.31836],[-98.23771,19.31956],[-98.23266,19.3166],[-98.23295,19.31549],[-98.23332,19.31488],[-98.23414,19.31541]]]}},{"type":"Feature","properties":{"seccion":448,"municipio":33,"distrito_local":7,"distrito_federal":2},"geometry":{"type":"Polygon","coordinates":[[[-98.2453,19.32054],[-98.24501,19.31767],[-98.24485,19.31738],[-98.24457,19.31714],[-98.24459,19.31706],[-98.24555,19.31679],[-98.24604,19.31655],[-98.24666,19.31587],[-98.24704,19.31562],[-98.24722,19.31507],[-98.24748,19.31552],[-98.24908,19.31459],[-98.25111,19.31611],[-98.25186,19.31673],[-98.25192,19.31687],[-98.25328,19.31681],[-98.25394,19.31663],[-98.25543,19.31691],[-98.25678,19.31697],[-98.25698,19.31711],[-98.2572,19.31688],[-98.25746,19.31694],[-98.25624,19.3182],[-98.25526,19.3194],[-98.25329,19.32102],[-98.25123,19.32346],[-98.25008,19.32401],[-98.2486,19.32442],[-98.2475,19.32437],[-98.2476,19.32388],[-98.24755,19.32342],[-98.24737,19.32307],[-98.24624,19.32229],[-98.2453,19.32054]]]}},{"type":"Feature","properties":{"seccion":449,"municipio":33,"distrito_local":7,"distrito_federal":2},"geometry":{"type":"Polygon","coordinates":[[[-98.24042,19.31338],[-98.2407,19.31341],[-98.24106,19.31369],[-98.24133,19.31373],[-98.24141,19.31333],[-98.24139,19.31283],[-98.24152,19.3127],[-98.24153,19.31327],[-98.2417,19.31369],[-98.24214,19.31427],[-98.24264,19.31473],[-98.2435,19.31513],[-98.24394,19.31507],[-98.24411,19.31534],[-98.24425,19.31581],[-98.24522,19.31642],[-98.24605,19.3164],[-98.24604,19.31655],[-98.24583,19.31669],[-98.24459,19.31706],[-98.24457,19.31714],[-98.24491,19.31746],[-98.24505,19.31782],[-98.24523,19.32021],[-98.24539,19.32078],[-98.24624,19.32229],[-98.24737,19.32307],[-98.24761,19.32372],[-98.24758,19.32413],[-98.24706,19.32401],[-98.24558,19.32324],[-98.24446,19.32164],[-98.24413,19.32065],[-98.24459,19.3198],[-98.24015,19.31727],[-98.24135,19.31537],[-98.2406,19.31494],[-98.24084,19.31461],[-98.24084,19.31447],[-98.2404,19.31362],[-98.24042,19.31338]]]}},{"type":"Feature","properties":{"seccion":450,"municipio":33,"distrito_local":7,"distrito_federal":2},"geometry":{"type":"Polygon","coordinates":[[[-98.23719,19.31033],[-98.23914,19.31106],[-98.23815,19.31311],[-98.23945,19.31377],[-98.23977,19.31321],[-98.24014,19.31342],[-98.24036,19.31329],[-98.2404,19.31362],[-98.24084,19.31447],[-98.24084,19.31461],[-98.2406,19.31494],[-98.24135,19.31537],[-98.24015,19.31727],[-98.23812,19.31618],[-98.23617,19.31502],[-98.23638,19.31455],[-98.23618,19.31478],[-98.23572,19.31485],[-98.23518,19.31456],[-98.23572,19.31375],[-98.23719,19.31033]]]}},{"type":"Feature","properties":{"seccion":451,"municipio":33,"distrito_local":7,"distrito_federal":2},"geometry":{"type":"Polygon","coordinates":[[[-98.23756,19.30936],[-98.23572,19.31375],[-98.23467,19.31525],[-98.23442,19.3154],[-98.23414,19.31541],[-98.23332,19.31488],[-98.23253,19.31486],[-98.23207,19.31391],[-98.23138,19.31308],[-98.23406,19.30965],[-98.23432,19.31003],[-98.23504,19.30904],[-98.23555,19.30939],[-98.23635,19.30847],[-98.23756,19.30936]]]}},{"type":"Feature","properties":{"seccion":452,"municipio":33,"distrito_local":7,"distrito_federal":2},"geometry":{"type":"Polygon","coordinates":[[[-98.23406,19.30965],[-98.23203,19.31224],[-98.2315,19.31195],[-98.23089,19.31251],[-98.22916,19.31072],[-98.23102,19.30811],[-98.22957,19.30695],[-98.23113,19.30466],[-98.23228,19.30679],[-98.23254,19.30736],[-98.23266,19.30775],[-98.23263,19.30789],[-98.23308,19.30848],[-98.23378,19.30917],[-98.23406,19.30965]]]}},{"type":"Feature","properties":{"seccion":454,"municipio":33,"distrito_local":7,"distrito_federal":2},"geometry":{"type":"Polygon","coordinates":[[[-98.21966,19.31491],[-98.21952,19.31549],[-98.21878,19.31707],[-98.21679,19.31738],[-98.21745,19.31584],[-98.21761,19.31482],[-98.21848,19.31492],[-98.21867,19.31451],[-98.2192,19.31473],[-98.21891,19.31543],[-98.21892,19.3157],[-98.21916,19.31573],[-98.21949,19.31485],[-98.21966,19.31491]]]}},{"type":"Feature","properties":{"seccion":461,"municipio":33,"distrito_local":7,"distrito_federal":2},"geometry":{"type":"Polygon","coordinates":[[[-98.24411,19.31534],[-98.24394,19.31507],[-98.2435,19.31513],[-98.24264,19.31473],[-98.24214,19.31427],[-98.2417,19.31369],[-98.24153,19.31327],[-98.24152,19.3127],[-98.24185,19.31274],[-98.24179,19.31087],[-98.24426,19.31106],[-98.24431,19.31044],[-98.24776,19.31069],[-98.24799,19.31035],[-98.24808,19.31004],[-98.24882,19.31019],[-98.24924,19.30882],[-98.24975,19.30938],[-98.24969,19.30959],[-98.25003,19.30997],[-98.25034,19.31018],[-98.25047,19.31168],[-98.25074,19.31231],[-98.25095,19.31251],[-98.2513,19.31311],[-98.25055,19.31367],[-98.24748,19.31552],[-98.24722,19.31507],[-98.24704,19.31562],[-98.24666,19.31587],[-98.24609,19.31649],[-98.24601,19.31637],[-98.24522,19.31642],[-98.24425,19.31581],[-98.24411,19.31534]]]}},{"type":"Feature","properties":{"seccion":462,"municipio":33,"distrito_local":7,"distrito_federal":2},"geometry":{"type":"Polygon","coordinates":[[[-98.2472,19.30692],[-98.24726,19.30568],[-98.24735,19.30568],[-98.24866,19.30153],[-98.24878,19.30089],[-98.24877,19.30082],[-98.2486,19.30078],[-98.24886,19.30004],[-98.24914,19.29883],[-98.24935,19.29884],[-98.2499,19.29586],[-98.25027,19.29428],[-98.25029,19.29382],[-98.25021,19.29351],[-98.24975,19.29295],[-98.24932,19.29268],[-98.25022,19.29086],[-98.25049,19.29127],[-98.25048,19.29209],[-98.25029,19.29261],[-98.25181,19.29543],[-98.25351,19.29789],[-98.25432,19.29896],[-98.25507,19.29978],[-98.25537,19.30059],[-98.25559,19.30089],[-98.25597,19.30121],[-98.25641,19.30202],[-98.25672,19.30281],[-98.25694,19.30305],[-98.25747,19.30398],[-98.25781,19.30429],[-98.25795,19.30459],[-98.25897,19.30519],[-98.2592,19.30518],[-98.25948,19.30575],[-98.26065,19.30638],[-98.26075,19.307],[-98.26087,19.30719],[-98.26139,19.30736],[-98.26179,19.30729],[-98.26188,19.30733],[-98.26223,19.3079],[-98.26254,19.30795],[-98.26363,19.30888],[-98.26404,19.30913],[-98.26461,19.30902],[-98.26282,19.31099],[-98.26123,19.3118],[-98.2592,19.31459],[-98.2591,19.31491],[-98.25851,19.31576],[-98.25751,19.3168],[-98.25746,19.31694],[-98.2572,19.31688],[-98.25698,19.31711],[-98.25678,19.31697],[-98.25543,19.31691],[-98.25394,19.31663],[-98.25328,19.31681],[-98.25192,19.31687],[-98.25186,19.31673],[-98.25111,19.31611],[-98.24908,19.31459],[-98.2513,19.31311],[-98.25095,19.31251],[-98.25074,19.31231],[-98.25047,19.31168],[-98.25034,19.31018],[-98.25003,19.30997],[-98.24969,19.30959],[-98.24984,19.30912],[-98.24936,19.30856],[-98.25011,19.30784],[-98.2498,19.30757],[-98.24985,19.3075],[-98.24909,19.30699],[-98.24865,19.30678],[-98.24835,19.30714],[-98.24804,19.30699],[-98.2472,19.30692]]]}},{"type":"Feature","properties":{"seccion":463,"municipio":33,"distrito_local":7,"distrito_federal":2},"geometry":{"type":"Polygon","coordinates":[[[-98.24179,19.31087],[-98.24153,19.30718],[-98.24455,19.3074],[-98.2446,19.30677],[-98.24765,19.30695],[-98.24804,19.30699],[-98.24835,19.30714],[-98.24865,19.30678],[-98.24909,19.30699],[-98.24985,19.3075],[-98.2498,19.30757],[-98.25011,19.30784],[-98.24936,19.30856],[-98.24984,19.30912],[-98.24975,19.30938],[-98.24924,19.30882],[-98.24882,19.31019],[-98.24808,19.31004],[-98.24799,19.31035],[-98.24776,19.31069],[-98.24431,19.31044],[-98.24426,19.31106],[-98.24179,19.31087]]]}},{"type":"Feature","properties":{"seccion":513,"municipio":36,"distrito_local":5,"distrito_federal":2},"geometry":{"type":"Polygon","coordinates":[[[-98.23145,19.33025],[-98.22961,19.32951],[-98.22833,19.32879],[-98.23025,19.3271],[-98.23194,19.32614],[-98.23531,19.32441],[-98.2354,19.32452],[-98.23736,19.3235],[-98.23895,19.32244],[-98.23932,19.32272],[-98.23895,19.32324],[-98.23942,19.3235],[-98.23896,19.32441],[-98.23914,19.32451],[-98.23923,19.32441],[-98.24122,19.32583],[-98.24166,19.32627],[-98.24246,19.32742],[-98.24239,19.32779],[-98.24099,19.32847],[-98.24069,19.32847],[-98.23983,19.32789],[-98.23946,19.32775],[-98.23882,19.32762],[-98.2379,19.32781],[-98.23765,19.32779],[-98.23735,19.32768],[-98.23716,19.32747],[-98.23641,19.32876],[-98.23585,19.32851],[-98.23601,19.32817],[-98.23597,19.32792],[-98.23359,19.32772],[-98.23259,19.32827],[-98.23309,19.32888],[-98.23274,19.32909],[-98.23145,19.33025]]]}},{"type":"Feature","properties":{"seccion":464,"municipio":33,"distrito_local":7,"distrito_federal":2},"geometry":{"type":"Polygon","coordinates":[[[-98.24153,19.30718],[-98.24146,19.30611],[-98.2414,19.30597],[-98.24098,19.30567],[-98.24113,19.30429],[-98.24107,19.30367],[-98.24042,19.30352],[-98.23906,19.30268],[-98.23726,19.30231],[-98.23693,19.30231],[-98.23607,19.30205],[-98.23476,19.30113],[-98.23593,19.29884],[-98.23625,19.29786],[-98.23478,19.29728],[-98.23563,19.2938],[-98.2361,19.2939],[-98.23652,19.29418],[-98.23691,19.29338],[-98.239,19.29344],[-98.23897,19.29294],[-98.24024,19.29287],[-98.24032,19.29254],[-98.24061,19.29232],[-98.24065,19.29213],[-98.24113,19.29199],[-98.24114,19.29178],[-98.24124,19.29176],[-98.24106,19.29122],[-98.24215,19.29084],[-98.24445,19.28985],[-98.24678,19.29121],[-98.24736,19.29035],[-98.24747,19.29029],[-98.24768,19.28975],[-98.24802,19.2901],[-98.24835,19.29002],[-98.24883,19.2902],[-98.24905,19.29039],[-98.24973,19.29069],[-98.24985,19.29088],[-98.24985,19.29125],[-98.24957,19.29197],[-98.24963,19.29201],[-98.24932,19.29268],[-98.24975,19.29295],[-98.25021,19.29351],[-98.25029,19.29411],[-98.24935,19.29884],[-98.24914,19.29883],[-98.24886,19.30004],[-98.2486,19.30078],[-98.24877,19.30082],[-98.24878,19.30089],[-98.24866,19.30153],[-98.24735,19.30568],[-98.24726,19.30568],[-98.2472,19.30692],[-98.2446,19.30677],[-98.24455,19.3074],[-98.24153,19.30718]]]}},{"type":"Feature","properties":{"seccion":466,"municipio":33,"distrito_local":7,"distrito_federal":2},"geometry":{"type":"Polygon","coordinates":[[[-98.24704,19.28178],[-98.24667,19.28158],[-98.24651,19.28159],[-98.24555,19.28222],[-98.24402,19.28255],[-98.2426,19.28298],[-98.24326,19.28233],[-98.24387,19.28198],[-98.24467,19.28117],[-98.24274,19.2793],[-98.24115,19.27856],[-98.23999,19.27792],[-98.23968,19.27812],[-98.2389,19.27828],[-98.23808,19.27882],[-98.23655,19.27954],[-98.23608,19.27854],[-98.23586,19.27773],[-98.23214,19.27897],[-98.23009,19.27951],[-98.22982,19.27995],[-98.22984,19.28034],[-98.23002,19.28077],[-98.22931,19.28092],[-98.2294,19.28075],[-98.22861,19.28051],[-98.22789,19.28014],[-98.22759,19.27979],[-98.22742,19.27933],[-98.2273,19.27923],[-98.22738,19.27846],[-98.22727,19.27835],[-98.22708,19.27838],[-98.22705,19.27851],[-98.22675,19.27874],[-98.22629,19.27885],[-98.22553,19.27887],[-98.22452,19.27857],[-98.22432,19.27864],[-98.22394,19.27925],[-98.22337,19.27936],[-98.22302,19.27931],[-98.22245,19.27903],[-98.22242,19.27865],[-98.22181,19.27827],[-98.22173,19.27774],[-98.22008,19.27713],[-98.21958,19.27719],[-98.22058,19.27572],[-98.22204,19.27571],[-98.22303,19.27555],[-98.225,19.27568],[-98.22535,19.27506],[-98.22578,19.27478],[-98.22597,19.27454],[-98.22624,19.27392],[-98.22658,19.2728],[-98.2263,19.272],[-98.22568,19.27104],[-98.22534,19.27035],[-98.22527,19.26933],[-98.22538,19.26881],[-98.22535,19.26814],[-98.22566,19.26768],[-98.22584,19.26693],[-98.22597,19.26684],[-98.22631,19.26623],[-98.22748,19.26577],[-98.22804,19.26583],[-98.22873,19.26575],[-98.22898,19.26482],[-98.22946,19.26383],[-98.23104,19.26411],[-98.23196,19.26312],[-98.23265,19.26187],[-98.23357,19.26107],[-98.23373,19.26117],[-98.23394,19.26086],[-98.2363,19.26208],[-98.23613,19.26238],[-98.23644,19.2624],[-98.23791,19.26209],[-98.2388,19.26174],[-98.23995,19.26178],[-98.24082,19.26249],[-98.24149,19.26323],[-98.24246,19.26358],[-98.24282,19.26387],[-98.24314,19.26456],[-98.24331,19.26531],[-98.24335,19.26611],[-98.24325,19.26648],[-98.24331,19.26792],[-98.24607,19.26776],[-98.24644,19.26721],[-98.24738,19.26785],[-98.24732,19.26869],[-98.24713,19.26885],[-98.24788,19.26941],[-98.2479,19.2697],[-98.24788,19.27037],[-98.24773,19.27064],[-98.24757,19.2718],[-98.24795,19.27186],[-98.24835,19.27224],[-98.24885,19.27389],[-98.24907,19.2739],[-98.24919,19.27338],[-98.24963,19.27231],[-98.25033,19.27227],[-98.2508,19.27199],[-98.25142,19.27214],[-98.25172,19.27231],[-98.25173,19.27255],[-98.25198,19.27263],[-98.25192,19.2733],[-98.25235,19.27342],[-98.25238,19.27367],[-98.2531,19.27442],[-98.25354,19.27401],[-98.25365,19.27433],[-98.25405,19.27462],[-98.25332,19.27545],[-98.2512,19.27725],[-98.24996,19.27843],[-98.24704,19.28178]]]}},{"type":"Feature","properties":{"seccion":467,"municipio":33,"distrito_local":7,"distrito_federal":2},"geometry":{"type":"Polygon","coordinates":[[[-98.24704,19.28178],[-98.24996,19.27843],[-98.2512,19.27725],[-98.25332,19.27545],[-98.25405,19.27462],[-98.25365,19.27433],[-98.25354,19.27401],[-98.2531,19.27442],[-98.25238,19.27367],[-98.25235,19.27342],[-98.25192,19.2733],[-98.25198,19.27263],[-98.25173,19.27255],[-98.25172,19.27231],[-98.25142,19.27214],[-98.2508,19.27199],[-98.25033,19.27227],[-98.24963,19.27231],[-98.24919,19.27338],[-98.24907,19.2739],[-98.24885,19.27389],[-98.24835,19.27224],[-98.24795,19.27186],[-98.24757,19.2718],[-98.24773,19.27064],[-98.24788,19.27037],[-98.2479,19.2697],[-98.24788,19.26941],[-98.24713,19.26885],[-98.24732,19.26869],[-98.24738,19.26785],[-98.24644,19.26721],[-98.24761,19.26648],[-98.24842,19.26586],[-98.24976,19.26527],[-98.25046,19.26465],[-98.251,19.26375],[-98.25241,19.26196],[-98.25369,19.26105],[-98.25394,19.26159],[-98.25441,19.26196],[-98.25572,19.26236],[-98.25711,19.26301],[-98.25761,19.26375],[-98.25877,19.26428],[-98.25931,19.2658],[-98.25957,19.26685],[-98.25952,19.26758],[-98.26033,19.26823],[-98.26065,19.26915],[-98.26136,19.26958],[-98.26153,19.27],[-98.26138,19.27043],[-98.26283,19.27176],[-98.26305,19.27276],[-98.26293,19.27321],[-98.26317,19.27372],[-98.26364,19.27411],[-98.26381,19.27463],[-98.2641,19.27496],[-98.26533,19.27487],[-98.26659,19.27511],[-98.26708,19.27589],[-98.2681,19.27661],[-98.26819,19.27714],[-98.26784,19.27879],[-98.26789,19.27918],[-98.26902,19.27951],[-98.27017,19.28008],[-98.27081,19.28077],[-98.26082,19.28532],[-98.26082,19.2855],[-98.26092,19.28565],[-98.26115,19.28577],[-98.26147,19.28634],[-98.26163,19.28646],[-98.25927,19.2874],[-98.25691,19.28808],[-98.25615,19.28864],[-98.25494,19.28908],[-98.25384,19.28967],[-98.25215,19.29119],[-98.25057,19.29015],[-98.24963,19.29201],[-98.24957,19.29197],[-98.24985,19.29125],[-98.24985,19.29088],[-98.24973,19.29069],[-98.24905,19.29039],[-98.24883,19.2902],[-98.24835,19.29002],[-98.24802,19.2901],[-98.24768,19.28975],[-98.24747,19.29029],[-98.24736,19.29035],[-98.24678,19.29121],[-98.24507,19.29021],[-98.24547,19.28878],[-98.24624,19.28651],[-98.24488,19.28548],[-98.24437,19.2852],[-98.24438,19.28511],[-98.245,19.28514],[-98.24547,19.28486],[-98.24602,19.28346],[-98.24704,19.28178]]]}},{"type":"Feature","properties":{"seccion":468,"municipio":33,"distrito_local":7,"distrito_federal":2},"geometry":{"type":"Polygon","coordinates":[[[-98.25022,19.29086],[-98.25057,19.29015],[-98.25215,19.29119],[-98.25384,19.28967],[-98.25494,19.28908],[-98.25615,19.28864],[-98.25691,19.28808],[-98.25927,19.2874],[-98.26211,19.28623],[-98.26614,19.28746],[-98.26545,19.28875],[-98.26861,19.28916],[-98.26901,19.28933],[-98.26928,19.28957],[-98.26987,19.29045],[-98.26906,19.29054],[-98.2678,19.29033],[-98.26691,19.2903],[-98.26527,19.2906],[-98.26487,19.29051],[-98.26458,19.29088],[-98.26418,19.29107],[-98.26416,19.29141],[-98.26462,19.29128],[-98.26607,19.29131],[-98.26639,19.29143],[-98.2674,19.29225],[-98.26855,19.29303],[-98.26992,19.29449],[-98.27024,19.29528],[-98.2695,19.29708],[-98.26825,19.29776],[-98.26982,19.29812],[-98.2702,19.29836],[-98.27057,19.2984],[-98.27236,19.29981],[-98.27299,19.29978],[-98.27332,19.29985],[-98.27374,19.29976],[-98.27444,19.2999],[-98.27523,19.30094],[-98.27556,19.30085],[-98.27397,19.30198],[-98.27074,19.30481],[-98.26979,19.3052],[-98.26878,19.30549],[-98.26729,19.30632],[-98.26533,19.30803],[-98.26461,19.30902],[-98.26404,19.30913],[-98.26363,19.30888],[-98.26254,19.30795],[-98.26223,19.3079],[-98.26188,19.30733],[-98.26179,19.30729],[-98.26139,19.30736],[-98.26087,19.30719],[-98.26075,19.307],[-98.26065,19.30638],[-98.25948,19.30575],[-98.2592,19.30518],[-98.25897,19.30519],[-98.25795,19.30459],[-98.25781,19.30429],[-98.25747,19.30398],[-98.25694,19.30305],[-98.25672,19.30281],[-98.25641,19.30202],[-98.25597,19.30121],[-98.25559,19.30089],[-98.25537,19.30059],[-98.25507,19.29978],[-98.25432,19.29896],[-98.25351,19.29789],[-98.25181,19.29543],[-98.25094,19.29372],[-98.25055,19.29317],[-98.25029,19.29261],[-98.25048,19.29209],[-98.25049,19.29127],[-98.25022,19.29086]]]}},{"type":"Feature","properties":{"seccion":469,"municipio":33,"distrito_local":7,"distrito_federal":2},"geometry":{"type":"Polygon","coordinates":[[[-98.26163,19.28646],[-98.26147,19.28634],[-98.26115,19.28577],[-98.26092,19.28565],[-98.26082,19.2855],[-98.26082,19.28532],[-98.27081,19.28077],[-98.27054,19.28042],[-98.27431,19.27826],[-98.27506,19.27939],[-98.27584,19.27986],[-98.27652,19.28002],[-98.27675,19.28019],[-98.27698,19.28054],[-98.27697,19.28151],[-98.27708,19.28175],[-98.27743,19.28201],[-98.27963,19.28223],[-98.28078,19.28251],[-98.29233,19.28822],[-98.29315,19.28769],[-98.29379,19.28867],[-98.29434,19.28923],[-98.29235,19.28988],[-98.28799,19.29305],[-98.28655,19.29372],[-98.28487,19.29498],[-98.28421,19.29528],[-98.28369,19.29571],[-98.28243,19.29651],[-98.27821,19.29887],[-98.27625,19.30016],[-98.27556,19.30085],[-98.27523,19.30094],[-98.27444,19.2999],[-98.27374,19.29976],[-98.27332,19.29985],[-98.27299,19.29978],[-98.27236,19.29981],[-98.27057,19.2984],[-98.2702,19.29836],[-98.26982,19.29812],[-98.26825,19.29776],[-98.2695,19.29708],[-98.27024,19.29528],[-98.26992,19.29449],[-98.26855,19.29303],[-98.2674,19.29225],[-98.26639,19.29143],[-98.26607,19.29131],[-98.26462,19.29128],[-98.26416,19.29141],[-98.26418,19.29107],[-98.26458,19.29088],[-98.26487,19.29051],[-98.26527,19.2906],[-98.26691,19.2903],[-98.2678,19.29033],[-98.26906,19.29054],[-98.26987,19.29045],[-98.26928,19.28957],[-98.26901,19.28933],[-98.26861,19.28916],[-98.26545,19.28875],[-98.26614,19.28746],[-98.26211,19.28623],[-98.26163,19.28646]]]}},{"type":"Feature","properties":{"seccion":508,"municipio":36,"distrito_local":5,"distrito_federal":2},"geometry":{"type":"Polygon","coordinates":[[[-98.25176,19.33187],[-98.252,19.3319],[-98.25223,19.33216],[-98.25271,19.33208],[-98.25308,19.33256],[-98.25328,19.33244],[-98.25341,19.33246],[-98.25322,19.33314],[-98.2536,19.3335],[-98.25357,19.33371],[-98.25375,19.33405],[-98.25534,19.33567],[-98.25556,19.33621],[-98.25562,19.33662],[-98.25577,19.33676],[-98.25623,19.33646],[-98.26687,19.34035],[-98.26654,19.34143],[-98.26629,19.3437],[-98.26517,19.34545],[-98.26483,19.34611],[-98.26437,19.34649],[-98.26269,19.34643],[-98.25972,19.34559],[-98.25861,19.34511],[-98.25784,19.34459],[-98.25719,19.34402],[-98.25666,19.34336],[-98.25544,19.34309],[-98.25439,19.34273],[-98.2541,19.34282],[-98.25352,19.34269],[-98.25287,19.3428],[-98.25251,19.34308],[-98.25208,19.34377],[-98.25173,19.34414],[-98.2515,19.34419],[-98.25066,19.34355],[-98.25044,19.3433],[-98.25063,19.34303],[-98.25127,19.34249],[-98.25131,19.34233],[-98.25119,19.342],[-98.25075,19.34159],[-98.25039,19.34158],[-98.24994,19.34183],[-98.24977,19.34182],[-98.24962,19.34164],[-98.24966,19.3415],[-98.25007,19.34115],[-98.25023,19.34074],[-98.25052,19.34041],[-98.25078,19.34034],[-98.2509,19.34019],[-98.25089,19.34002],[-98.25073,19.33993],[-98.2504,19.33999],[-98.25025,19.33992],[-98.25027,19.33961],[-98.25061,19.33912],[-98.25053,19.33898],[-98.24981,19.33888],[-98.24942,19.33842],[-98.24927,19.33803],[-98.24937,19.33708],[-98.24968,19.33654],[-98.24987,19.33593],[-98.24988,19.33504],[-98.24977,19.3344],[-98.24991,19.33409],[-98.24992,19.33369],[-98.2496,19.33336],[-98.24982,19.33305],[-98.24996,19.33264],[-98.25007,19.33187],[-98.25003,19.33143],[-98.25143,19.33162],[-98.25176,19.33187]]]}},{"type":"Feature","properties":{"seccion":509,"municipio":36,"distrito_local":5,"distrito_federal":2},"geometry":{"type":"Polygon","coordinates":[[[-98.24313,19.35301],[-98.24046,19.33933],[-98.24041,19.33805],[-98.24002,19.33733],[-98.23966,19.33705],[-98.23958,19.33571],[-98.23965,19.33535],[-98.24067,19.33527],[-98.24088,19.33456],[-98.24085,19.33434],[-98.24132,19.33425],[-98.24126,19.33353],[-98.24116,19.33326],[-98.24189,19.33312],[-98.24222,19.33295],[-98.24369,19.3325],[-98.24535,19.33212],[-98.24565,19.3316],[-98.2458,19.33114],[-98.24669,19.33124],[-98.24688,19.33105],[-98.24753,19.33105],[-98.24746,19.33113],[-98.2493,19.33345],[-98.24943,19.33351],[-98.2496,19.33336],[-98.24992,19.33369],[-98.24991,19.33409],[-98.24977,19.3344],[-98.24988,19.33504],[-98.24987,19.33593],[-98.24968,19.33654],[-98.24937,19.33708],[-98.24927,19.33803],[-98.24942,19.33842],[-98.24981,19.33888],[-98.25053,19.33898],[-98.25061,19.33912],[-98.25027,19.33961],[-98.25025,19.33992],[-98.2504,19.33999],[-98.25073,19.33993],[-98.25089,19.34002],[-98.2509,19.34019],[-98.25078,19.34034],[-98.25052,19.34041],[-98.25023,19.34074],[-98.25007,19.34115],[-98.24966,19.3415],[-98.24962,19.34164],[-98.24977,19.34182],[-98.24994,19.34183],[-98.25039,19.34158],[-98.25075,19.34159],[-98.25119,19.342],[-98.25131,19.34233],[-98.25127,19.34249],[-98.25063,19.34303],[-98.25044,19.3433],[-98.25066,19.34355],[-98.25041,19.34385],[-98.25035,19.34406],[-98.25049,19.34519],[-98.25037,19.3456],[-98.25125,19.34688],[-98.25133,19.34718],[-98.25183,19.34746],[-98.25209,19.34742],[-98.25235,19.3475],[-98.25211,19.34841],[-98.25229,19.34865],[-98.25258,19.34881],[-98.25276,19.34902],[-98.2527,19.34923],[-98.24543,19.35159],[-98.24313,19.35301]]]}},{"type":"Feature","properties":{"seccion":510,"municipio":36,"distrito_local":5,"distrito_federal":2},"geometry":{"type":"Polygon","coordinates":[[[-98.23739,19.35747],[-98.23696,19.35725],[-98.2366,19.3567],[-98.23606,19.35576],[-98.23537,19.35416],[-98.23476,19.35316],[-98.23375,19.35189],[-98.23162,19.35016],[-98.23126,19.34948],[-98.23047,19.34879],[-98.22999,19.34798],[-98.22945,19.34681],[-98.22873,19.3433],[-98.2274,19.34149],[-98.22728,19.34082],[-98.22687,19.34055],[-98.22637,19.33942],[-98.22631,19.33868],[-98.22616,19.33827],[-98.22626,19.33779],[-98.22613,19.33765],[-98.2259,19.33761],[-98.22552,19.33779],[-98.2254,19.33776],[-98.22523,19.33706],[-98.22487,19.33692],[-98.22461,19.33655],[-98.22382,19.33648],[-98.2234,19.33628],[-98.22303,19.33622],[-98.2232,19.33563],[-98.22351,19.33553],[-98.22363,19.33535],[-98.22379,19.33446],[-98.22396,19.3342],[-98.2242,19.33433],[-98.22445,19.33398],[-98.22497,19.33414],[-98.22524,19.33438],[-98.22731,19.33413],[-98.22748,19.33361],[-98.22809,19.33393],[-98.22808,19.33423],[-98.22822,19.33448],[-98.229,19.33514],[-98.22919,19.33547],[-98.2298,19.33594],[-98.23036,19.33592],[-98.23077,19.33581],[-98.23129,19.33586],[-98.2325,19.33576],[-98.23275,19.33587],[-98.23526,19.33488],[-98.2375,19.33319],[-98.23992,19.33163],[-98.24016,19.33202],[-98.24005,19.33267],[-98.23955,19.33301],[-98.23958,19.33445],[-98.23968,19.33488],[-98.23958,19.33571],[-98.23966,19.33705],[-98.24002,19.33733],[-98.24041,19.33805],[-98.24046,19.33933],[-98.24354,19.35515],[-98.24291,19.3544],[-98.24215,19.35411],[-98.24151,19.35439],[-98.2405,19.3553],[-98.23892,19.35611],[-98.23757,19.35714],[-98.23739,19.35747]]]}},{"type":"Feature","properties":{"seccion":511,"municipio":36,"distrito_local":5,"distrito_federal":2},"geometry":{"type":"Polygon","coordinates":[[[-98.23077,19.33581],[-98.2298,19.33594],[-98.22919,19.33547],[-98.229,19.33514],[-98.22817,19.33441],[-98.22808,19.33423],[-98.22809,19.33393],[-98.22748,19.33361],[-98.22731,19.33413],[-98.22524,19.33438],[-98.22497,19.33414],[-98.22445,19.33398],[-98.2242,19.33433],[-98.22396,19.3342],[-98.224,19.33375],[-98.22349,19.3331],[-98.22375,19.33275],[-98.22387,19.33232],[-98.22332,19.33178],[-98.22387,19.33118],[-98.22563,19.33164],[-98.22599,19.3302],[-98.22684,19.32996],[-98.22745,19.32961],[-98.22833,19.32879],[-98.22961,19.32951],[-98.23145,19.33025],[-98.2307,19.33244],[-98.23274,19.33427],[-98.23391,19.33545],[-98.23275,19.33587],[-98.2325,19.33576],[-98.23129,19.33586],[-98.23077,19.33581]]]}},{"type":"Feature","properties":{"seccion":512,"municipio":36,"distrito_local":5,"distrito_federal":2},"geometry":{"type":"Polygon","coordinates":[[[-98.23391,19.33545],[-98.23274,19.33427],[-98.2307,19.33244],[-98.23145,19.33025],[-98.23274,19.32909],[-98.23309,19.32888],[-98.23259,19.32827],[-98.23367,19.32771],[-98.23594,19.32791],[-98.23602,19.32798],[-98.23601,19.32817],[-98.23585,19.32851],[-98.23641,19.32876],[-98.23716,19.32747],[-98.23735,19.32768],[-98.23765,19.32779],[-98.2379,19.32781],[-98.23882,19.32762],[-98.23946,19.32775],[-98.23983,19.32789],[-98.24069,19.32847],[-98.2413,19.32837],[-98.24234,19.32778],[-98.24372,19.32807],[-98.24401,19.32853],[-98.23992,19.33163],[-98.2375,19.33319],[-98.23526,19.33488],[-98.23391,19.33545]]]}},{"type":"Feature","properties":{"seccion":514,"municipio":36,"distrito_local":5,"distrito_federal":2},"geometry":{"type":"Polygon","coordinates":[[[-98.23996,19.32124],[-98.24003,19.32115],[-98.24048,19.32118],[-98.24137,19.32148],[-98.24235,19.32219],[-98.24155,19.32334],[-98.24063,19.3228],[-98.24126,19.32391],[-98.24177,19.32458],[-98.24348,19.32606],[-98.24324,19.32632],[-98.24316,19.32666],[-98.24367,19.32804],[-98.24352,19.32807],[-98.24239,19.32779],[-98.24246,19.32742],[-98.24146,19.32605],[-98.23999,19.3249],[-98.23923,19.32441],[-98.23914,19.32451],[-98.23896,19.32441],[-98.23942,19.3235],[-98.23895,19.32324],[-98.23932,19.32272],[-98.23877,19.32231],[-98.23908,19.32166],[-98.23954,19.32116],[-98.23979,19.32098],[-98.23996,19.32124]]]}},{"type":"Feature","properties":{"seccion":515,"municipio":36,"distrito_local":5,"distrito_federal":2},"geometry":{"type":"Polygon","coordinates":[[[-98.25176,19.33187],[-98.25143,19.33162],[-98.25003,19.33143],[-98.25007,19.33187],[-98.24996,19.33264],[-98.24982,19.33305],[-98.24943,19.33351],[-98.2493,19.33345],[-98.24746,19.33113],[-98.24753,19.33105],[-98.24688,19.33105],[-98.24669,19.33124],[-98.2458,19.33114],[-98.24595,19.33075],[-98.24584,19.33068],[-98.24584,19.33049],[-98.24621,19.32974],[-98.2476,19.33026],[-98.24808,19.32914],[-98.2456,19.32834],[-98.24543,19.32812],[-98.24568,19.32808],[-98.24586,19.32768],[-98.24579,19.32731],[-98.24681,19.32686],[-98.24696,19.32662],[-98.24698,19.32542],[-98.24703,19.3253],[-98.24737,19.32515],[-98.2475,19.32437],[-98.2486,19.32442],[-98.24963,19.32414],[-98.24963,19.3244],[-98.25002,19.32492],[-98.2508,19.32532],[-98.25451,19.32376],[-98.25585,19.32484],[-98.25536,19.32533],[-98.254,19.327],[-98.25504,19.32745],[-98.25515,19.32754],[-98.25517,19.32782],[-98.25569,19.32818],[-98.25628,19.32874],[-98.25686,19.32912],[-98.25686,19.32925],[-98.25648,19.32931],[-98.25608,19.32951],[-98.25517,19.33063],[-98.25635,19.33115],[-98.25686,19.33112],[-98.25736,19.33085],[-98.25839,19.33073],[-98.25912,19.3311],[-98.25874,19.33141],[-98.25821,19.3315],[-98.25769,19.33177],[-98.25708,19.33197],[-98.25684,19.33175],[-98.25649,19.33186],[-98.25635,19.33201],[-98.25521,19.33263],[-98.25528,19.33283],[-98.25521,19.3329],[-98.25375,19.33405],[-98.25357,19.33371],[-98.2536,19.3335],[-98.25322,19.33314],[-98.25341,19.33246],[-98.25328,19.33244],[-98.25308,19.33256],[-98.25271,19.33208],[-98.25223,19.33216],[-98.252,19.3319],[-98.25176,19.33187]]]}},{"type":"Feature","properties":{"seccion":516,"municipio":36,"distrito_local":5,"distrito_federal":2},"geometry":{"type":"Polygon","coordinates":[[[-98.27234,19.34182],[-98.2717,19.34161],[-98.27106,19.34095],[-98.27037,19.34058],[-98.2695,19.34025],[-98.26856,19.34033],[-98.26827,19.34021],[-98.26687,19.34035],[-98.25623,19.33646],[-98.25577,19.33676],[-98.25562,19.33662],[-98.25556,19.33621],[-98.25534,19.33567],[-98.25375,19.33405],[-98.25521,19.3329],[-98.25528,19.33283],[-98.25521,19.33263],[-98.25635,19.33201],[-98.25649,19.33186],[-98.25684,19.33175],[-98.25708,19.33197],[-98.25769,19.33177],[-98.25821,19.3315],[-98.25874,19.33141],[-98.25912,19.3311],[-98.25839,19.33073],[-98.25736,19.33085],[-98.25686,19.33112],[-98.25635,19.33115],[-98.25517,19.33063],[-98.25608,19.32951],[-98.25648,19.32931],[-98.25686,19.32925],[-98.25686,19.32912],[-98.25628,19.32874],[-98.25569,19.32818],[-98.25517,19.32782],[-98.25515,19.32754],[-98.25504,19.32745],[-98.254,19.327],[-98.25536,19.32533],[-98.25585,19.32484],[-98.25451,19.32376],[-98.2508,19.32532],[-98.25002,19.32492],[-98.24963,19.3244],[-98.24963,19.32414],[-98.25008,19.32401],[-98.25123,19.32346],[-98.25329,19.32102],[-98.25526,19.3194],[-98.25587,19.31996],[-98.2568,19.32059],[-98.25846,19.32162],[-98.25893,19.32164],[-98.25919,19.32195],[-98.25969,19.32228],[-98.25915,19.32278],[-98.25854,19.32354],[-98.25924,19.32319],[-98.2597,19.32349],[-98.25894,19.32458],[-98.25993,19.32506],[-98.26024,19.32533],[-98.26092,19.32623],[-98.26206,19.32821],[-98.26252,19.32842],[-98.263,19.32948],[-98.26329,19.32957],[-98.26455,19.32921],[-98.26519,19.32853],[-98.26555,19.32726],[-98.26635,19.32681],[-98.26653,19.32681],[-98.26679,19.32655],[-98.26727,19.32653],[-98.26746,19.32627],[-98.27234,19.34182]]]}},{"type":"Feature","properties":{"seccion":517,"municipio":36,"distrito_local":5,"distrito_federal":2},"geometry":{"type":"Polygon","coordinates":[[[-98.27249,19.32203],[-98.2725,19.32265],[-98.26999,19.32246],[-98.26998,19.32236],[-98.26907,19.32231],[-98.26922,19.32246],[-98.26955,19.32313],[-98.2697,19.32361],[-98.2697,19.3239],[-98.26966,19.32432],[-98.26922,19.32458],[-98.26907,19.32507],[-98.26882,19.3254],[-98.26813,19.32595],[-98.26788,19.32596],[-98.26757,19.32613],[-98.26727,19.32653],[-98.26679,19.32655],[-98.26653,19.32681],[-98.26635,19.32681],[-98.26555,19.32726],[-98.26519,19.32853],[-98.26479,19.32902],[-98.26455,19.32921],[-98.26329,19.32957],[-98.263,19.32948],[-98.26252,19.32842],[-98.26206,19.32821],[-98.26092,19.32623],[-98.26024,19.32533],[-98.25993,19.32506],[-98.25894,19.32458],[-98.2597,19.32349],[-98.25924,19.32319],[-98.25854,19.32354],[-98.25915,19.32278],[-98.25987,19.32218],[-98.26035,19.32198],[-98.26071,19.32247],[-98.26296,19.32135],[-98.26451,19.3208],[-98.26903,19.3216],[-98.27249,19.32203]]]}},{"type":"Feature","properties":{"seccion":518,"municipio":36,"distrito_local":5,"distrito_federal":2},"geometry":{"type":"Polygon","coordinates":[[[-98.25771,19.31659],[-98.25893,19.31695],[-98.25986,19.31709],[-98.26145,19.31754],[-98.26337,19.31842],[-98.26351,19.31823],[-98.2675,19.31865],[-98.26974,19.31902],[-98.27214,19.31904],[-98.27213,19.31917],[-98.27247,19.31912],[-98.28967,19.32065],[-98.28963,19.32478],[-98.28139,19.3235],[-98.28108,19.32291],[-98.27653,19.32269],[-98.27573,19.32039],[-98.2754,19.32033],[-98.27541,19.32023],[-98.27238,19.31987],[-98.2724,19.32162],[-98.27249,19.32203],[-98.26903,19.3216],[-98.26451,19.3208],[-98.26296,19.32135],[-98.26071,19.32247],[-98.26035,19.32198],[-98.25969,19.32228],[-98.25919,19.32195],[-98.25893,19.32164],[-98.25846,19.32162],[-98.2568,19.32059],[-98.25587,19.31996],[-98.25526,19.3194],[-98.25624,19.3182],[-98.25746,19.31694],[-98.25771,19.31659]]]}},{"type":"Feature","properties":{"seccion":519,"municipio":36,"distrito_local":5,"distrito_federal":2},"geometry":{"type":"Polygon","coordinates":[[[-98.24586,19.32768],[-98.24568,19.32808],[-98.24543,19.32812],[-98.2456,19.32834],[-98.24808,19.32914],[-98.2476,19.33026],[-98.24621,19.32974],[-98.24584,19.33049],[-98.24584,19.33068],[-98.24595,19.33075],[-98.2457,19.33147],[-98.24535,19.33212],[-98.24369,19.3325],[-98.24222,19.33295],[-98.24189,19.33312],[-98.24116,19.33326],[-98.24126,19.33353],[-98.24132,19.33425],[-98.24085,19.33434],[-98.24088,19.33456],[-98.24067,19.33527],[-98.23965,19.33535],[-98.23968,19.33488],[-98.23958,19.33445],[-98.23952,19.33331],[-98.23955,19.33301],[-98.24005,19.33267],[-98.24016,19.33202],[-98.23992,19.33163],[-98.24401,19.32853],[-98.24367,19.32804],[-98.24324,19.32702],[-98.24316,19.32666],[-98.24324,19.32632],[-98.24348,19.32606],[-98.2456,19.3273],[-98.24579,19.32731],[-98.24586,19.32768]]]}},{"type":"Feature","properties":{"seccion":547,"municipio":40,"distrito_local":5,"distrito_federal":2},"geometry":{"type":"Polygon","coordinates":[[[-98.22795,19.43642],[-98.21761,19.43065],[-98.21604,19.43005],[-98.21554,19.42964],[-98.21473,19.42917],[-98.21445,19.42889],[-98.21403,19.42783],[-98.21361,19.42755],[-98.21257,19.42706],[-98.21161,19.42679],[-98.21087,19.42645],[-98.2101,19.42608],[-98.20949,19.42566],[-98.20928,19.42597],[-98.20878,19.42645],[-98.20882,19.42668],[-98.20909,19.42686],[-98.20921,19.42725],[-98.20925,19.42825],[-98.20884,19.43378],[-98.19744,19.43366],[-98.19703,19.43303],[-98.19588,19.43158],[-98.19601,19.43124],[-98.19605,19.43043],[-98.19621,19.43008],[-98.19648,19.4299],[-98.19845,19.42974],[-98.19986,19.42869],[-98.20078,19.42832],[-98.20161,19.42844],[-98.20278,19.42799],[-98.20328,19.42731],[-98.20351,19.42659],[-98.20378,19.42625],[-98.20419,19.42605],[-98.20511,19.42588],[-98.20558,19.42509],[-98.20582,19.42494],[-98.2071,19.42514],[-98.20753,19.42513],[-98.20792,19.42496],[-98.20798,19.42444],[-98.20817,19.42412],[-98.20889,19.42381],[-98.2094,19.42338],[-98.20948,19.42297],[-98.2097,19.42262],[-98.21,19.42172],[-98.21048,19.42102],[-98.21023,19.42056],[-98.20983,19.42052],[-98.20976,19.4204],[-98.20985,19.41979],[-98.20929,19.4192],[-98.20997,19.41845],[-98.21045,19.4188],[-98.21085,19.41894],[-98.21169,19.41913],[-98.21309,19.41911],[-98.2159,19.42019],[-98.21762,19.42066],[-98.22035,19.42115],[-98.22009,19.42135],[-98.21963,19.42141],[-98.22008,19.42177],[-98.218,19.42353],[-98.21735,19.4242],[-98.22234,19.42699],[-98.22328,19.42726],[-98.22987,19.42968],[-98.2291,19.43033],[-98.22835,19.43075],[-98.22773,19.4309],[-98.22704,19.43174],[-98.22689,19.43206],[-98.22696,19.4326],[-98.22785,19.43341],[-98.22794,19.43382],[-98.22802,19.43584],[-98.22795,19.43642]]]}},{"type":"Feature","properties":{"seccion":548,"municipio":40,"distrito_local":5,"distrito_federal":2},"geometry":{"type":"Polygon","coordinates":[[[-98.20122,19.40239],[-98.20265,19.40097],[-98.20347,19.40249],[-98.20563,19.40706],[-98.20624,19.40771],[-98.20708,19.40905],[-98.20806,19.41108],[-98.20723,19.41186],[-98.20777,19.41251],[-98.20848,19.41371],[-98.20906,19.41609],[-98.20988,19.41612],[-98.21147,19.41638],[-98.21175,19.41637],[-98.21189,19.41645],[-98.20929,19.4192],[-98.20985,19.41979],[-98.20976,19.4204],[-98.20983,19.42052],[-98.21023,19.42056],[-98.21048,19.42102],[-98.21,19.42172],[-98.2097,19.42262],[-98.20948,19.42297],[-98.2094,19.42338],[-98.20889,19.42381],[-98.20817,19.42412],[-98.20798,19.42444],[-98.20792,19.42496],[-98.20753,19.42513],[-98.2071,19.42514],[-98.20582,19.42494],[-98.20558,19.42509],[-98.20511,19.42588],[-98.20419,19.42605],[-98.20378,19.42625],[-98.20351,19.42659],[-98.20328,19.42731],[-98.20278,19.42799],[-98.20161,19.42844],[-98.20078,19.42832],[-98.19986,19.42869],[-98.19845,19.42974],[-98.19648,19.4299],[-98.19621,19.43008],[-98.19605,19.43043],[-98.19601,19.43124],[-98.19588,19.43158],[-98.19551,19.43166],[-98.19418,19.43166],[-98.19343,19.43149],[-98.19229,19.43073],[-98.18969,19.43067],[-98.18938,19.42985],[-98.18906,19.42788],[-98.19021,19.42802],[-98.19061,19.42624],[-98.19087,19.426],[-98.1909,19.42581],[-98.19226,19.42368],[-98.19258,19.42339],[-98.19142,19.42251],[-98.19127,19.42118],[-98.191,19.42114],[-98.191,19.41968],[-98.1902,19.41966],[-98.1902,19.41973],[-98.18985,19.41975],[-98.18996,19.41906],[-98.1899,19.41853],[-98.19006,19.41812],[-98.19001,19.41763],[-98.19007,19.41734],[-98.19049,19.41696],[-98.19041,19.41624],[-98.19095,19.4158],[-98.19172,19.41589],[-98.19226,19.41583],[-98.19313,19.41485],[-98.19383,19.41542],[-98.19493,19.41438],[-98.19557,19.41432],[-98.19791,19.41059],[-98.1984,19.41013],[-98.19839,19.40994],[-98.19883,19.40944],[-98.19899,19.40877],[-98.1995,19.40746],[-98.19953,19.40707],[-98.19985,19.40663],[-98.20122,19.40239]]]}},{"type":"Feature","properties":{"seccion":549,"municipio":40,"distrito_local":5,"distrito_federal":2},"geometry":{"type":"Polygon","coordinates":[[[-98.23913,19.40748],[-98.23279,19.41126],[-98.23272,19.41139],[-98.23332,19.41269],[-98.23255,19.41446],[-98.23249,19.4148],[-98.23222,19.41514],[-98.23215,19.41532],[-98.23221,19.41558],[-98.22787,19.421],[-98.226,19.4283],[-98.22328,19.42726],[-98.22234,19.42699],[-98.21735,19.4242],[-98.218,19.42353],[-98.22008,19.42177],[-98.21963,19.42141],[-98.22009,19.42135],[-98.22035,19.42115],[-98.21762,19.42066],[-98.2159,19.42019],[-98.21415,19.41951],[-98.22003,19.41456],[-98.2195,19.41439],[-98.21916,19.4128],[-98.21901,19.41279],[-98.2186,19.41301],[-98.21799,19.41232],[-98.21725,19.41173],[-98.21785,19.41137],[-98.2181,19.41106],[-98.21908,19.41027],[-98.22037,19.40904],[-98.22086,19.4088],[-98.221,19.4085],[-98.22209,19.40733],[-98.22264,19.40688],[-98.22271,19.40639],[-98.22255,19.406],[-98.22291,19.40222],[-98.22272,19.40192],[-98.22251,19.40098],[-98.22323,19.39955],[-98.22315,19.39947],[-98.2234,19.39905],[-98.22391,19.3985],[-98.22441,19.39775],[-98.22679,19.39897],[-98.22693,19.39869],[-98.22731,19.39842],[-98.22711,19.398],[-98.22743,19.39735],[-98.22728,19.39707],[-98.22723,19.39659],[-98.22742,19.39594],[-98.22775,19.39558],[-98.22819,19.39533],[-98.22855,19.39524],[-98.22999,19.39541],[-98.22978,19.39889],[-98.23076,19.39943],[-98.23095,19.39929],[-98.23124,19.3988],[-98.23143,19.39866],[-98.23192,19.39783],[-98.23296,19.39677],[-98.23422,19.39509],[-98.23572,19.39609],[-98.23593,19.39658],[-98.23625,19.39688],[-98.23661,19.3965],[-98.237,19.39634],[-98.23755,19.39626],[-98.23752,19.39676],[-98.23836,19.39791],[-98.23815,19.39829],[-98.23845,19.39959],[-98.23899,19.39954],[-98.23973,19.402],[-98.24173,19.40664],[-98.23913,19.40748]]]}},{"type":"Feature","properties":{"seccion":579,"municipio":43,"distrito_local":2,"distrito_federal":2},"geometry":{"type":"Polygon","coordinates":[[[-98.20265,19.40097],[-98.20122,19.40239],[-98.19985,19.40663],[-98.19953,19.40707],[-98.1995,19.40746],[-98.19899,19.40877],[-98.19883,19.40944],[-98.19839,19.40994],[-98.1984,19.41013],[-98.19791,19.41059],[-98.1956,19.40902],[-98.18744,19.40162],[-98.19088,19.3987],[-98.18699,19.39577],[-98.18681,19.39559],[-98.18664,19.39509],[-98.18626,19.39446],[-98.1851,19.39309],[-98.18471,19.39283],[-98.18569,19.39186],[-98.18624,19.3911],[-98.18713,19.3895],[-98.18534,19.38905],[-98.1849,19.38909],[-98.18486,19.38894],[-98.18642,19.38834],[-98.18709,19.38782],[-98.18787,19.38741],[-98.18857,19.38728],[-98.18873,19.38674],[-98.18895,19.38645],[-98.19014,19.38749],[-98.19144,19.38789],[-98.19217,19.38798],[-98.19268,19.3882],[-98.19244,19.38921],[-98.19244,19.39012],[-98.19257,19.39126],[-98.19307,19.39244],[-98.19436,19.39271],[-98.19482,19.39184],[-98.19514,19.3921],[-98.19601,19.39333],[-98.19683,19.39429],[-98.19803,19.39539],[-98.20128,19.39723],[-98.20133,19.39767],[-98.20192,19.39951],[-98.20233,19.39981],[-98.20265,19.40097]]]}},{"type":"Feature","properties":{"seccion":550,"municipio":40,"distrito_local":5,"distrito_federal":2},"geometry":{"type":"Polygon","coordinates":[[[-98.19268,19.3882],[-98.19217,19.38798],[-98.19144,19.38789],[-98.19037,19.38757],[-98.19085,19.38713],[-98.1909,19.38672],[-98.1914,19.38598],[-98.19173,19.38625],[-98.19311,19.38676],[-98.19347,19.38666],[-98.19524,19.38467],[-98.19263,19.3825],[-98.19247,19.38249],[-98.19046,19.38071],[-98.19128,19.37981],[-98.19198,19.37945],[-98.19254,19.37955],[-98.19298,19.37998],[-98.19332,19.37982],[-98.19321,19.37943],[-98.19477,19.37905],[-98.19539,19.37856],[-98.19578,19.37769],[-98.19679,19.37618],[-98.19708,19.37531],[-98.19639,19.37414],[-98.19443,19.36973],[-98.19338,19.36758],[-98.19435,19.3649],[-98.2001,19.36743],[-98.2033,19.37127],[-98.20702,19.37444],[-98.21145,19.3759],[-98.21222,19.37518],[-98.21858,19.37721],[-98.2189,19.37671],[-98.21933,19.37626],[-98.21867,19.37724],[-98.22208,19.37831],[-98.22532,19.37954],[-98.22887,19.37601],[-98.21905,19.37076],[-98.21882,19.37055],[-98.21875,19.36981],[-98.21911,19.36929],[-98.23435,19.37588],[-98.23166,19.37704],[-98.2319,19.37754],[-98.23267,19.37849],[-98.23184,19.38],[-98.23051,19.38407],[-98.22998,19.3846],[-98.22904,19.38513],[-98.22851,19.38513],[-98.22775,19.38525],[-98.22665,19.38495],[-98.22356,19.38356],[-98.22281,19.38281],[-98.222,19.38218],[-98.22154,19.38206],[-98.22007,19.38246],[-98.21972,19.38275],[-98.22064,19.38367],[-98.2225,19.38484],[-98.2236,19.3858],[-98.22401,19.38605],[-98.2254,19.3868],[-98.22605,19.38656],[-98.22793,19.38864],[-98.22856,19.38915],[-98.22876,19.38954],[-98.22986,19.39061],[-98.23133,19.39259],[-98.23158,19.39325],[-98.23231,19.39393],[-98.23422,19.39509],[-98.23296,19.39677],[-98.23192,19.39783],[-98.23143,19.39866],[-98.23124,19.3988],[-98.23095,19.39929],[-98.23076,19.39943],[-98.22978,19.39889],[-98.22999,19.39541],[-98.22855,19.39524],[-98.22819,19.39533],[-98.22775,19.39558],[-98.22742,19.39594],[-98.22723,19.39659],[-98.22728,19.39707],[-98.22743,19.39735],[-98.22711,19.398],[-98.22731,19.39842],[-98.22693,19.39869],[-98.22679,19.39897],[-98.22441,19.39775],[-98.22391,19.3985],[-98.2234,19.39905],[-98.22315,19.39947],[-98.22323,19.39955],[-98.22251,19.40098],[-98.22272,19.40192],[-98.22291,19.40222],[-98.22255,19.406],[-98.22271,19.40639],[-98.22264,19.40688],[-98.22209,19.40733],[-98.221,19.4085],[-98.22086,19.4088],[-98.22037,19.40904],[-98.21908,19.41027],[-98.2181,19.41106],[-98.21785,19.41137],[-98.21725,19.41173],[-98.21799,19.41232],[-98.2186,19.41301],[-98.21901,19.41279],[-98.21916,19.4128],[-98.2195,19.41439],[-98.22003,19.41456],[-98.21415,19.41951],[-98.21309,19.41911],[-98.21169,19.41913],[-98.21085,19.41894],[-98.21045,19.4188],[-98.20997,19.41845],[-98.21189,19.41645],[-98.21175,19.41637],[-98.21147,19.41638],[-98.20988,19.41612],[-98.20906,19.41609],[-98.20848,19.41371],[-98.20777,19.41251],[-98.20723,19.41186],[-98.20806,19.41108],[-98.20708,19.40905],[-98.20624,19.40771],[-98.20563,19.40706],[-98.20347,19.40249],[-98.20265,19.40097],[-98.20233,19.39981],[-98.20192,19.39951],[-98.20133,19.39767],[-98.20128,19.39723],[-98.19803,19.39539],[-98.19683,19.39429],[-98.19601,19.39333],[-98.19514,19.3921],[-98.19482,19.39184],[-98.19436,19.39271],[-98.19307,19.39244],[-98.19257,19.39126],[-98.19244,19.39012],[-98.19244,19.38921],[-98.19268,19.3882]]]}},{"type":"Feature","properties":{"seccion":580,"municipio":43,"distrito_local":2,"distrito_federal":2},"geometry":{"type":"Polygon","coordinates":[[[-98.1605,19.42704],[-98.16161,19.42736],[-98.16199,19.42631],[-98.16217,19.42647],[-98.16416,19.42491],[-98.16439,19.42509],[-98.16442,19.42639],[-98.16546,19.42757],[-98.1655,19.4277],[-98.16555,19.42998],[-98.16567,19.43034],[-98.16556,19.43067],[-98.16551,19.43158],[-98.16572,19.43201],[-98.16511,19.43282],[-98.16297,19.43522],[-98.16258,19.43594],[-98.16229,19.43696],[-98.16168,19.4381],[-98.16038,19.43993],[-98.15898,19.44221],[-98.15878,19.44244],[-98.15845,19.44265],[-98.15834,19.44283],[-98.15804,19.44301],[-98.15847,19.44324],[-98.15667,19.44338],[-98.15639,19.44325],[-98.15606,19.4426],[-98.15587,19.44239],[-98.15436,19.44133],[-98.15203,19.43846],[-98.15173,19.43749],[-98.15142,19.43743],[-98.15116,19.43724],[-98.15115,19.43666],[-98.15155,19.43668],[-98.15195,19.43682],[-98.15261,19.43686],[-98.15457,19.43585],[-98.15364,19.43513],[-98.15321,19.43471],[-98.15168,19.43294],[-98.15436,19.43271],[-98.15596,19.43214],[-98.15614,19.432],[-98.1577,19.42978],[-98.15831,19.42948],[-98.15896,19.42867],[-98.15927,19.42855],[-98.16012,19.42759],[-98.1605,19.42704]]]}},{"type":"Feature","properties":{"seccion":551,"municipio":57,"distrito_local":6,"distrito_federal":2},"geometry":{"type":"Polygon","coordinates":[[[-98.28593,19.49998],[-98.28441,19.50034],[-98.28323,19.50087],[-98.28159,19.50111],[-98.28089,19.50106],[-98.27792,19.50009],[-98.27681,19.49996],[-98.27447,19.50052],[-98.27329,19.50143],[-98.2727,19.502],[-98.27194,19.50245],[-98.27058,19.50315],[-98.26859,19.5038],[-98.26637,19.50353],[-98.26585,19.50341],[-98.26515,19.50311],[-98.26381,19.50285],[-98.26217,19.50313],[-98.26147,19.50317],[-98.25913,19.50299],[-98.25872,19.50278],[-98.25644,19.50276],[-98.25521,19.50321],[-98.25398,19.50378],[-98.25269,19.50423],[-98.25064,19.5045],[-98.25023,19.50446],[-98.24772,19.50473],[-98.24713,19.50518],[-98.24695,19.50576],[-98.24717,19.50634],[-98.24693,19.507],[-98.24647,19.50696],[-98.24623,19.50671],[-98.24548,19.50641],[-98.24478,19.50653],[-98.24157,19.5058],[-98.24035,19.50443],[-98.23464,19.49917],[-98.24744,19.49065],[-98.24878,19.48983],[-98.24942,19.48965],[-98.25167,19.48931],[-98.25274,19.48871],[-98.25362,19.48861],[-98.25412,19.48842],[-98.25473,19.48793],[-98.25494,19.48766],[-98.25506,19.4871],[-98.25638,19.48418],[-98.25625,19.47995],[-98.25512,19.4775],[-98.25499,19.47637],[-98.25485,19.4761],[-98.25407,19.47661],[-98.25339,19.47682],[-98.25215,19.47757],[-98.25151,19.47823],[-98.25096,19.47855],[-98.2503,19.47869],[-98.24851,19.47962],[-98.24754,19.47976],[-98.24686,19.47902],[-98.24599,19.47789],[-98.24525,19.47717],[-98.24351,19.47577],[-98.24285,19.47499],[-98.23779,19.46599],[-98.23459,19.46516],[-98.23491,19.46506],[-98.23712,19.4649],[-98.24017,19.46436],[-98.24861,19.46325],[-98.24868,19.46173],[-98.25063,19.45466],[-98.25215,19.45625],[-98.25846,19.4728],[-98.26091,19.47809],[-98.27014,19.47932],[-98.28041,19.48097],[-98.28175,19.48111],[-98.28288,19.48153],[-98.28415,19.48356],[-98.28605,19.48467],[-98.28685,19.48527],[-98.28747,19.48602],[-98.2874,19.48698],[-98.28709,19.48809],[-98.28701,19.489],[-98.28664,19.49045],[-98.28618,19.49321],[-98.28581,19.49437],[-98.28542,19.49635],[-98.28584,19.49885],[-98.28593,19.49998]]]}},{"type":"Feature","properties":{"seccion":552,"municipio":57,"distrito_local":6,"distrito_federal":2},"geometry":{"type":"Polygon","coordinates":[[[-98.24147,19.48018],[-98.24231,19.47861],[-98.24271,19.47836],[-98.24441,19.4765],[-98.24599,19.47789],[-98.24686,19.47902],[-98.24754,19.47976],[-98.24851,19.47962],[-98.2503,19.47869],[-98.25096,19.47855],[-98.25151,19.47823],[-98.25215,19.47757],[-98.25339,19.47682],[-98.25407,19.47661],[-98.25485,19.4761],[-98.25499,19.47637],[-98.25512,19.4775],[-98.25625,19.47995],[-98.25638,19.48418],[-98.25506,19.4871],[-98.25494,19.48766],[-98.25473,19.48793],[-98.25412,19.48842],[-98.25362,19.48861],[-98.25274,19.48871],[-98.25167,19.48931],[-98.24942,19.48965],[-98.24878,19.48983],[-98.24744,19.49065],[-98.23464,19.49917],[-98.23046,19.49533],[-98.22472,19.49027],[-98.22432,19.48971],[-98.2259,19.48934],[-98.22822,19.48909],[-98.23017,19.48828],[-98.23185,19.48747],[-98.23595,19.48636],[-98.23845,19.48301],[-98.23936,19.48428],[-98.24074,19.48075],[-98.24118,19.47998],[-98.24147,19.48018]]]}},{"type":"Feature","properties":{"seccion":553,"municipio":40,"distrito_local":5,"distrito_federal":2},"geometry":{"type":"Polygon","coordinates":[[[-98.24231,19.47861],[-98.24147,19.48018],[-98.24118,19.47998],[-98.24074,19.48075],[-98.23936,19.48428],[-98.23845,19.48301],[-98.23595,19.48636],[-98.23185,19.48747],[-98.23017,19.48828],[-98.22822,19.48909],[-98.2259,19.48934],[-98.22432,19.48971],[-98.22277,19.48744],[-98.22254,19.48661],[-98.22202,19.48586],[-98.22127,19.48511],[-98.22,19.4841],[-98.2189,19.48273],[-98.21856,19.48219],[-98.21827,19.48144],[-98.2184,19.48074],[-98.21858,19.48024],[-98.21911,19.47938],[-98.21976,19.47872],[-98.22035,19.47835],[-98.22223,19.47745],[-98.22305,19.4775],[-98.22416,19.47734],[-98.22451,19.47701],[-98.22487,19.47651],[-98.22511,19.47531],[-98.22553,19.47511],[-98.22663,19.47528],[-98.22705,19.475],[-98.22741,19.47409],[-98.22747,19.47368],[-98.22742,19.47318],[-98.2279,19.4714],[-98.2295,19.46959],[-98.23015,19.46897],[-98.23073,19.46872],[-98.23127,19.46815],[-98.23127,19.46765],[-98.23174,19.46753],[-98.23343,19.46825],[-98.2336,19.46808],[-98.23373,19.46746],[-98.23327,19.46696],[-98.23315,19.46646],[-98.23363,19.46568],[-98.23422,19.46502],[-98.23779,19.46599],[-98.24285,19.47499],[-98.24351,19.47577],[-98.24441,19.4765],[-98.24271,19.47836],[-98.24231,19.47861]]]}},{"type":"Feature","properties":{"seccion":584,"municipio":43,"distrito_local":2,"distrito_federal":2},"geometry":{"type":"Polygon","coordinates":[[[-98.16864,19.40138],[-98.16864,19.40158],[-98.16912,19.40219],[-98.16989,19.40285],[-98.16881,19.40413],[-98.16747,19.40426],[-98.16708,19.40422],[-98.16627,19.404],[-98.16538,19.40363],[-98.16477,19.40354],[-98.16354,19.40467],[-98.1629,19.40537],[-98.16239,19.40535],[-98.16216,19.40524],[-98.16115,19.40423],[-98.1587,19.40335],[-98.15755,19.40261],[-98.15512,19.4015],[-98.15713,19.39786],[-98.1585,19.39709],[-98.15888,19.39679],[-98.15993,19.39567],[-98.16047,19.39489],[-98.16072,19.39402],[-98.16038,19.39276],[-98.16179,19.39104],[-98.16264,19.39096],[-98.16627,19.39118],[-98.16745,19.39136],[-98.16641,19.39202],[-98.16595,19.39308],[-98.16589,19.39407],[-98.16616,19.3944],[-98.16614,19.39482],[-98.1663,19.39527],[-98.16551,19.39494],[-98.16526,19.39466],[-98.16464,19.39565],[-98.1648,19.39629],[-98.16468,19.39654],[-98.16441,19.39671],[-98.1639,19.39664],[-98.16355,19.3968],[-98.1636,19.39762],[-98.16378,19.3981],[-98.16394,19.39829],[-98.16473,19.39866],[-98.16537,19.39881],[-98.16631,19.39872],[-98.16654,19.3997],[-98.16676,19.39994],[-98.16722,19.39991],[-98.16798,19.40014],[-98.16864,19.40138]]]}},{"type":"Feature","properties":{"seccion":554,"municipio":40,"distrito_local":5,"distrito_federal":2},"geometry":{"type":"Polygon","coordinates":[[[-98.28785,19.46265],[-98.28642,19.46499],[-98.28539,19.46696],[-98.28403,19.46839],[-98.28272,19.47006],[-98.28213,19.47055],[-98.28154,19.4712],[-98.28111,19.47232],[-98.28136,19.47448],[-98.28129,19.47506],[-98.28092,19.47638],[-98.28079,19.4772],[-98.28106,19.47791],[-98.28122,19.4787],[-98.28223,19.48059],[-98.28288,19.48153],[-98.28175,19.48111],[-98.28041,19.48097],[-98.27014,19.47932],[-98.26091,19.47809],[-98.25846,19.4728],[-98.25215,19.45625],[-98.25063,19.45466],[-98.25625,19.43223],[-98.25144,19.43251],[-98.24209,19.43348],[-98.23888,19.43315],[-98.23469,19.43146],[-98.23341,19.43104],[-98.23154,19.43065],[-98.23021,19.42994],[-98.22987,19.42968],[-98.226,19.4283],[-98.22787,19.421],[-98.23221,19.41558],[-98.23215,19.41532],[-98.23222,19.41514],[-98.23249,19.4148],[-98.23255,19.41446],[-98.23332,19.41269],[-98.23272,19.41139],[-98.23279,19.41126],[-98.23913,19.40748],[-98.24173,19.40664],[-98.23973,19.402],[-98.23899,19.39954],[-98.23845,19.39959],[-98.23835,19.39934],[-98.23815,19.39829],[-98.23836,19.39791],[-98.23827,19.39776],[-98.24146,19.39778],[-98.24304,19.39795],[-98.2445,19.39788],[-98.24561,19.3981],[-98.24648,19.39806],[-98.2476,19.39774],[-98.24848,19.39712],[-98.2499,19.3956],[-98.25184,19.39416],[-98.25255,19.39342],[-98.25427,19.39103],[-98.25447,19.38919],[-98.25685,19.39034],[-98.25807,19.39084],[-98.25906,19.39179],[-98.25941,19.39278],[-98.2593,19.39315],[-98.25941,19.3941],[-98.25999,19.39464],[-98.26075,19.39505],[-98.26186,19.39592],[-98.26267,19.39674],[-98.26372,19.39732],[-98.26465,19.39811],[-98.26593,19.39939],[-98.26721,19.40183],[-98.26797,19.40282],[-98.26884,19.40377],[-98.26924,19.40439],[-98.26989,19.40468],[-98.27041,19.40464],[-98.27134,19.40666],[-98.27198,19.40736],[-98.27274,19.40773],[-98.27367,19.40856],[-98.27442,19.40873],[-98.27483,19.40873],[-98.2753,19.40897],[-98.27559,19.40901],[-98.27623,19.40967],[-98.27681,19.41005],[-98.2771,19.41042],[-98.2782,19.41108],[-98.27925,19.41079],[-98.27966,19.41054],[-98.27977,19.40955],[-98.28012,19.40822],[-98.28006,19.40661],[-98.28014,19.40573],[-98.28059,19.40631],[-98.28116,19.40655],[-98.2845,19.40576],[-98.28491,19.40606],[-98.28748,19.40937],[-98.29593,19.41652],[-98.29958,19.41914],[-98.2975,19.41887],[-98.29659,19.42097],[-98.29542,19.4367],[-98.2944,19.43876],[-98.29372,19.44065],[-98.2934,19.44239],[-98.29146,19.45003],[-98.29062,19.45424],[-98.28983,19.4563],[-98.28975,19.45771],[-98.28949,19.45899],[-98.28906,19.46022],[-98.2884,19.46117],[-98.28785,19.46265]]]}},{"type":"Feature","properties":{"seccion":555,"municipio":40,"distrito_local":5,"distrito_federal":2},"geometry":{"type":"Polygon","coordinates":[[[-98.22562,19.43836],[-98.22795,19.43642],[-98.22802,19.43584],[-98.22794,19.43382],[-98.22785,19.43341],[-98.22696,19.4326],[-98.22689,19.43206],[-98.22704,19.43174],[-98.22773,19.4309],[-98.22835,19.43075],[-98.2291,19.43033],[-98.22987,19.42968],[-98.23021,19.42994],[-98.23154,19.43065],[-98.23341,19.43104],[-98.23469,19.43146],[-98.23888,19.43315],[-98.24209,19.43348],[-98.25144,19.43251],[-98.25625,19.43223],[-98.25063,19.45466],[-98.24868,19.46173],[-98.24861,19.46325],[-98.24017,19.46436],[-98.23712,19.4649],[-98.23491,19.46506],[-98.23459,19.46516],[-98.23422,19.46502],[-98.23262,19.46526],[-98.22786,19.46411],[-98.2261,19.46242],[-98.22567,19.46],[-98.22454,19.45862],[-98.22174,19.45765],[-98.21872,19.4571],[-98.21751,19.45386],[-98.21541,19.44762],[-98.21864,19.44854],[-98.21854,19.44535],[-98.21965,19.44465],[-98.22071,19.44387],[-98.22219,19.44243],[-98.22248,19.44235],[-98.22366,19.44108],[-98.22449,19.44042],[-98.22591,19.43968],[-98.22607,19.43952],[-98.22579,19.43902],[-98.22562,19.43836]]]}},{"type":"Feature","properties":{"seccion":556,"municipio":40,"distrito_local":5,"distrito_federal":2},"geometry":{"type":"Polygon","coordinates":[[[-98.22792,19.4364],[-98.22562,19.43836],[-98.22579,19.43902],[-98.22607,19.43952],[-98.22591,19.43968],[-98.22449,19.44042],[-98.22366,19.44108],[-98.22248,19.44235],[-98.22219,19.44243],[-98.22071,19.44387],[-98.21965,19.44465],[-98.21854,19.44535],[-98.21864,19.44854],[-98.21465,19.44744],[-98.2119,19.44257],[-98.21127,19.44198],[-98.21139,19.44174],[-98.21227,19.44145],[-98.21233,19.441],[-98.21164,19.43996],[-98.21159,19.43942],[-98.21165,19.43888],[-98.21206,19.43855],[-98.21224,19.4381],[-98.21162,19.43652],[-98.21145,19.43577],[-98.2114,19.43498],[-98.21152,19.43436],[-98.21182,19.43382],[-98.21244,19.43325],[-98.21241,19.43258],[-98.21196,19.43236],[-98.21142,19.4318],[-98.21112,19.4308],[-98.21118,19.43022],[-98.21179,19.42928],[-98.21258,19.42841],[-98.21288,19.42765],[-98.21288,19.42724],[-98.21361,19.42755],[-98.21403,19.42783],[-98.21445,19.42889],[-98.21473,19.42917],[-98.21554,19.42964],[-98.21604,19.43005],[-98.21761,19.43065],[-98.22792,19.4364]]]}},{"type":"Feature","properties":{"seccion":309,"municipio":22,"distrito_local":12,"distrito_federal":3},"geometry":{"type":"Polygon","coordinates":[[[-98.19659,19.22862],[-98.19609,19.22615],[-98.19589,19.22403],[-98.19613,19.22083],[-98.19731,19.22107],[-98.19831,19.22141],[-98.19924,19.22155],[-98.20038,19.22193],[-98.20062,19.22188],[-98.20103,19.22217],[-98.2017,19.22243],[-98.20259,19.22266],[-98.20276,19.22244],[-98.21287,19.21777],[-98.21154,19.22538],[-98.21104,19.22725],[-98.21043,19.22734],[-98.20944,19.22727],[-98.20719,19.22671],[-98.20609,19.22668],[-98.20546,19.22692],[-98.20479,19.22701],[-98.20307,19.22743],[-98.20105,19.22756],[-98.20006,19.22778],[-98.19901,19.22828],[-98.19738,19.22858],[-98.19698,19.22854],[-98.19659,19.22862]]]}},{"type":"Feature","properties":{"seccion":557,"municipio":40,"distrito_local":5,"distrito_federal":2},"geometry":{"type":"Polygon","coordinates":[[[-98.25427,19.39103],[-98.25255,19.39342],[-98.25184,19.39416],[-98.2499,19.3956],[-98.24848,19.39712],[-98.2476,19.39774],[-98.24648,19.39806],[-98.24561,19.3981],[-98.2445,19.39788],[-98.24304,19.39795],[-98.24146,19.39778],[-98.23827,19.39776],[-98.23752,19.39676],[-98.23755,19.39626],[-98.237,19.39634],[-98.23661,19.3965],[-98.23625,19.39688],[-98.23593,19.39658],[-98.23572,19.39609],[-98.23527,19.39584],[-98.23489,19.39549],[-98.23231,19.39393],[-98.23158,19.39325],[-98.23133,19.39259],[-98.22986,19.39061],[-98.22876,19.38954],[-98.22856,19.38915],[-98.22793,19.38864],[-98.22605,19.38656],[-98.2254,19.3868],[-98.22401,19.38605],[-98.2236,19.3858],[-98.2225,19.38484],[-98.22064,19.38367],[-98.21972,19.38275],[-98.22007,19.38246],[-98.22154,19.38206],[-98.222,19.38218],[-98.22281,19.38281],[-98.22356,19.38356],[-98.22665,19.38495],[-98.22775,19.38525],[-98.22851,19.38513],[-98.22904,19.38513],[-98.22998,19.3846],[-98.23051,19.38407],[-98.23184,19.38],[-98.23267,19.37849],[-98.2319,19.37754],[-98.23166,19.37704],[-98.23435,19.37588],[-98.2271,19.37275],[-98.22994,19.37176],[-98.22965,19.37117],[-98.22978,19.37022],[-98.2381,19.36709],[-98.23788,19.36609],[-98.23748,19.36501],[-98.23743,19.36439],[-98.23687,19.36227],[-98.23688,19.36124],[-98.23677,19.36049],[-98.23684,19.3597],[-98.23721,19.35801],[-98.23757,19.35714],[-98.23892,19.35611],[-98.2405,19.3553],[-98.24151,19.35439],[-98.24215,19.35411],[-98.24291,19.3544],[-98.24354,19.35515],[-98.2436,19.35544],[-98.24383,19.35582],[-98.24451,19.35653],[-98.24587,19.35729],[-98.2471,19.35818],[-98.24839,19.35803],[-98.2493,19.35829],[-98.25078,19.3578],[-98.25176,19.35693],[-98.25236,19.35689],[-98.253,19.35739],[-98.25346,19.35797],[-98.25509,19.35854],[-98.25492,19.35883],[-98.25497,19.35945],[-98.25526,19.35986],[-98.25526,19.3602],[-98.25474,19.36024],[-98.25492,19.36069],[-98.25474,19.36102],[-98.25468,19.3614],[-98.25486,19.36235],[-98.25486,19.36276],[-98.25474,19.36309],[-98.25492,19.36396],[-98.2548,19.36441],[-98.2548,19.36499],[-98.25469,19.36532],[-98.25486,19.3657],[-98.25521,19.36611],[-98.25492,19.36657],[-98.25498,19.36743],[-98.253,19.36967],[-98.25213,19.37108],[-98.25207,19.3719],[-98.25161,19.37269],[-98.25132,19.37389],[-98.25068,19.37439],[-98.25074,19.37488],[-98.2494,19.37649],[-98.24917,19.37786],[-98.249,19.3784],[-98.24859,19.37877],[-98.24888,19.37956],[-98.2494,19.37997],[-98.24975,19.38009],[-98.24952,19.38175],[-98.24975,19.38204],[-98.24993,19.38253],[-98.25039,19.38427],[-98.25098,19.38452],[-98.25133,19.38526],[-98.25162,19.38551],[-98.25185,19.38567],[-98.25278,19.38596],[-98.25336,19.38646],[-98.25348,19.38741],[-98.25383,19.38836],[-98.25447,19.38919],[-98.25427,19.39103]]]}},{"type":"Feature","properties":{"seccion":575,"municipio":43,"distrito_local":2,"distrito_federal":2},"geometry":{"type":"Polygon","coordinates":[[[-98.18906,19.42788],[-98.18938,19.42985],[-98.18969,19.43067],[-98.18886,19.43158],[-98.18834,19.43179],[-98.18762,19.43172],[-98.18633,19.43107],[-98.18469,19.43095],[-98.18416,19.43107],[-98.18332,19.43163],[-98.18259,19.43182],[-98.1819,19.43213],[-98.17969,19.43234],[-98.17908,19.43256],[-98.17821,19.43265],[-98.17805,19.43245],[-98.17819,19.43221],[-98.17835,19.43153],[-98.17824,19.43059],[-98.17795,19.42972],[-98.17722,19.42929],[-98.17677,19.42888],[-98.17624,19.42817],[-98.17599,19.42742],[-98.17604,19.42659],[-98.17491,19.42287],[-98.17474,19.42131],[-98.1749,19.41941],[-98.17452,19.41824],[-98.17451,19.41773],[-98.17441,19.41759],[-98.17447,19.41732],[-98.17492,19.41729],[-98.17506,19.41719],[-98.17498,19.41695],[-98.17582,19.41586],[-98.1776,19.41369],[-98.17779,19.41368],[-98.17875,19.41198],[-98.17941,19.41061],[-98.18202,19.40655],[-98.18296,19.40562],[-98.18744,19.40162],[-98.1956,19.40902],[-98.19791,19.41059],[-98.19557,19.41432],[-98.19493,19.41438],[-98.19383,19.41542],[-98.19313,19.41485],[-98.19226,19.41583],[-98.19172,19.41589],[-98.19095,19.4158],[-98.19041,19.41624],[-98.19049,19.41696],[-98.19007,19.41734],[-98.19001,19.41763],[-98.19006,19.41812],[-98.1899,19.41853],[-98.18996,19.41906],[-98.18985,19.41975],[-98.1902,19.41973],[-98.1902,19.41966],[-98.191,19.41968],[-98.191,19.42114],[-98.19127,19.42118],[-98.19142,19.42251],[-98.19258,19.42339],[-98.19226,19.42368],[-98.1909,19.42581],[-98.19087,19.426],[-98.19061,19.42624],[-98.19021,19.42802],[-98.18906,19.42788]]]}},{"type":"Feature","properties":{"seccion":627,"municipio":33,"distrito_local":7,"distrito_federal":2},"geometry":{"type":"Polygon","coordinates":[[[-98.23203,19.31224],[-98.23018,19.31465],[-98.22969,19.31461],[-98.22785,19.31502],[-98.2269,19.31511],[-98.22641,19.31524],[-98.22412,19.31611],[-98.2232,19.31674],[-98.22197,19.31699],[-98.22044,19.31699],[-98.22044,19.31686],[-98.2225,19.31328],[-98.22264,19.31269],[-98.22293,19.31225],[-98.22299,19.31199],[-98.22308,19.30626],[-98.22916,19.31072],[-98.23089,19.31251],[-98.2315,19.31195],[-98.23203,19.31224]]]}},{"type":"Feature","properties":{"seccion":576,"municipio":43,"distrito_local":2,"distrito_federal":2},"geometry":{"type":"Polygon","coordinates":[[[-98.17284,19.41054],[-98.17327,19.40979],[-98.17327,19.40936],[-98.17259,19.40844],[-98.17284,19.40769],[-98.17288,19.40724],[-98.17277,19.40596],[-98.17293,19.40557],[-98.17283,19.4051],[-98.17256,19.40483],[-98.17277,19.40451],[-98.17323,19.40453],[-98.17333,19.40472],[-98.17369,19.40502],[-98.17449,19.40527],[-98.17673,19.40554],[-98.17921,19.40559],[-98.18074,19.40436],[-98.17908,19.40309],[-98.17982,19.40244],[-98.17958,19.40218],[-98.17995,19.40196],[-98.1797,19.40177],[-98.18087,19.40086],[-98.18069,19.39907],[-98.17893,19.39776],[-98.17875,19.39782],[-98.1784,19.3982],[-98.17825,19.39822],[-98.1777,19.39926],[-98.17704,19.39982],[-98.17652,19.39947],[-98.17589,19.39919],[-98.17571,19.39903],[-98.17373,19.39883],[-98.17472,19.39723],[-98.17527,19.39587],[-98.17689,19.39003],[-98.17717,19.38929],[-98.1773,19.38828],[-98.17786,19.38652],[-98.17801,19.38553],[-98.18153,19.39001],[-98.18229,19.39075],[-98.18471,19.39283],[-98.1851,19.39309],[-98.18626,19.39446],[-98.18664,19.39509],[-98.18681,19.39559],[-98.19088,19.3987],[-98.18744,19.40162],[-98.18296,19.40562],[-98.18202,19.40655],[-98.17941,19.41061],[-98.17875,19.41198],[-98.17779,19.41368],[-98.1776,19.41369],[-98.17582,19.41586],[-98.17498,19.41695],[-98.17506,19.41719],[-98.17492,19.41729],[-98.17447,19.41732],[-98.17418,19.41687],[-98.17384,19.41581],[-98.17367,19.4144],[-98.1726,19.4118],[-98.17251,19.41115],[-98.17261,19.41076],[-98.17284,19.41054]]]}},{"type":"Feature","properties":{"seccion":577,"municipio":43,"distrito_local":2,"distrito_federal":2},"geometry":{"type":"Polygon","coordinates":[[[-98.17256,19.40483],[-98.172,19.40484],[-98.17143,19.40462],[-98.17105,19.40417],[-98.17091,19.40372],[-98.17064,19.40329],[-98.16989,19.40285],[-98.16912,19.40219],[-98.16864,19.40158],[-98.16864,19.40138],[-98.16798,19.40014],[-98.16722,19.39991],[-98.16676,19.39994],[-98.16654,19.3997],[-98.16631,19.39872],[-98.16537,19.39881],[-98.16499,19.39874],[-98.16405,19.39836],[-98.16378,19.3981],[-98.1636,19.39762],[-98.16355,19.3968],[-98.1639,19.39664],[-98.16441,19.39671],[-98.16468,19.39654],[-98.1648,19.39629],[-98.16464,19.39565],[-98.16526,19.39466],[-98.16551,19.39494],[-98.1663,19.39527],[-98.1667,19.39574],[-98.16763,19.39647],[-98.16793,19.39649],[-98.16846,19.39669],[-98.16914,19.39714],[-98.16981,19.3972],[-98.17011,19.39747],[-98.17118,19.39801],[-98.17226,19.39868],[-98.17571,19.39903],[-98.17589,19.39919],[-98.17652,19.39947],[-98.17704,19.39982],[-98.1777,19.39926],[-98.17825,19.39822],[-98.1784,19.3982],[-98.17875,19.39782],[-98.17893,19.39776],[-98.18069,19.39907],[-98.18087,19.40086],[-98.1797,19.40177],[-98.17995,19.40196],[-98.17958,19.40218],[-98.17982,19.40244],[-98.17908,19.40309],[-98.18074,19.40436],[-98.17921,19.40559],[-98.17673,19.40554],[-98.17449,19.40527],[-98.17369,19.40502],[-98.17333,19.40472],[-98.17323,19.40453],[-98.17277,19.40451],[-98.17256,19.40483]]]}},{"type":"Feature","properties":{"seccion":578,"municipio":43,"distrito_local":2,"distrito_federal":2},"geometry":{"type":"Polygon","coordinates":[[[-98.18471,19.39283],[-98.18153,19.39001],[-98.17801,19.38553],[-98.17871,19.3826],[-98.17983,19.38272],[-98.18024,19.38296],[-98.18098,19.38302],[-98.18168,19.38251],[-98.18283,19.38037],[-98.18285,19.37946],[-98.18323,19.37902],[-98.18445,19.37936],[-98.18502,19.38048],[-98.18715,19.3827],[-98.18801,19.38285],[-98.18842,19.38274],[-98.1889,19.38216],[-98.1894,19.3819],[-98.19046,19.38071],[-98.19247,19.38249],[-98.19263,19.3825],[-98.19524,19.38467],[-98.19347,19.38666],[-98.19311,19.38676],[-98.19173,19.38625],[-98.1914,19.38598],[-98.1909,19.38672],[-98.19085,19.38713],[-98.19037,19.38757],[-98.19014,19.38749],[-98.18895,19.38645],[-98.18873,19.38674],[-98.18857,19.38728],[-98.18787,19.38741],[-98.18709,19.38782],[-98.18642,19.38834],[-98.18486,19.38894],[-98.1849,19.38909],[-98.18534,19.38905],[-98.18713,19.3895],[-98.18624,19.3911],[-98.18569,19.39186],[-98.18471,19.39283]]]}},{"type":"Feature","properties":{"seccion":628,"municipio":33,"distrito_local":7,"distrito_federal":2},"geometry":{"type":"Polygon","coordinates":[[[-98.22312,19.29469],[-98.22368,19.29504],[-98.22381,19.29524],[-98.22458,19.29556],[-98.22586,19.29827],[-98.22791,19.30106],[-98.228,19.30132],[-98.22793,19.30164],[-98.22941,19.30258],[-98.23033,19.30296],[-98.23075,19.30324],[-98.23096,19.3032],[-98.23097,19.30394],[-98.23113,19.30466],[-98.22957,19.30695],[-98.23102,19.30811],[-98.22916,19.31072],[-98.22308,19.30626],[-98.22312,19.29469]]]}},{"type":"Feature","properties":{"seccion":581,"municipio":43,"distrito_local":2,"distrito_federal":2},"geometry":{"type":"Polygon","coordinates":[[[-98.16199,19.42631],[-98.16161,19.42736],[-98.1605,19.42704],[-98.16012,19.42759],[-98.15927,19.42855],[-98.15896,19.42867],[-98.15831,19.42948],[-98.1577,19.42978],[-98.15614,19.432],[-98.15596,19.43214],[-98.15436,19.43271],[-98.15168,19.43294],[-98.15321,19.43471],[-98.15364,19.43513],[-98.15457,19.43585],[-98.15261,19.43686],[-98.15195,19.43682],[-98.15155,19.43668],[-98.15115,19.43666],[-98.15116,19.43724],[-98.15063,19.43654],[-98.15039,19.43647],[-98.14995,19.43648],[-98.14977,19.43635],[-98.14938,19.43572],[-98.14855,19.43592],[-98.14828,19.43624],[-98.14856,19.43677],[-98.14883,19.43767],[-98.1486,19.43944],[-98.14879,19.43999],[-98.14933,19.44039],[-98.14957,19.44069],[-98.1496,19.44095],[-98.1494,19.44154],[-98.14862,19.44279],[-98.14816,19.44319],[-98.14106,19.44392],[-98.13892,19.44331],[-98.13839,19.44288],[-98.13685,19.4411],[-98.13841,19.43992],[-98.13869,19.44009],[-98.1392,19.44007],[-98.14072,19.43889],[-98.14168,19.43777],[-98.14256,19.43691],[-98.14566,19.43451],[-98.1471,19.43357],[-98.14735,19.43328],[-98.14898,19.43222],[-98.14903,19.4323],[-98.15008,19.43156],[-98.15039,19.43141],[-98.15068,19.43137],[-98.15025,19.43088],[-98.1495,19.42955],[-98.14902,19.42775],[-98.1488,19.42641],[-98.14873,19.423],[-98.14928,19.42284],[-98.15131,19.42418],[-98.15258,19.42522],[-98.15318,19.42432],[-98.15463,19.42286],[-98.15559,19.42299],[-98.15585,19.42268],[-98.15662,19.4227],[-98.15632,19.42345],[-98.15579,19.42406],[-98.15662,19.42478],[-98.15642,19.42511],[-98.15686,19.42551],[-98.15725,19.42576],[-98.15848,19.42513],[-98.15959,19.42442],[-98.16023,19.42472],[-98.1605,19.42423],[-98.16131,19.4246],[-98.16247,19.42447],[-98.16199,19.42631]]]}},{"type":"Feature","properties":{"seccion":583,"municipio":43,"distrito_local":2,"distrito_federal":2},"geometry":{"type":"Polygon","coordinates":[[[-98.16487,19.41238],[-98.16438,19.4101],[-98.16425,19.41002],[-98.16321,19.41023],[-98.16278,19.41017],[-98.16228,19.41028],[-98.16165,19.41019],[-98.16074,19.41066],[-98.16035,19.41102],[-98.1603,19.41125],[-98.16017,19.41134],[-98.15977,19.41118],[-98.15968,19.41122],[-98.15958,19.4115],[-98.15935,19.41156],[-98.15905,19.41182],[-98.15857,19.41245],[-98.15865,19.41295],[-98.15756,19.41123],[-98.15713,19.41018],[-98.15791,19.40858],[-98.15788,19.40838],[-98.15732,19.40722],[-98.1555,19.40642],[-98.15755,19.40261],[-98.1587,19.40335],[-98.16115,19.40423],[-98.16216,19.40524],[-98.16239,19.40535],[-98.16301,19.40531],[-98.16354,19.40467],[-98.16477,19.40354],[-98.16538,19.40363],[-98.16627,19.404],[-98.16708,19.40422],[-98.16747,19.40426],[-98.16881,19.40413],[-98.16989,19.40285],[-98.17064,19.40329],[-98.17091,19.40372],[-98.17105,19.40417],[-98.17143,19.40462],[-98.172,19.40484],[-98.17256,19.40483],[-98.17283,19.4051],[-98.17293,19.40557],[-98.17277,19.40596],[-98.17288,19.40724],[-98.17284,19.40769],[-98.17259,19.40844],[-98.17327,19.40936],[-98.17327,19.40979],[-98.17309,19.41018],[-98.17261,19.41076],[-98.17251,19.41115],[-98.17251,19.41146],[-98.17283,19.4124],[-98.17227,19.41297],[-98.1717,19.41377],[-98.17117,19.41343],[-98.17085,19.41308],[-98.1707,19.41287],[-98.17072,19.41254],[-98.17041,19.41202],[-98.1691,19.41122],[-98.16924,19.41085],[-98.16862,19.41057],[-98.16804,19.40984],[-98.1658,19.41172],[-98.16487,19.41238]]]}},{"type":"Feature","properties":{"seccion":629,"municipio":33,"distrito_local":7,"distrito_federal":2},"geometry":{"type":"Polygon","coordinates":[[[-98.23601,19.3035],[-98.23507,19.30449],[-98.23562,19.30492],[-98.2347,19.30615],[-98.23399,19.3047],[-98.23224,19.30674],[-98.23113,19.30466],[-98.23097,19.30394],[-98.23096,19.3032],[-98.23075,19.30324],[-98.23033,19.30296],[-98.22941,19.30258],[-98.22793,19.30164],[-98.228,19.30132],[-98.22791,19.30106],[-98.22586,19.29827],[-98.22458,19.29556],[-98.22414,19.29534],[-98.22806,19.29331],[-98.22853,19.29414],[-98.2289,19.29548],[-98.22842,19.29562],[-98.22866,19.29638],[-98.22708,19.29695],[-98.22729,19.29743],[-98.22959,19.29669],[-98.22945,19.29629],[-98.2335,19.2969],[-98.23463,19.29721],[-98.23625,19.29786],[-98.23593,19.29884],[-98.23476,19.30113],[-98.23607,19.30205],[-98.23693,19.30231],[-98.23601,19.3035]]]}},{"type":"Feature","properties":{"seccion":585,"municipio":43,"distrito_local":2,"distrito_federal":2},"geometry":{"type":"Polygon","coordinates":[[[-98.16264,19.39096],[-98.16179,19.39104],[-98.16232,19.3904],[-98.16387,19.38797],[-98.1578,19.38601],[-98.15833,19.38536],[-98.15921,19.38463],[-98.1603,19.38327],[-98.15523,19.38218],[-98.15459,19.38196],[-98.15405,19.38193],[-98.15355,19.38202],[-98.15176,19.37898],[-98.15217,19.37855],[-98.15336,19.37798],[-98.15548,19.37649],[-98.15521,19.37631],[-98.15235,19.37597],[-98.15153,19.37498],[-98.15063,19.37417],[-98.14961,19.37458],[-98.14777,19.37512],[-98.14684,19.37459],[-98.14644,19.37446],[-98.14822,19.37359],[-98.14995,19.37258],[-98.14962,19.37225],[-98.14916,19.37131],[-98.15389,19.36605],[-98.15527,19.36666],[-98.15664,19.36529],[-98.1594,19.36693],[-98.15945,19.36706],[-98.16201,19.3676],[-98.1633,19.36713],[-98.16371,19.36676],[-98.16331,19.36825],[-98.16267,19.36962],[-98.16181,19.36999],[-98.16141,19.37024],[-98.1614,19.37039],[-98.162,19.37022],[-98.163,19.37015],[-98.16782,19.3711],[-98.16837,19.36994],[-98.16971,19.36766],[-98.17047,19.36709],[-98.17138,19.36684],[-98.17239,19.36638],[-98.17272,19.36611],[-98.17534,19.36497],[-98.1757,19.36469],[-98.17763,19.36448],[-98.17762,19.36467],[-98.17808,19.36482],[-98.17827,19.36457],[-98.17871,19.36437],[-98.17899,19.36436],[-98.17976,19.36471],[-98.18037,19.36469],[-98.18187,19.36423],[-98.18242,19.36391],[-98.18284,19.36354],[-98.18327,19.36412],[-98.18345,19.3647],[-98.18399,19.36537],[-98.18398,19.36564],[-98.18422,19.36568],[-98.18646,19.36488],[-98.18754,19.36522],[-98.19032,19.3642],[-98.19201,19.36386],[-98.19435,19.3649],[-98.19338,19.36758],[-98.19443,19.36973],[-98.19639,19.37414],[-98.19708,19.37531],[-98.19679,19.37618],[-98.19578,19.37769],[-98.19539,19.37856],[-98.19477,19.37905],[-98.19321,19.37943],[-98.19332,19.37982],[-98.19298,19.37998],[-98.19254,19.37955],[-98.19198,19.37945],[-98.19128,19.37981],[-98.1894,19.3819],[-98.1889,19.38216],[-98.18842,19.38274],[-98.18801,19.38285],[-98.18715,19.3827],[-98.18502,19.38048],[-98.18445,19.37936],[-98.18323,19.37902],[-98.18285,19.37946],[-98.18283,19.38037],[-98.18168,19.38251],[-98.18098,19.38302],[-98.18024,19.38296],[-98.17983,19.38272],[-98.17871,19.3826],[-98.17801,19.38553],[-98.17786,19.38652],[-98.1773,19.38828],[-98.17717,19.38929],[-98.17666,19.39095],[-98.17637,19.39057],[-98.17478,19.38945],[-98.17356,19.38911],[-98.17144,19.38883],[-98.16745,19.39136],[-98.16627,19.39118],[-98.16264,19.39096]]]}},{"type":"Feature","properties":{"seccion":612,"municipio":33,"distrito_local":7,"distrito_federal":2},"geometry":{"type":"Polygon","coordinates":[[[-98.24177,19.32458],[-98.24126,19.32391],[-98.24063,19.3228],[-98.24155,19.32334],[-98.24235,19.32219],[-98.2434,19.32285],[-98.24177,19.32458]]]}},{"type":"Feature","properties":{"seccion":617,"municipio":43,"distrito_local":2,"distrito_federal":2},"geometry":{"type":"Polygon","coordinates":[[[-98.17144,19.38883],[-98.17356,19.38911],[-98.17478,19.38945],[-98.17637,19.39057],[-98.17666,19.39095],[-98.17527,19.39587],[-98.17472,19.39723],[-98.17373,19.39883],[-98.17226,19.39868],[-98.17118,19.39801],[-98.17011,19.39747],[-98.16981,19.3972],[-98.16914,19.39714],[-98.16846,19.39669],[-98.16793,19.39649],[-98.16763,19.39647],[-98.16643,19.39547],[-98.16614,19.39482],[-98.16616,19.3944],[-98.16589,19.39407],[-98.16595,19.39308],[-98.16641,19.39202],[-98.17144,19.38883]]]}},{"type":"Feature","properties":{"seccion":626,"municipio":33,"distrito_local":7,"distrito_federal":2},"geometry":{"type":"Polygon","coordinates":[[[-98.21852,19.30101],[-98.22092,19.30459],[-98.22308,19.30626],[-98.22299,19.31199],[-98.22293,19.31225],[-98.22264,19.31269],[-98.2225,19.31328],[-98.22044,19.31686],[-98.22044,19.31699],[-98.21878,19.31707],[-98.21952,19.31549],[-98.21988,19.31423],[-98.21888,19.31387],[-98.21894,19.31361],[-98.21841,19.31358],[-98.21844,19.31333],[-98.21852,19.31333],[-98.21855,19.31316],[-98.21861,19.31108],[-98.2184,19.31107],[-98.21873,19.31045],[-98.21817,19.31012],[-98.2179,19.30984],[-98.21636,19.30954],[-98.216,19.30969],[-98.21554,19.31049],[-98.21494,19.3102],[-98.21414,19.31151],[-98.21398,19.31276],[-98.21127,19.31208],[-98.21105,19.31312],[-98.21085,19.31312],[-98.21003,19.3127],[-98.21049,19.31106],[-98.21173,19.30842],[-98.21161,19.30836],[-98.21255,19.30728],[-98.21323,19.3063],[-98.21262,19.30598],[-98.21274,19.30584],[-98.21261,19.30576],[-98.21382,19.30431],[-98.21369,19.30421],[-98.21431,19.30357],[-98.21511,19.30429],[-98.21852,19.30101]]]}},{"type":"Feature","properties":{"seccion":630,"municipio":33,"distrito_local":7,"distrito_federal":2},"geometry":{"type":"Polygon","coordinates":[[[-98.21305,19.29203],[-98.20779,19.28726],[-98.21167,19.28195],[-98.2129,19.27995],[-98.21324,19.28024],[-98.21377,19.28052],[-98.21367,19.28084],[-98.21431,19.28156],[-98.2143,19.28168],[-98.2147,19.28194],[-98.21535,19.28319],[-98.21547,19.28306],[-98.21711,19.28457],[-98.21799,19.28584],[-98.21954,19.28779],[-98.22026,19.28745],[-98.22277,19.28669],[-98.22305,19.28615],[-98.22378,19.28646],[-98.22447,19.28714],[-98.22545,19.28853],[-98.22582,19.2898],[-98.22672,19.29206],[-98.22787,19.29342],[-98.22414,19.29534],[-98.22381,19.29524],[-98.22368,19.29504],[-98.22312,19.29469],[-98.22308,19.30626],[-98.22092,19.30459],[-98.21855,19.30113],[-98.21632,19.29682],[-98.21601,19.29576],[-98.21532,19.29478],[-98.21305,19.29203]]]}},{"type":"Feature","properties":{"seccion":631,"municipio":33,"distrito_local":7,"distrito_federal":2},"geometry":{"type":"Polygon","coordinates":[[[-98.22245,19.27903],[-98.22302,19.27931],[-98.22337,19.27936],[-98.22394,19.27925],[-98.22432,19.27864],[-98.22452,19.27857],[-98.22553,19.27887],[-98.22629,19.27885],[-98.22675,19.27874],[-98.22705,19.27851],[-98.22708,19.27838],[-98.22727,19.27835],[-98.22738,19.27846],[-98.2273,19.27923],[-98.22742,19.27933],[-98.22759,19.27979],[-98.22789,19.28014],[-98.22861,19.28051],[-98.2294,19.28075],[-98.22931,19.28092],[-98.23002,19.28077],[-98.22984,19.28034],[-98.22982,19.27995],[-98.23005,19.27955],[-98.23222,19.28089],[-98.23301,19.28058],[-98.23369,19.28325],[-98.23387,19.28364],[-98.23498,19.28419],[-98.2353,19.28481],[-98.23566,19.28577],[-98.23552,19.28624],[-98.23556,19.28635],[-98.23514,19.28683],[-98.23474,19.28706],[-98.23403,19.28909],[-98.2337,19.28963],[-98.23332,19.28998],[-98.23287,19.29016],[-98.2325,19.29055],[-98.23192,19.2908],[-98.23146,19.29091],[-98.22908,19.29264],[-98.22787,19.29342],[-98.22672,19.29206],[-98.22582,19.2898],[-98.22545,19.28853],[-98.22447,19.28714],[-98.22378,19.28646],[-98.22305,19.28615],[-98.22277,19.28669],[-98.22026,19.28745],[-98.21954,19.28779],[-98.21799,19.28584],[-98.21711,19.28457],[-98.21547,19.28306],[-98.21535,19.28319],[-98.2147,19.28194],[-98.2143,19.28168],[-98.21431,19.28156],[-98.21367,19.28084],[-98.21377,19.28052],[-98.21324,19.28024],[-98.2129,19.27995],[-98.21423,19.27778],[-98.21496,19.27712],[-98.21512,19.27678],[-98.21529,19.27675],[-98.21892,19.27812],[-98.21958,19.27719],[-98.22008,19.27713],[-98.22173,19.27774],[-98.22181,19.27827],[-98.22242,19.27865],[-98.22245,19.27903]]]}},{"type":"Feature","properties":{"seccion":632,"municipio":19,"distrito_local":6,"distrito_federal":2},"geometry":{"type":"Polygon","coordinates":[[[-98.41809,19.29095],[-98.42229,19.29571],[-98.42411,19.29624],[-98.42407,19.29662],[-98.42419,19.29678],[-98.42414,19.29703],[-98.42422,19.29786],[-98.42401,19.2984],[-98.42396,19.29874],[-98.42368,19.29908],[-98.42369,19.29945],[-98.42319,19.30021],[-98.42222,19.31949],[-98.42206,19.31995],[-98.42108,19.31953],[-98.4141,19.31921],[-98.41375,19.31826],[-98.41345,19.31776],[-98.41299,19.3171],[-98.4124,19.31669],[-98.4117,19.31624],[-98.40954,19.31551],[-98.40809,19.31527],[-98.40704,19.31519],[-98.40138,19.31096],[-98.39964,19.31077],[-98.39877,19.31095],[-98.39844,19.31075],[-98.39724,19.31027],[-98.39525,19.30972],[-98.39795,19.30358],[-98.39961,19.29585],[-98.40048,19.2953],[-98.40191,19.29472],[-98.4059,19.29342],[-98.40993,19.29466],[-98.41042,19.29421],[-98.41048,19.29483],[-98.41063,19.29504],[-98.41157,19.29554],[-98.41193,19.29547],[-98.4123,19.29529],[-98.41809,19.29095]]]}},{"type":"Feature","properties":{"seccion":642,"municipio":43,"distrito_local":2,"distrito_federal":2},"geometry":{"type":"Polygon","coordinates":[[[-98.17833,19.43503],[-98.17336,19.4415],[-98.17208,19.4405],[-98.17098,19.43945],[-98.17012,19.43824],[-98.1632,19.44051],[-98.1619,19.44183],[-98.16124,19.44323],[-98.15963,19.44316],[-98.15847,19.44324],[-98.15804,19.44301],[-98.15834,19.44283],[-98.15845,19.44265],[-98.15878,19.44244],[-98.15898,19.44221],[-98.16038,19.43993],[-98.16168,19.4381],[-98.16229,19.43696],[-98.16258,19.43594],[-98.16297,19.43522],[-98.16511,19.43282],[-98.16572,19.43201],[-98.16551,19.43158],[-98.16556,19.43067],[-98.16567,19.43034],[-98.16555,19.42998],[-98.1655,19.4277],[-98.16546,19.42757],[-98.16442,19.42639],[-98.16439,19.42509],[-98.16416,19.42491],[-98.16217,19.42647],[-98.16199,19.42631],[-98.16282,19.42306],[-98.1633,19.42208],[-98.16047,19.42068],[-98.16123,19.41938],[-98.16035,19.41903],[-98.16045,19.4188],[-98.16053,19.41749],[-98.16124,19.41773],[-98.16128,19.41791],[-98.16256,19.41854],[-98.16281,19.41829],[-98.16257,19.41808],[-98.1641,19.41832],[-98.16431,19.4185],[-98.16456,19.41897],[-98.165,19.4191],[-98.1661,19.41964],[-98.16663,19.41895],[-98.16706,19.41888],[-98.16754,19.41864],[-98.16952,19.41854],[-98.17012,19.41863],[-98.17047,19.4184],[-98.1735,19.41812],[-98.17388,19.41771],[-98.17444,19.41747],[-98.17452,19.41824],[-98.1749,19.41941],[-98.17474,19.42131],[-98.17491,19.42287],[-98.17604,19.42659],[-98.17599,19.42742],[-98.17624,19.42817],[-98.17677,19.42888],[-98.17722,19.42929],[-98.17728,19.42972],[-98.17721,19.43051],[-98.17726,19.43125],[-98.17691,19.43162],[-98.17673,19.43199],[-98.17696,19.43282],[-98.17712,19.4339],[-98.17735,19.43432],[-98.17833,19.43503]]]}},{"type":"Feature","properties":{"seccion":643,"municipio":43,"distrito_local":2,"distrito_federal":2},"geometry":{"type":"Polygon","coordinates":[[[-98.16247,19.42447],[-98.16131,19.4246],[-98.1605,19.42423],[-98.16023,19.42472],[-98.15959,19.42442],[-98.15848,19.42513],[-98.15725,19.42576],[-98.15653,19.42525],[-98.15641,19.42505],[-98.15662,19.42478],[-98.15579,19.42406],[-98.15632,19.42345],[-98.15662,19.4227],[-98.15585,19.42268],[-98.15559,19.42299],[-98.15512,19.42292],[-98.15555,19.42243],[-98.15588,19.42135],[-98.15575,19.42014],[-98.15591,19.41946],[-98.15606,19.41921],[-98.15652,19.4194],[-98.15829,19.41571],[-98.16001,19.41534],[-98.16186,19.41424],[-98.16207,19.41455],[-98.16288,19.41531],[-98.16311,19.4151],[-98.16335,19.41521],[-98.16447,19.4152],[-98.16389,19.41625],[-98.16521,19.41667],[-98.16431,19.4185],[-98.1641,19.41832],[-98.16378,19.41822],[-98.16257,19.41808],[-98.16281,19.41829],[-98.16256,19.41854],[-98.16128,19.41791],[-98.16124,19.41773],[-98.16053,19.41749],[-98.16045,19.4188],[-98.16035,19.41903],[-98.16123,19.41938],[-98.16047,19.42068],[-98.1633,19.42208],[-98.16282,19.42306],[-98.16247,19.42447]]]}},{"type":"Feature","properties":{"seccion":644,"municipio":43,"distrito_local":2,"distrito_federal":2},"geometry":{"type":"Polygon","coordinates":[[[-98.17444,19.41747],[-98.17388,19.41771],[-98.1735,19.41812],[-98.17047,19.4184],[-98.17012,19.41863],[-98.16952,19.41854],[-98.16754,19.41864],[-98.16706,19.41888],[-98.16663,19.41895],[-98.1661,19.41964],[-98.165,19.4191],[-98.16456,19.41897],[-98.16431,19.4185],[-98.16521,19.41667],[-98.16389,19.41625],[-98.16447,19.4152],[-98.16335,19.41521],[-98.16311,19.4151],[-98.16288,19.41531],[-98.16207,19.41455],[-98.16186,19.41424],[-98.16001,19.41534],[-98.15829,19.41571],[-98.15869,19.41489],[-98.15976,19.41413],[-98.15946,19.41343],[-98.15933,19.41333],[-98.15917,19.41333],[-98.15865,19.41295],[-98.15857,19.41245],[-98.15905,19.41182],[-98.15935,19.41156],[-98.15958,19.4115],[-98.15968,19.41122],[-98.15977,19.41118],[-98.16017,19.41134],[-98.1603,19.41125],[-98.16035,19.41102],[-98.16074,19.41066],[-98.16159,19.41022],[-98.16228,19.41028],[-98.16278,19.41017],[-98.16321,19.41023],[-98.16425,19.41002],[-98.16438,19.4101],[-98.16445,19.41032],[-98.16487,19.41238],[-98.1658,19.41172],[-98.16804,19.40984],[-98.16862,19.41057],[-98.16924,19.41085],[-98.1691,19.41122],[-98.17041,19.41202],[-98.17072,19.41254],[-98.1707,19.41287],[-98.17085,19.41308],[-98.17117,19.41343],[-98.1717,19.41377],[-98.17227,19.41297],[-98.17283,19.4124],[-98.17367,19.4144],[-98.17384,19.41581],[-98.17418,19.41687],[-98.17447,19.41732],[-98.17444,19.41747]]]}},{"type":"Feature","properties":{"seccion":645,"municipio":60,"distrito_local":1,"distrito_federal":2},"geometry":{"type":"Polygon","coordinates":[[[-98.43449,19.58264],[-98.43336,19.58596],[-98.43321,19.58614],[-98.43296,19.58683],[-98.43043,19.58573],[-98.42653,19.58419],[-98.42733,19.58166],[-98.42806,19.58097],[-98.42969,19.58143],[-98.43257,19.58204],[-98.43449,19.58264]]]}},{"type":"Feature","properties":{"seccion":649,"municipio":33,"distrito_local":7,"distrito_federal":2},"geometry":{"type":"Polygon","coordinates":[[[-98.22961,19.29664],[-98.22729,19.29743],[-98.22708,19.29695],[-98.22866,19.29638],[-98.22842,19.29562],[-98.22886,19.29548],[-98.22896,19.29559],[-98.22917,19.29627],[-98.22945,19.29629],[-98.22961,19.29664]]]}},{"type":"Feature","properties":{"seccion":651,"municipio":33,"distrito_local":7,"distrito_federal":2},"geometry":{"type":"Polygon","coordinates":[[[-98.23728,19.28478],[-98.24073,19.2842],[-98.24154,19.28425],[-98.2438,19.28494],[-98.24488,19.28548],[-98.24624,19.28651],[-98.24547,19.28878],[-98.24507,19.29021],[-98.24445,19.28985],[-98.24215,19.29084],[-98.24106,19.29122],[-98.24124,19.29176],[-98.24114,19.29178],[-98.24113,19.29199],[-98.24065,19.29213],[-98.24061,19.29232],[-98.24032,19.29254],[-98.24024,19.29287],[-98.23897,19.29294],[-98.239,19.29344],[-98.23691,19.29338],[-98.23652,19.29418],[-98.2361,19.2939],[-98.23607,19.29368],[-98.23549,19.29308],[-98.2349,19.29286],[-98.23484,19.29258],[-98.23488,19.29168],[-98.23476,19.29113],[-98.23459,19.29074],[-98.23457,19.29043],[-98.23419,19.28967],[-98.23403,19.28909],[-98.23434,19.28813],[-98.23474,19.28706],[-98.23538,19.2866],[-98.23556,19.28635],[-98.23552,19.28624],[-98.23566,19.28577],[-98.23562,19.28561],[-98.23603,19.28528],[-98.23728,19.28478]]]}},{"type":"Feature","properties":{"seccion":652,"municipio":33,"distrito_local":7,"distrito_federal":2},"geometry":{"type":"Polygon","coordinates":[[[-98.2426,19.28298],[-98.24402,19.28255],[-98.24555,19.28222],[-98.24651,19.28159],[-98.24667,19.28158],[-98.24704,19.28178],[-98.24602,19.28346],[-98.24556,19.28473],[-98.24539,19.28494],[-98.24508,19.28511],[-98.24438,19.28511],[-98.24437,19.2852],[-98.2438,19.28494],[-98.24206,19.28439],[-98.24154,19.28425],[-98.24073,19.2842],[-98.23728,19.28478],[-98.23641,19.28508],[-98.23562,19.28561],[-98.23498,19.28419],[-98.23387,19.28364],[-98.23369,19.28325],[-98.23301,19.28058],[-98.23222,19.28089],[-98.23005,19.27955],[-98.23214,19.27897],[-98.23586,19.27773],[-98.23608,19.27854],[-98.23655,19.27954],[-98.23808,19.27882],[-98.2389,19.27828],[-98.23968,19.27812],[-98.23999,19.27792],[-98.24115,19.27856],[-98.24274,19.2793],[-98.24467,19.28117],[-98.24387,19.28198],[-98.24326,19.28233],[-98.2426,19.28298]]]}},{"type":"Feature","properties":{"seccion":122,"municipio":10,"distrito_local":9,"distrito_federal":3},"geometry":{"type":"Polygon","coordinates":[[[-98.18932,19.32726],[-98.18716,19.3263],[-98.18751,19.32502],[-98.18601,19.3244],[-98.1878,19.32236],[-98.18697,19.32173],[-98.18853,19.3197],[-98.18802,19.31936],[-98.18847,19.31865],[-98.18931,19.31904],[-98.18961,19.31805],[-98.19418,19.32108],[-98.19405,19.32562],[-98.19075,19.32395],[-98.18932,19.32726]]]}},{"type":"Feature","properties":{"seccion":123,"municipio":10,"distrito_local":9,"distrito_federal":3},"geometry":{"type":"Polygon","coordinates":[[[-98.19608,19.32648],[-98.19512,19.32603],[-98.19517,19.32594],[-98.19405,19.32542],[-98.19427,19.31808],[-98.1958,19.31884],[-98.20042,19.32053],[-98.20145,19.32116],[-98.2011,19.32208],[-98.20066,19.32215],[-98.19913,19.3228],[-98.19864,19.32293],[-98.198,19.32286],[-98.19801,19.32296],[-98.20057,19.32417],[-98.20035,19.32612],[-98.19608,19.32648]]]}},{"type":"Feature","properties":{"seccion":133,"municipio":10,"distrito_local":9,"distrito_federal":3},"geometry":{"type":"Polygon","coordinates":[[[-98.21142,19.32398],[-98.20824,19.32385],[-98.20727,19.32342],[-98.20702,19.32327],[-98.20646,19.32272],[-98.20728,19.32168],[-98.20518,19.32041],[-98.20385,19.31976],[-98.20341,19.31979],[-98.20287,19.31956],[-98.20255,19.319],[-98.20459,19.31519],[-98.20513,19.31555],[-98.20543,19.3162],[-98.20603,19.31662],[-98.20667,19.31742],[-98.20687,19.31796],[-98.20793,19.31848],[-98.20856,19.31864],[-98.20941,19.319],[-98.20977,19.31925],[-98.20981,19.31921],[-98.21052,19.32005],[-98.2111,19.32199],[-98.21143,19.3226],[-98.21135,19.32271],[-98.21273,19.32369],[-98.21142,19.32398]]]}},{"type":"Feature","properties":{"seccion":124,"municipio":10,"distrito_local":9,"distrito_federal":3},"geometry":{"type":"Polygon","coordinates":[[[-98.17769,19.32333],[-98.17526,19.32209],[-98.17425,19.32126],[-98.1731,19.321],[-98.17236,19.32043],[-98.17186,19.32028],[-98.17174,19.32046],[-98.1713,19.32013],[-98.17069,19.31996],[-98.17052,19.32022],[-98.17033,19.32018],[-98.16988,19.31988],[-98.17012,19.31962],[-98.17058,19.31964],[-98.1707,19.31958],[-98.17146,19.31851],[-98.17104,19.31836],[-98.17077,19.31837],[-98.17054,19.31808],[-98.16934,19.31742],[-98.16902,19.31716],[-98.16758,19.31657],[-98.16701,19.3161],[-98.16672,19.31604],[-98.16658,19.31591],[-98.16607,19.31585],[-98.1655,19.31537],[-98.16428,19.31491],[-98.16391,19.31463],[-98.16308,19.31425],[-98.16311,19.3142],[-98.16427,19.31311],[-98.16414,19.31294],[-98.16638,19.31327],[-98.17352,19.3176],[-98.17336,19.31788],[-98.17439,19.31848],[-98.17525,19.31705],[-98.17657,19.31782],[-98.17661,19.31777],[-98.17678,19.31787],[-98.1762,19.31882],[-98.17759,19.31961],[-98.17834,19.31866],[-98.17847,19.31865],[-98.17991,19.31667],[-98.18013,19.3167],[-98.18143,19.31764],[-98.18384,19.31754],[-98.18402,19.31747],[-98.1841,19.31734],[-98.18185,19.31565],[-98.18257,19.31481],[-98.18649,19.31764],[-98.18785,19.31841],[-98.18769,19.3186],[-98.18638,19.31876],[-98.18452,19.31939],[-98.17963,19.32066],[-98.17769,19.32333]]]}},{"type":"Feature","properties":{"seccion":125,"municipio":10,"distrito_local":9,"distrito_federal":3},"geometry":{"type":"Polygon","coordinates":[[[-98.18619,19.32917],[-98.185,19.32759],[-98.18488,19.32723],[-98.1842,19.32604],[-98.18363,19.32571],[-98.18345,19.32542],[-98.18291,19.32512],[-98.18233,19.32504],[-98.18195,19.3248],[-98.17967,19.32418],[-98.17883,19.32371],[-98.17838,19.32364],[-98.17769,19.32333],[-98.17963,19.32066],[-98.18452,19.31939],[-98.18638,19.31876],[-98.18769,19.3186],[-98.18785,19.31841],[-98.18847,19.31865],[-98.18802,19.31936],[-98.18853,19.3197],[-98.18697,19.32173],[-98.1878,19.32236],[-98.18601,19.3244],[-98.18751,19.32502],[-98.18643,19.32874],[-98.18619,19.32917]]]}},{"type":"Feature","properties":{"seccion":126,"municipio":10,"distrito_local":9,"distrito_federal":3},"geometry":{"type":"Polygon","coordinates":[[[-98.17459,19.3119],[-98.17906,19.31145],[-98.17949,19.31135],[-98.17956,19.31153],[-98.18043,19.31266],[-98.18064,19.31285],[-98.18094,19.31294],[-98.18178,19.31378],[-98.18224,19.31405],[-98.18252,19.31432],[-98.1827,19.31484],[-98.18257,19.31481],[-98.18185,19.31565],[-98.1841,19.31734],[-98.18402,19.31747],[-98.18384,19.31754],[-98.18143,19.31764],[-98.18013,19.3167],[-98.17991,19.31667],[-98.17847,19.31865],[-98.17834,19.31866],[-98.17759,19.31961],[-98.1762,19.31882],[-98.17678,19.31787],[-98.17661,19.31777],[-98.17657,19.31782],[-98.17525,19.31705],[-98.17439,19.31848],[-98.17336,19.31788],[-98.17352,19.3176],[-98.16638,19.31327],[-98.16414,19.31294],[-98.16256,19.31243],[-98.16558,19.31102],[-98.16594,19.31078],[-98.16908,19.30957],[-98.16991,19.30914],[-98.17459,19.3119]]]}},{"type":"Feature","properties":{"seccion":127,"municipio":10,"distrito_local":9,"distrito_federal":3},"geometry":{"type":"Polygon","coordinates":[[[-98.18111,19.30972],[-98.18122,19.30969],[-98.19055,19.31477],[-98.18961,19.31805],[-98.18871,19.31776],[-98.18767,19.31723],[-98.18753,19.31707],[-98.18436,19.31541],[-98.18362,19.31489],[-98.1835,19.31504],[-98.18303,19.31498],[-98.1827,19.31484],[-98.18252,19.31432],[-98.18224,19.31405],[-98.18178,19.31378],[-98.18094,19.31294],[-98.18064,19.31285],[-98.18043,19.31266],[-98.17956,19.31153],[-98.17942,19.31101],[-98.17907,19.31075],[-98.17942,19.31072],[-98.17913,19.31042],[-98.1792,19.31037],[-98.17994,19.31112],[-98.18111,19.30972]]]}},{"type":"Feature","properties":{"seccion":135,"municipio":10,"distrito_local":9,"distrito_federal":3},"geometry":{"type":"Polygon","coordinates":[[[-98.21475,19.32343],[-98.21392,19.32301],[-98.21378,19.32307],[-98.21236,19.32249],[-98.21185,19.32203],[-98.21138,19.32039],[-98.21072,19.32058],[-98.21052,19.32005],[-98.20981,19.31921],[-98.20972,19.3192],[-98.21027,19.31868],[-98.21064,19.31845],[-98.21182,19.31813],[-98.21442,19.31782],[-98.21826,19.31711],[-98.21894,19.31706],[-98.21889,19.31719],[-98.21821,19.31747],[-98.21768,19.31789],[-98.21691,19.31828],[-98.21611,19.31888],[-98.21499,19.31926],[-98.21486,19.31979],[-98.21491,19.32033],[-98.2145,19.32139],[-98.2139,19.32224],[-98.21422,19.32279],[-98.21486,19.32335],[-98.21475,19.32343]]]}},{"type":"Feature","properties":{"seccion":136,"municipio":10,"distrito_local":9,"distrito_federal":3},"geometry":{"type":"Polygon","coordinates":[[[-98.20972,19.3192],[-98.20967,19.31896],[-98.20998,19.31862],[-98.20983,19.31849],[-98.20921,19.31732],[-98.20973,19.31543],[-98.21047,19.31561],[-98.21357,19.31595],[-98.21357,19.31637],[-98.21413,19.31645],[-98.21426,19.31653],[-98.21501,19.31662],[-98.21501,19.31656],[-98.2154,19.31654],[-98.21707,19.31672],[-98.21679,19.31738],[-98.2142,19.31785],[-98.21243,19.31801],[-98.21093,19.31835],[-98.21027,19.31868],[-98.20972,19.3192]]]}},{"type":"Feature","properties":{"seccion":137,"municipio":10,"distrito_local":9,"distrito_federal":3},"geometry":{"type":"Polygon","coordinates":[[[-98.20972,19.3192],[-98.20941,19.319],[-98.20856,19.31864],[-98.20793,19.31848],[-98.20687,19.31796],[-98.20667,19.31742],[-98.20603,19.31662],[-98.20543,19.3162],[-98.20513,19.31555],[-98.20459,19.31519],[-98.20469,19.3145],[-98.20459,19.31412],[-98.20435,19.3137],[-98.20403,19.31335],[-98.20142,19.31175],[-98.20071,19.31099],[-98.20029,19.31009],[-98.19985,19.30828],[-98.20029,19.30821],[-98.2007,19.3076],[-98.21045,19.31291],[-98.20921,19.31732],[-98.20983,19.31849],[-98.20998,19.31862],[-98.20967,19.31896],[-98.20972,19.3192]]]}},{"type":"Feature","properties":{"seccion":138,"municipio":10,"distrito_local":9,"distrito_federal":3},"geometry":{"type":"Polygon","coordinates":[[[-98.19929,19.31527],[-98.19746,19.31432],[-98.19432,19.3142],[-98.19431,19.31273],[-98.19585,19.3127],[-98.19585,19.31129],[-98.20022,19.31152],[-98.20116,19.31218],[-98.19929,19.31527]]]}},{"type":"Feature","properties":{"seccion":139,"municipio":10,"distrito_local":9,"distrito_federal":3},"geometry":{"type":"Polygon","coordinates":[[[-98.19182,19.31469],[-98.19116,19.31447],[-98.19092,19.31425],[-98.19099,19.31405],[-98.19082,19.31382],[-98.19554,19.2981],[-98.19652,19.30025],[-98.19613,19.30073],[-98.19524,19.30244],[-98.19488,19.30333],[-98.19446,19.30488],[-98.1943,19.3095],[-98.19438,19.31039],[-98.19432,19.3142],[-98.19278,19.31413],[-98.19276,19.31446],[-98.19182,19.31469]]]}},{"type":"Feature","properties":{"seccion":140,"municipio":10,"distrito_local":9,"distrito_federal":3},"geometry":{"type":"Polygon","coordinates":[[[-98.18122,19.30969],[-98.17832,19.30804],[-98.17882,19.30608],[-98.18621,19.30932],[-98.19101,19.31175],[-98.19142,19.31183],[-98.19055,19.31477],[-98.18122,19.30969]]]}},{"type":"Feature","properties":{"seccion":141,"municipio":10,"distrito_local":9,"distrito_federal":3},"geometry":{"type":"Polygon","coordinates":[[[-98.18621,19.30932],[-98.1763,19.30488],[-98.1762,19.30462],[-98.17561,19.30385],[-98.17729,19.30167],[-98.17791,19.3019],[-98.17905,19.30249],[-98.17969,19.30261],[-98.18029,19.30022],[-98.18116,19.29982],[-98.1817,19.30009],[-98.18164,19.30068],[-98.18272,19.30121],[-98.18448,19.30168],[-98.18617,19.30295],[-98.18744,19.30326],[-98.18847,19.30382],[-98.189,19.30393],[-98.19029,19.30389],[-98.1906,19.30425],[-98.18928,19.30619],[-98.189,19.3068],[-98.19087,19.30758],[-98.19252,19.30813],[-98.19142,19.31183],[-98.19101,19.31175],[-98.18621,19.30932]]]}},{"type":"Feature","properties":{"seccion":142,"municipio":10,"distrito_local":9,"distrito_federal":3},"geometry":{"type":"Polygon","coordinates":[[[-98.19554,19.2981],[-98.19252,19.30813],[-98.19087,19.30758],[-98.189,19.3068],[-98.18928,19.30619],[-98.1906,19.30425],[-98.19029,19.30389],[-98.189,19.30393],[-98.18847,19.30382],[-98.18744,19.30326],[-98.18617,19.30295],[-98.18448,19.30168],[-98.18272,19.30121],[-98.18164,19.30068],[-98.1817,19.30009],[-98.18116,19.29982],[-98.18073,19.29941],[-98.18079,19.2989],[-98.18049,19.29863],[-98.17978,19.2984],[-98.17936,19.2979],[-98.18358,19.29395],[-98.18359,19.29386],[-98.18375,19.29383],[-98.18434,19.29414],[-98.1845,19.29443],[-98.18637,19.29491],[-98.18737,19.2966],[-98.18845,19.29704],[-98.18915,19.29765],[-98.18989,19.29781],[-98.19043,19.29823],[-98.19093,19.29837],[-98.19039,19.2971],[-98.19021,19.29575],[-98.18992,19.29457],[-98.19112,19.29472],[-98.19224,19.29556],[-98.19328,19.29697],[-98.19419,19.29754],[-98.19509,19.29764],[-98.19541,19.2976],[-98.19554,19.2981]]]}},{"type":"Feature","properties":{"seccion":143,"municipio":10,"distrito_local":9,"distrito_federal":3},"geometry":{"type":"Polygon","coordinates":[[[-98.19431,19.31273],[-98.19438,19.31039],[-98.1943,19.3095],[-98.19446,19.30488],[-98.19488,19.30333],[-98.19524,19.30244],[-98.19613,19.30073],[-98.19652,19.30025],[-98.19923,19.30608],[-98.20044,19.31049],[-98.20095,19.31131],[-98.20142,19.31175],[-98.20116,19.31218],[-98.20022,19.31152],[-98.19585,19.31129],[-98.19585,19.3127],[-98.19431,19.31273]]]}},{"type":"Feature","properties":{"seccion":144,"municipio":10,"distrito_local":9,"distrito_federal":3},"geometry":{"type":"Polygon","coordinates":[[[-98.21003,19.3127],[-98.2007,19.3076],[-98.20029,19.30821],[-98.19985,19.30828],[-98.19923,19.30608],[-98.19741,19.3022],[-98.20484,19.29454],[-98.20717,19.29633],[-98.20952,19.2979],[-98.21053,19.29905],[-98.21142,19.3004],[-98.21184,19.30087],[-98.21227,19.30182],[-98.21431,19.30357],[-98.21369,19.30421],[-98.21382,19.30431],[-98.21261,19.30576],[-98.21274,19.30584],[-98.21262,19.30598],[-98.21323,19.3063],[-98.21255,19.30728],[-98.21161,19.30836],[-98.21173,19.30842],[-98.21049,19.31106],[-98.21003,19.3127]]]}},{"type":"Feature","properties":{"seccion":147,"municipio":10,"distrito_local":9,"distrito_federal":3},"geometry":{"type":"Polygon","coordinates":[[[-98.07813,19.27245],[-98.09642,19.27562],[-98.11329,19.28021],[-98.12936,19.28281],[-98.13513,19.28424],[-98.13751,19.28421],[-98.14191,19.28519],[-98.14313,19.28462],[-98.14413,19.28425],[-98.14581,19.28526],[-98.14763,19.28687],[-98.1482,19.28749],[-98.15039,19.28842],[-98.15093,19.28907],[-98.15139,19.28937],[-98.15128,19.29005],[-98.15005,19.29242],[-98.14874,19.29453],[-98.14859,19.2947],[-98.14725,19.29405],[-98.14677,19.2952],[-98.14635,19.29541],[-98.14608,19.29585],[-98.14683,19.29635],[-98.14768,19.29653],[-98.14728,19.30004],[-98.14733,19.30016],[-98.14848,19.30106],[-98.151,19.3025],[-98.15054,19.30337],[-98.15008,19.3033],[-98.14813,19.30257],[-98.14514,19.3018],[-98.14242,19.3004],[-98.14173,19.30024],[-98.14145,19.30005],[-98.13933,19.29912],[-98.13851,19.29893],[-98.13747,19.29849],[-98.13482,19.29718],[-98.13367,19.29639],[-98.13251,19.29641],[-98.13219,19.29621],[-98.13218,19.29612],[-98.1313,19.29605],[-98.13121,19.2961],[-98.12997,19.29567],[-98.12977,19.295],[-98.13074,19.29389],[-98.12922,19.29322],[-98.1278,19.29285],[-98.12732,19.29255],[-98.12575,19.29228],[-98.12467,19.29182],[-98.12395,19.29116],[-98.12267,19.2905],[-98.12191,19.29028],[-98.12161,19.29034],[-98.11982,19.2892],[-98.11644,19.28753],[-98.11603,19.28736],[-98.11517,19.28729],[-98.11235,19.28555],[-98.09746,19.28138],[-98.07559,19.27653],[-98.07648,19.27557],[-98.07689,19.27485],[-98.07734,19.27444],[-98.07799,19.27353],[-98.07813,19.27245]]]}},{"type":"Feature","properties":{"seccion":145,"municipio":10,"distrito_local":9,"distrito_federal":3},"geometry":{"type":"Polygon","coordinates":[[[-98.15762,19.31081],[-98.155,19.31007],[-98.15374,19.30992],[-98.15206,19.30989],[-98.1522,19.31011],[-98.15295,19.31076],[-98.15313,19.31107],[-98.15364,19.31156],[-98.15449,19.31213],[-98.15476,19.31245],[-98.15481,19.31277],[-98.15472,19.31349],[-98.15477,19.31372],[-98.15546,19.31442],[-98.15557,19.31471],[-98.15401,19.31376],[-98.15359,19.31363],[-98.15326,19.31304],[-98.15251,19.3128],[-98.15192,19.31235],[-98.15018,19.31137],[-98.14886,19.31099],[-98.14708,19.31035],[-98.14459,19.30908],[-98.14378,19.30933],[-98.14317,19.3094],[-98.14222,19.30912],[-98.14141,19.31018],[-98.14202,19.31079],[-98.14253,19.31114],[-98.14272,19.3114],[-98.14344,19.31192],[-98.14376,19.31203],[-98.14423,19.31245],[-98.1445,19.31256],[-98.14522,19.31311],[-98.14549,19.31322],[-98.14444,19.31498],[-98.14348,19.31486],[-98.14065,19.31415],[-98.13807,19.31335],[-98.13656,19.31191],[-98.13511,19.3112],[-98.13486,19.3104],[-98.13431,19.30971],[-98.13401,19.30951],[-98.13286,19.30836],[-98.13117,19.30726],[-98.13081,19.30712],[-98.13015,19.30645],[-98.12903,19.30559],[-98.12718,19.30495],[-98.12677,19.30418],[-98.12604,19.30453],[-98.12508,19.3043],[-98.12445,19.30373],[-98.1241,19.30422],[-98.12385,19.30388],[-98.12387,19.30379],[-98.12453,19.30331],[-98.12691,19.30058],[-98.13036,19.29717],[-98.13071,19.29667],[-98.13078,19.29636],[-98.13091,19.29621],[-98.1313,19.29605],[-98.13175,19.29607],[-98.13218,19.29612],[-98.13219,19.29621],[-98.13251,19.29641],[-98.13367,19.29639],[-98.13482,19.29718],[-98.13747,19.29849],[-98.13851,19.29893],[-98.13933,19.29912],[-98.14155,19.30011],[-98.14133,19.30073],[-98.14166,19.30084],[-98.14243,19.30138],[-98.14287,19.30154],[-98.14336,19.30188],[-98.14347,19.30207],[-98.14328,19.30229],[-98.14294,19.30226],[-98.14252,19.30196],[-98.14221,19.302],[-98.14181,19.30222],[-98.14091,19.30222],[-98.14072,19.30285],[-98.14277,19.30303],[-98.14485,19.30344],[-98.14866,19.30454],[-98.15016,19.30568],[-98.151,19.30604],[-98.15188,19.30661],[-98.15255,19.30722],[-98.15506,19.30875],[-98.15595,19.30939],[-98.15689,19.30981],[-98.15743,19.31036],[-98.15762,19.31081]]]}},{"type":"Feature","properties":{"seccion":146,"municipio":10,"distrito_local":9,"distrito_federal":3},"geometry":{"type":"Polygon","coordinates":[[[-98.07559,19.27653],[-98.09746,19.28138],[-98.11235,19.28555],[-98.11517,19.28729],[-98.11603,19.28736],[-98.11644,19.28753],[-98.11982,19.2892],[-98.12161,19.29034],[-98.12191,19.29028],[-98.12267,19.2905],[-98.12395,19.29116],[-98.12467,19.29182],[-98.12575,19.29228],[-98.12732,19.29255],[-98.1278,19.29285],[-98.12922,19.29322],[-98.13074,19.29389],[-98.12977,19.295],[-98.12997,19.29567],[-98.13121,19.2961],[-98.13091,19.29621],[-98.13078,19.29636],[-98.13071,19.29667],[-98.13036,19.29717],[-98.12691,19.30058],[-98.12453,19.30331],[-98.12387,19.30379],[-98.12385,19.30388],[-98.1241,19.30422],[-98.12253,19.30293],[-98.12197,19.30267],[-98.1211,19.3021],[-98.12151,19.30155],[-98.12042,19.30084],[-98.11999,19.30137],[-98.11753,19.2998],[-98.11727,19.30009],[-98.11664,19.29965],[-98.11528,19.30102],[-98.11513,19.30149],[-98.11493,19.30176],[-98.1123,19.30069],[-98.11114,19.30006],[-98.10969,19.29943],[-98.10864,19.29884],[-98.10661,19.29804],[-98.09533,19.29131],[-98.08921,19.28904],[-98.07743,19.28685],[-98.06469,19.28623],[-98.06342,19.28591],[-98.06343,19.28524],[-98.0653,19.28408],[-98.06568,19.28336],[-98.06581,19.28286],[-98.06592,19.28276],[-98.06615,19.28277],[-98.06665,19.2832],[-98.06699,19.28315],[-98.06896,19.28187],[-98.0702,19.28076],[-98.07018,19.2804],[-98.06982,19.27967],[-98.06903,19.27879],[-98.06898,19.27862],[-98.06912,19.27836],[-98.06925,19.2783],[-98.06994,19.27844],[-98.07089,19.27924],[-98.07167,19.27939],[-98.07213,19.27931],[-98.07298,19.2789],[-98.07507,19.2771],[-98.07559,19.27653]]]}},{"type":"Feature","properties":{"seccion":150,"municipio":10,"distrito_local":9,"distrito_federal":3},"geometry":{"type":"Polygon","coordinates":[[[-98.19652,19.30025],[-98.20137,19.29264],[-98.20218,19.29168],[-98.20435,19.28852],[-98.20748,19.2907],[-98.20907,19.28845],[-98.21305,19.29203],[-98.21532,19.29478],[-98.21601,19.29576],[-98.21632,19.29682],[-98.21852,19.30101],[-98.21511,19.30429],[-98.21227,19.30182],[-98.21184,19.30087],[-98.21142,19.3004],[-98.21053,19.29905],[-98.20952,19.2979],[-98.20717,19.29633],[-98.20484,19.29454],[-98.19741,19.3022],[-98.19652,19.30025]]]}},{"type":"Feature","properties":{"seccion":148,"municipio":10,"distrito_local":9,"distrito_federal":3},"geometry":{"type":"Polygon","coordinates":[[[-98.17949,19.31135],[-98.17459,19.3119],[-98.16991,19.30914],[-98.16908,19.30957],[-98.16594,19.31078],[-98.16558,19.31102],[-98.16256,19.31243],[-98.15762,19.31081],[-98.15743,19.31036],[-98.15689,19.30981],[-98.15595,19.30939],[-98.15506,19.30875],[-98.15255,19.30722],[-98.15188,19.30661],[-98.151,19.30604],[-98.15016,19.30568],[-98.14866,19.30454],[-98.14485,19.30344],[-98.14277,19.30303],[-98.14072,19.30285],[-98.14091,19.30222],[-98.14181,19.30222],[-98.14221,19.302],[-98.14252,19.30196],[-98.14294,19.30226],[-98.14328,19.30229],[-98.14347,19.30207],[-98.14336,19.30188],[-98.14287,19.30154],[-98.14243,19.30138],[-98.14166,19.30084],[-98.14133,19.30073],[-98.14158,19.30013],[-98.14173,19.30024],[-98.14242,19.3004],[-98.14514,19.3018],[-98.14813,19.30257],[-98.15008,19.3033],[-98.15054,19.30337],[-98.15102,19.30245],[-98.15006,19.30199],[-98.14848,19.30106],[-98.14729,19.30009],[-98.14768,19.29653],[-98.14683,19.29635],[-98.14608,19.29585],[-98.14635,19.29541],[-98.14677,19.2952],[-98.14725,19.29405],[-98.14859,19.2947],[-98.15005,19.29242],[-98.15116,19.29022],[-98.15209,19.2903],[-98.15216,19.29113],[-98.15209,19.29137],[-98.15285,19.29112],[-98.15299,19.29085],[-98.1532,19.29084],[-98.15533,19.29191],[-98.15552,19.29149],[-98.156,19.29127],[-98.15645,19.29164],[-98.15676,19.29226],[-98.15818,19.29231],[-98.1586,19.29268],[-98.15824,19.29303],[-98.1583,19.29337],[-98.15883,19.29346],[-98.16171,19.29475],[-98.16226,19.29523],[-98.16321,19.29549],[-98.16412,19.2968],[-98.16393,19.2974],[-98.16425,19.29798],[-98.16473,19.29811],[-98.16532,19.2991],[-98.16614,19.29992],[-98.16673,19.30018],[-98.16731,19.30055],[-98.16807,19.30083],[-98.16843,19.30083],[-98.16991,19.3019],[-98.17051,19.30247],[-98.17155,19.30307],[-98.17382,19.30379],[-98.17427,19.30303],[-98.17453,19.30301],[-98.17909,19.29808],[-98.17936,19.2979],[-98.17978,19.2984],[-98.18049,19.29863],[-98.18079,19.2989],[-98.18073,19.29941],[-98.18116,19.29982],[-98.18029,19.30022],[-98.17969,19.30261],[-98.17905,19.30249],[-98.17791,19.3019],[-98.17729,19.30167],[-98.17561,19.30385],[-98.1762,19.30462],[-98.1763,19.30488],[-98.17882,19.30605],[-98.17832,19.30804],[-98.18122,19.30969],[-98.18111,19.30972],[-98.17994,19.31112],[-98.1792,19.31037],[-98.17913,19.31042],[-98.17942,19.31072],[-98.17907,19.31075],[-98.17942,19.31101],[-98.17949,19.31135]]]}},{"type":"Feature","properties":{"seccion":149,"municipio":10,"distrito_local":9,"distrito_federal":3},"geometry":{"type":"Polygon","coordinates":[[[-98.08162,19.265],[-98.08342,19.26501],[-98.08954,19.26607],[-98.10144,19.26784],[-98.11028,19.26788],[-98.12939,19.26883],[-98.13601,19.27109],[-98.13678,19.2726],[-98.13783,19.27305],[-98.13882,19.27295],[-98.13897,19.27266],[-98.14085,19.27268],[-98.14197,19.27314],[-98.14324,19.27321],[-98.14409,19.27344],[-98.14521,19.27421],[-98.14598,19.27281],[-98.14798,19.27396],[-98.14821,19.27368],[-98.1503,19.27516],[-98.15375,19.2762],[-98.1541,19.27655],[-98.15488,19.27695],[-98.1556,19.27711],[-98.15692,19.2779],[-98.1572,19.27886],[-98.15745,19.27937],[-98.15792,19.27987],[-98.15842,19.28075],[-98.15899,19.28126],[-98.15913,19.28184],[-98.1596,19.28297],[-98.16028,19.28299],[-98.16045,19.28358],[-98.16106,19.28402],[-98.16234,19.28436],[-98.16332,19.28438],[-98.16339,19.28461],[-98.16368,19.28481],[-98.16441,19.28511],[-98.16488,19.2856],[-98.16519,19.2858],[-98.16562,19.28575],[-98.16582,19.28599],[-98.16596,19.28675],[-98.16743,19.28731],[-98.16777,19.28772],[-98.16832,19.28778],[-98.16901,19.28774],[-98.16965,19.28794],[-98.17026,19.28779],[-98.17054,19.28816],[-98.17096,19.28824],[-98.17193,19.28864],[-98.17475,19.28926],[-98.17495,19.28948],[-98.17578,19.28944],[-98.17621,19.28962],[-98.17894,19.29154],[-98.1796,19.29165],[-98.17989,19.29131],[-98.18027,19.29175],[-98.18101,19.29236],[-98.18164,19.29279],[-98.18274,19.29329],[-98.18359,19.29386],[-98.18358,19.29395],[-98.17936,19.2979],[-98.17909,19.29808],[-98.17453,19.30301],[-98.17427,19.30303],[-98.17382,19.30379],[-98.17155,19.30307],[-98.17051,19.30247],[-98.16991,19.3019],[-98.16843,19.30083],[-98.16807,19.30083],[-98.16731,19.30055],[-98.16673,19.30018],[-98.16614,19.29992],[-98.16532,19.2991],[-98.16473,19.29811],[-98.16425,19.29798],[-98.16393,19.2974],[-98.16412,19.2968],[-98.16321,19.29549],[-98.16226,19.29523],[-98.16171,19.29475],[-98.15883,19.29346],[-98.1583,19.29337],[-98.15824,19.29303],[-98.1586,19.29268],[-98.15818,19.29231],[-98.15676,19.29226],[-98.15645,19.29164],[-98.156,19.29127],[-98.15552,19.29149],[-98.15533,19.29191],[-98.1532,19.29084],[-98.15299,19.29085],[-98.15285,19.29112],[-98.15209,19.29137],[-98.15216,19.29113],[-98.15209,19.2903],[-98.15116,19.29022],[-98.15135,19.28984],[-98.15139,19.28937],[-98.15093,19.28907],[-98.15039,19.28842],[-98.1482,19.28749],[-98.14763,19.28687],[-98.14581,19.28526],[-98.14413,19.28425],[-98.14313,19.28462],[-98.14191,19.28519],[-98.13751,19.28421],[-98.13513,19.28424],[-98.12936,19.28281],[-98.11329,19.28021],[-98.09642,19.27562],[-98.07813,19.27245],[-98.07861,19.26949],[-98.07887,19.26834],[-98.07992,19.26628],[-98.08052,19.26594],[-98.08162,19.265]]]}},{"type":"Feature","properties":{"seccion":152,"municipio":52,"distrito_local":9,"distrito_federal":3},"geometry":{"type":"Polygon","coordinates":[[[-98.11947,19.25811],[-98.12371,19.25896],[-98.12506,19.25917],[-98.12845,19.2589],[-98.13184,19.25993],[-98.14061,19.26286],[-98.14176,19.26319],[-98.14441,19.26427],[-98.15586,19.26727],[-98.15732,19.26762],[-98.15833,19.26761],[-98.15858,19.26774],[-98.17088,19.27077],[-98.17137,19.27117],[-98.1713,19.27143],[-98.17143,19.2717],[-98.17195,19.27199],[-98.17105,19.27353],[-98.17338,19.2727],[-98.17397,19.27302],[-98.17434,19.27331],[-98.17461,19.27217],[-98.17646,19.27149],[-98.17544,19.2693],[-98.17642,19.26948],[-98.17714,19.26935],[-98.17806,19.26967],[-98.17852,19.26964],[-98.17896,19.26971],[-98.17933,19.26946],[-98.17964,19.2697],[-98.18001,19.26951],[-98.18043,19.26972],[-98.18098,19.2702],[-98.18189,19.26988],[-98.18266,19.26992],[-98.18319,19.27011],[-98.18404,19.2706],[-98.18471,19.27071],[-98.18506,19.27099],[-98.18613,19.27116],[-98.18663,19.27185],[-98.18711,19.27203],[-98.18684,19.27241],[-98.18662,19.27253],[-98.18607,19.27355],[-98.18614,19.2737],[-98.18641,19.27371],[-98.18685,19.27289],[-98.18694,19.27289],[-98.19356,19.2757],[-98.19377,19.27602],[-98.19424,19.27628],[-98.194,19.27691],[-98.18625,19.27855],[-98.18577,19.27857],[-98.18695,19.27939],[-98.18691,19.27957],[-98.1878,19.28018],[-98.18807,19.28018],[-98.18831,19.28029],[-98.18867,19.28068],[-98.19065,19.28212],[-98.19022,19.28268],[-98.18799,19.28139],[-98.18534,19.2859],[-98.18249,19.2846],[-98.18005,19.28366],[-98.17833,19.28393],[-98.17604,19.28342],[-98.17499,19.28252],[-98.17362,19.2809],[-98.17171,19.27968],[-98.17052,19.27796],[-98.16951,19.27743],[-98.16162,19.27598],[-98.16115,19.27462],[-98.15914,19.27433],[-98.15801,19.27487],[-98.15741,19.27425],[-98.1557,19.27349],[-98.15523,19.27305],[-98.155,19.27651],[-98.1509,19.27478],[-98.14856,19.27328],[-98.14798,19.27396],[-98.14598,19.27281],[-98.14521,19.27421],[-98.14409,19.27344],[-98.14324,19.27321],[-98.14197,19.27314],[-98.14085,19.27268],[-98.13897,19.27266],[-98.13882,19.27295],[-98.13783,19.27305],[-98.13678,19.2726],[-98.13601,19.27109],[-98.12939,19.26883],[-98.11028,19.26788],[-98.10144,19.26784],[-98.08954,19.26607],[-98.08342,19.26501],[-98.08162,19.265],[-98.08224,19.26444],[-98.08253,19.26393],[-98.08322,19.2632],[-98.08325,19.26281],[-98.08303,19.26251],[-98.08307,19.26244],[-98.08361,19.26219],[-98.0838,19.26189],[-98.08425,19.26151],[-98.08493,19.25885],[-98.08458,19.25787],[-98.08559,19.25626],[-98.09153,19.25148],[-98.0931,19.24986],[-98.09337,19.24969],[-98.09374,19.24999],[-98.09392,19.24994],[-98.0942,19.25018],[-98.09428,19.25048],[-98.09542,19.25065],[-98.09563,19.25137],[-98.09608,19.25155],[-98.09636,19.25113],[-98.09662,19.2514],[-98.09669,19.25178],[-98.09718,19.25172],[-98.09748,19.25212],[-98.09801,19.25202],[-98.09847,19.25224],[-98.09878,19.2522],[-98.09916,19.25248],[-98.1003,19.25249],[-98.10074,19.25293],[-98.10138,19.25259],[-98.10187,19.25286],[-98.10211,19.2527],[-98.10254,19.25326],[-98.10295,19.25315],[-98.10357,19.25351],[-98.10414,19.25344],[-98.10452,19.25372],[-98.10503,19.25342],[-98.10535,19.25361],[-98.10583,19.2535],[-98.10608,19.25387],[-98.10641,19.25386],[-98.1087,19.25485],[-98.11255,19.25634],[-98.11373,19.2567],[-98.11947,19.25811]]]}},{"type":"Feature","properties":{"seccion":310,"municipio":22,"distrito_local":12,"distrito_federal":3},"geometry":{"type":"Polygon","coordinates":[[[-98.20259,19.22266],[-98.2017,19.22243],[-98.20103,19.22217],[-98.20062,19.22188],[-98.20038,19.22193],[-98.19924,19.22155],[-98.19831,19.22141],[-98.19731,19.22107],[-98.19613,19.22083],[-98.19653,19.21683],[-98.1965,19.21627],[-98.1962,19.21476],[-98.19624,19.21419],[-98.19637,19.21344],[-98.19698,19.21202],[-98.1971,19.21099],[-98.19704,19.20996],[-98.19714,19.20996],[-98.19726,19.20978],[-98.19774,19.20984],[-98.19824,19.21014],[-98.19893,19.21039],[-98.20085,19.21045],[-98.20198,19.21009],[-98.20239,19.21019],[-98.20291,19.21054],[-98.20325,19.21049],[-98.20349,19.21026],[-98.20384,19.21031],[-98.2044,19.21078],[-98.20707,19.21143],[-98.20655,19.21229],[-98.20921,19.21257],[-98.20985,19.21296],[-98.21095,19.21346],[-98.21309,19.21418],[-98.21362,19.21411],[-98.21287,19.21777],[-98.20276,19.22244],[-98.20259,19.22266]]]}},{"type":"Feature","properties":{"seccion":153,"municipio":52,"distrito_local":9,"distrito_federal":3},"geometry":{"type":"Polygon","coordinates":[[[-98.19356,19.2757],[-98.18694,19.27289],[-98.18685,19.27289],[-98.18641,19.27371],[-98.18614,19.2737],[-98.18607,19.27355],[-98.18662,19.27253],[-98.18684,19.27241],[-98.18711,19.27203],[-98.18663,19.27185],[-98.18613,19.27116],[-98.18506,19.27099],[-98.18471,19.27071],[-98.18404,19.2706],[-98.18319,19.27011],[-98.18266,19.26992],[-98.18189,19.26988],[-98.18098,19.2702],[-98.18043,19.26972],[-98.18001,19.26951],[-98.17964,19.2697],[-98.17933,19.26946],[-98.17896,19.26971],[-98.17852,19.26964],[-98.17806,19.26967],[-98.17714,19.26935],[-98.17642,19.26948],[-98.17544,19.2693],[-98.17714,19.26869],[-98.1828,19.26638],[-98.18376,19.26594],[-98.18409,19.26568],[-98.18461,19.2657],[-98.18473,19.26564],[-98.18481,19.26533],[-98.18387,19.26513],[-98.18363,19.26501],[-98.18103,19.26296],[-98.17931,19.26178],[-98.17956,19.26131],[-98.18057,19.26134],[-98.18068,19.2603],[-98.18081,19.25998],[-98.18117,19.25961],[-98.18157,19.25948],[-98.18172,19.25931],[-98.18188,19.25754],[-98.18228,19.25514],[-98.1833,19.25513],[-98.18484,19.25493],[-98.18587,19.25455],[-98.18627,19.25454],[-98.18678,19.25473],[-98.18875,19.25479],[-98.19076,19.25504],[-98.19246,19.25513],[-98.19342,19.25493],[-98.19387,19.25492],[-98.19491,19.25511],[-98.19565,19.25541],[-98.1954,19.25834],[-98.19584,19.25823],[-98.19697,19.25908],[-98.2,19.26055],[-98.19983,19.26121],[-98.19565,19.2594],[-98.19415,19.25908],[-98.1939,19.2597],[-98.19387,19.26008],[-98.19354,19.26102],[-98.1941,19.26123],[-98.19377,19.26193],[-98.19409,19.26201],[-98.19333,19.26462],[-98.19236,19.26635],[-98.193,19.26831],[-98.19298,19.27145],[-98.1932,19.27203],[-98.19276,19.27291],[-98.19333,19.27367],[-98.19429,19.27454],[-98.19363,19.27579],[-98.19356,19.2757]]]}},{"type":"Feature","properties":{"seccion":154,"municipio":52,"distrito_local":9,"distrito_federal":3},"geometry":{"type":"Polygon","coordinates":[[[-98.20779,19.28726],[-98.20907,19.28845],[-98.20748,19.2907],[-98.20435,19.28852],[-98.20449,19.28831],[-98.20355,19.28722],[-98.2029,19.28665],[-98.19952,19.28461],[-98.20005,19.28297],[-98.20081,19.27974],[-98.19937,19.279],[-98.19528,19.2771],[-98.19576,19.27629],[-98.19654,19.27621],[-98.1967,19.27633],[-98.197,19.27623],[-98.19808,19.27692],[-98.20108,19.27811],[-98.20179,19.27442],[-98.20319,19.27504],[-98.204,19.27523],[-98.20578,19.27589],[-98.20868,19.27664],[-98.20974,19.27682],[-98.21169,19.27751],[-98.2123,19.2763],[-98.21225,19.27618],[-98.2142,19.27653],[-98.21443,19.27669],[-98.21489,19.2768],[-98.21512,19.27678],[-98.21496,19.27712],[-98.21416,19.27788],[-98.21178,19.28179],[-98.20779,19.28726]]]}},{"type":"Feature","properties":{"seccion":155,"municipio":52,"distrito_local":9,"distrito_federal":3},"geometry":{"type":"Polygon","coordinates":[[[-98.2041,19.2675],[-98.20725,19.26843],[-98.21435,19.26863],[-98.21413,19.26902],[-98.21398,19.26961],[-98.21335,19.27314],[-98.21291,19.27456],[-98.21225,19.27618],[-98.2123,19.2763],[-98.21169,19.27751],[-98.20974,19.27682],[-98.20868,19.27664],[-98.20578,19.27589],[-98.204,19.27523],[-98.20319,19.27504],[-98.20179,19.27442],[-98.20108,19.27811],[-98.19808,19.27692],[-98.197,19.27623],[-98.1967,19.27633],[-98.19654,19.27621],[-98.19576,19.27629],[-98.19513,19.27734],[-98.194,19.27691],[-98.19424,19.27628],[-98.19377,19.27602],[-98.19363,19.27579],[-98.19429,19.27454],[-98.19333,19.27367],[-98.19276,19.27291],[-98.1932,19.27203],[-98.19298,19.27145],[-98.193,19.26831],[-98.19236,19.26635],[-98.19333,19.26462],[-98.19409,19.26201],[-98.19377,19.26193],[-98.1941,19.26123],[-98.19354,19.26102],[-98.19387,19.26008],[-98.1939,19.2597],[-98.19415,19.25908],[-98.19565,19.2594],[-98.19983,19.26121],[-98.1987,19.26567],[-98.20312,19.26731],[-98.20402,19.26741],[-98.2041,19.2675]]]}},{"type":"Feature","properties":{"seccion":156,"municipio":10,"distrito_local":9,"distrito_federal":3},"geometry":{"type":"Polygon","coordinates":[[[-98.16919,19.27737],[-98.16951,19.27743],[-98.17052,19.27796],[-98.17171,19.27968],[-98.17362,19.2809],[-98.17499,19.28252],[-98.17604,19.28342],[-98.17833,19.28393],[-98.18005,19.28366],[-98.18249,19.2846],[-98.18553,19.28599],[-98.18634,19.28623],[-98.18666,19.28669],[-98.18674,19.28734],[-98.1869,19.28769],[-98.18789,19.28826],[-98.18854,19.28888],[-98.18893,19.29006],[-98.18973,19.29148],[-98.19046,19.29363],[-98.19112,19.29472],[-98.18992,19.29457],[-98.19021,19.29575],[-98.19039,19.2971],[-98.19093,19.29837],[-98.19043,19.29823],[-98.18989,19.29781],[-98.18915,19.29765],[-98.18845,19.29704],[-98.18737,19.2966],[-98.18637,19.29491],[-98.1845,19.29443],[-98.18434,19.29414],[-98.18375,19.29383],[-98.18359,19.29386],[-98.18335,19.29375],[-98.18274,19.29329],[-98.18164,19.29279],[-98.18027,19.29175],[-98.17989,19.29131],[-98.1796,19.29165],[-98.17894,19.29154],[-98.17621,19.28962],[-98.17578,19.28944],[-98.17495,19.28948],[-98.17475,19.28926],[-98.17193,19.28864],[-98.17096,19.28824],[-98.17054,19.28816],[-98.17026,19.28779],[-98.16965,19.28794],[-98.16901,19.28774],[-98.16832,19.28778],[-98.16777,19.28772],[-98.16743,19.28731],[-98.16596,19.28675],[-98.16582,19.28599],[-98.16562,19.28575],[-98.16519,19.2858],[-98.16488,19.2856],[-98.16441,19.28511],[-98.16368,19.28481],[-98.16339,19.28461],[-98.16423,19.28422],[-98.16499,19.28415],[-98.16562,19.2838],[-98.16581,19.28316],[-98.16855,19.27905],[-98.16919,19.27737]]]}},{"type":"Feature","properties":{"seccion":157,"municipio":10,"distrito_local":9,"distrito_federal":3},"geometry":{"type":"Polygon","coordinates":[[[-98.16162,19.27598],[-98.16919,19.27737],[-98.16855,19.27905],[-98.16581,19.28316],[-98.16562,19.2838],[-98.16499,19.28415],[-98.16423,19.28422],[-98.16339,19.28461],[-98.16332,19.28438],[-98.16324,19.28435],[-98.16234,19.28436],[-98.16106,19.28402],[-98.16045,19.28358],[-98.16028,19.28299],[-98.1596,19.28297],[-98.15913,19.28184],[-98.15899,19.28126],[-98.15842,19.28075],[-98.15792,19.27987],[-98.15745,19.27937],[-98.1572,19.27886],[-98.15692,19.2779],[-98.1556,19.27711],[-98.15488,19.27695],[-98.1541,19.27655],[-98.15375,19.2762],[-98.1503,19.27516],[-98.14821,19.27368],[-98.14856,19.27328],[-98.1509,19.27478],[-98.155,19.27651],[-98.15523,19.27305],[-98.1557,19.27349],[-98.15741,19.27425],[-98.15801,19.27487],[-98.15914,19.27433],[-98.16115,19.27462],[-98.16162,19.27598]]]}},{"type":"Feature","properties":{"seccion":158,"municipio":51,"distrito_local":12,"distrito_federal":3},"geometry":{"type":"Polygon","coordinates":[[[-98.15767,19.26766],[-98.15586,19.26727],[-98.14441,19.26427],[-98.14176,19.26319],[-98.14061,19.26286],[-98.13184,19.25993],[-98.12845,19.2589],[-98.12976,19.2588],[-98.13428,19.25883],[-98.13617,19.25897],[-98.13799,19.25953],[-98.13848,19.25953],[-98.13918,19.25931],[-98.14022,19.25932],[-98.14127,19.25902],[-98.14189,19.25898],[-98.14647,19.25993],[-98.14906,19.26072],[-98.1494,19.26062],[-98.14985,19.26067],[-98.15033,19.26041],[-98.15072,19.26056],[-98.15134,19.26057],[-98.15183,19.26047],[-98.15217,19.26022],[-98.15294,19.26014],[-98.15324,19.26003],[-98.15452,19.2601],[-98.15486,19.25987],[-98.15518,19.25977],[-98.15543,19.25951],[-98.15578,19.25884],[-98.16203,19.25979],[-98.16243,19.25997],[-98.16259,19.26023],[-98.16318,19.25999],[-98.16386,19.2602],[-98.16396,19.25951],[-98.1644,19.25829],[-98.16491,19.25873],[-98.16565,19.25969],[-98.1661,19.25974],[-98.16673,19.26],[-98.16683,19.26011],[-98.16668,19.2603],[-98.16642,19.2604],[-98.16629,19.26064],[-98.16593,19.26065],[-98.16575,19.26096],[-98.16543,19.26092],[-98.16528,19.26136],[-98.1653,19.26279],[-98.16589,19.26286],[-98.16553,19.2637],[-98.16552,19.26458],[-98.16616,19.26502],[-98.16699,19.26541],[-98.16775,19.26594],[-98.16893,19.26617],[-98.1705,19.26676],[-98.17303,19.26841],[-98.17313,19.26906],[-98.17331,19.26952],[-98.17329,19.27041],[-98.17205,19.27207],[-98.17143,19.2717],[-98.1713,19.27143],[-98.17137,19.27117],[-98.17088,19.27077],[-98.15858,19.26774],[-98.15833,19.26761],[-98.15767,19.26766]]]}},{"type":"Feature","properties":{"seccion":159,"municipio":51,"distrito_local":12,"distrito_federal":3},"geometry":{"type":"Polygon","coordinates":[[[-98.03454,19.27039],[-98.03414,19.26977],[-98.0339,19.26899],[-98.03378,19.26809],[-98.03354,19.26784],[-98.03337,19.26723],[-98.03301,19.26661],[-98.03236,19.26411],[-98.03205,19.26202],[-98.03198,19.25951],[-98.03202,19.25778],[-98.03224,19.25606],[-98.03201,19.2552],[-98.03182,19.25298],[-98.03158,19.25216],[-98.03109,19.24772],[-98.03107,19.24596],[-98.03127,19.24148],[-98.03118,19.23742],[-98.03106,19.23606],[-98.03127,19.23376],[-98.03115,19.23253],[-98.0312,19.23134],[-98.03102,19.23072],[-98.04161,19.23074],[-98.04301,19.23127],[-98.04376,19.23172],[-98.04469,19.232],[-98.0465,19.23202],[-98.04748,19.23294],[-98.04956,19.23347],[-98.05049,19.2338],[-98.05177,19.23404],[-98.05327,19.23371],[-98.05593,19.23382],[-98.05732,19.23382],[-98.05802,19.23373],[-98.05912,19.23394],[-98.06062,19.23385],[-98.06109,19.23401],[-98.06172,19.23377],[-98.06224,19.23372],[-98.06276,19.23397],[-98.06317,19.23393],[-98.06422,19.23458],[-98.06439,19.23479],[-98.06526,19.23524],[-98.06567,19.23556],[-98.06776,19.23593],[-98.06984,19.23576],[-98.07111,19.23584],[-98.07216,19.23678],[-98.07356,19.23772],[-98.07408,19.23796],[-98.07565,19.23821],[-98.08011,19.23856],[-98.08202,19.23938],[-98.08266,19.2393],[-98.08538,19.23966],[-98.08631,19.23986],[-98.08828,19.24051],[-98.08933,19.24109],[-98.09031,19.24121],[-98.09222,19.24128],[-98.09454,19.24185],[-98.09588,19.2423],[-98.09687,19.24295],[-98.09798,19.24398],[-98.09844,19.24431],[-98.10012,19.24467],[-98.10076,19.245],[-98.10413,19.24614],[-98.10587,19.24663],[-98.10836,19.24686],[-98.10958,19.24715],[-98.11004,19.24735],[-98.11595,19.24844],[-98.11885,19.24913],[-98.12076,19.24909],[-98.1225,19.24888],[-98.12395,19.24912],[-98.12499,19.2492],[-98.12591,19.24887],[-98.12695,19.24862],[-98.12782,19.2487],[-98.12922,19.24931],[-98.12985,19.24914],[-98.13147,19.24848],[-98.13263,19.24839],[-98.13361,19.2488],[-98.13571,19.24986],[-98.13896,19.25125],[-98.14099,19.25235],[-98.14267,19.2521],[-98.14472,19.25122],[-98.14481,19.25111],[-98.14478,19.25063],[-98.1453,19.25014],[-98.14675,19.25004],[-98.14686,19.25157],[-98.14754,19.25266],[-98.14792,19.25289],[-98.14829,19.25291],[-98.14862,19.25253],[-98.14906,19.25222],[-98.14949,19.25212],[-98.15018,19.25214],[-98.15151,19.25246],[-98.15285,19.25292],[-98.15358,19.25328],[-98.15385,19.25353],[-98.15414,19.25359],[-98.15567,19.25355],[-98.15679,19.25321],[-98.15926,19.2531],[-98.16049,19.25323],[-98.16362,19.25393],[-98.16496,19.25466],[-98.16484,19.2552],[-98.16508,19.25583],[-98.16512,19.25655],[-98.16396,19.25951],[-98.16386,19.2602],[-98.16318,19.25999],[-98.16259,19.26023],[-98.16243,19.25997],[-98.16203,19.25979],[-98.15578,19.25884],[-98.15543,19.25951],[-98.15518,19.25977],[-98.15486,19.25987],[-98.15452,19.2601],[-98.15324,19.26003],[-98.15294,19.26014],[-98.15217,19.26022],[-98.15183,19.26047],[-98.15134,19.26057],[-98.15072,19.26056],[-98.15033,19.26041],[-98.14985,19.26067],[-98.1494,19.26062],[-98.14906,19.26072],[-98.14647,19.25993],[-98.14189,19.25898],[-98.14127,19.25902],[-98.14022,19.25932],[-98.13918,19.25931],[-98.13848,19.25953],[-98.13799,19.25953],[-98.13617,19.25897],[-98.13428,19.25883],[-98.12891,19.25883],[-98.12506,19.25917],[-98.12371,19.25896],[-98.11806,19.2578],[-98.11373,19.2567],[-98.11255,19.25634],[-98.1087,19.25485],[-98.10641,19.25386],[-98.10608,19.25387],[-98.10583,19.2535],[-98.10535,19.25361],[-98.10503,19.25342],[-98.10452,19.25372],[-98.10414,19.25344],[-98.10357,19.25351],[-98.10295,19.25315],[-98.10254,19.25326],[-98.10211,19.2527],[-98.10187,19.25286],[-98.10138,19.25259],[-98.10074,19.25293],[-98.1003,19.25249],[-98.09916,19.25248],[-98.09878,19.2522],[-98.09847,19.25224],[-98.09801,19.25202],[-98.09748,19.25212],[-98.09718,19.25172],[-98.09669,19.25178],[-98.09662,19.2514],[-98.09636,19.25113],[-98.09608,19.25155],[-98.09563,19.25137],[-98.09542,19.25065],[-98.09428,19.25048],[-98.0942,19.25018],[-98.09392,19.24994],[-98.09374,19.24999],[-98.09337,19.24969],[-98.0931,19.24986],[-98.09153,19.25148],[-98.08559,19.25626],[-98.08458,19.25787],[-98.08493,19.25885],[-98.08425,19.26151],[-98.0838,19.26189],[-98.08361,19.26219],[-98.08307,19.26244],[-98.08303,19.26251],[-98.08325,19.26281],[-98.08327,19.26312],[-98.08313,19.26335],[-98.08253,19.26393],[-98.08224,19.26444],[-98.08052,19.26594],[-98.07992,19.26628],[-98.07887,19.26834],[-98.07861,19.26949],[-98.07799,19.27353],[-98.07734,19.27444],[-98.07689,19.27485],[-98.07648,19.27557],[-98.07577,19.27627],[-98.07533,19.27686],[-98.07298,19.2789],[-98.07213,19.27931],[-98.07167,19.27939],[-98.0713,19.27935],[-98.07089,19.27924],[-98.06994,19.27844],[-98.06925,19.2783],[-98.06912,19.27836],[-98.06898,19.27862],[-98.06903,19.27879],[-98.06982,19.27967],[-98.07018,19.2804],[-98.0702,19.28076],[-98.06896,19.28187],[-98.06699,19.28315],[-98.06665,19.2832],[-98.06615,19.28277],[-98.06592,19.28276],[-98.06581,19.28286],[-98.06568,19.28336],[-98.0653,19.28408],[-98.06343,19.28524],[-98.06342,19.28591],[-98.063,19.28624],[-98.06287,19.28623],[-98.06242,19.28592],[-98.06121,19.28556],[-98.06044,19.28575],[-98.05907,19.2853],[-98.05864,19.28526],[-98.05463,19.28718],[-98.05253,19.28797],[-98.04586,19.29003],[-98.04421,19.29048],[-98.04391,19.28988],[-98.04365,19.28976],[-98.04268,19.2896],[-98.04243,19.28943],[-98.04233,19.28854],[-98.04223,19.28824],[-98.04205,19.28802],[-98.04194,19.28798],[-98.04114,19.28832],[-98.04104,19.28829],[-98.04112,19.28758],[-98.04151,19.28655],[-98.04179,19.28621],[-98.04303,19.28571],[-98.04306,19.28545],[-98.0429,19.28507],[-98.04267,19.28497],[-98.04085,19.28529],[-98.03927,19.2862],[-98.03929,19.28598],[-98.03876,19.28475],[-98.03823,19.28405],[-98.03794,19.28319],[-98.03712,19.28168],[-98.03593,19.27802],[-98.03581,19.27708],[-98.03586,19.27576],[-98.03568,19.27474],[-98.03456,19.27191],[-98.03454,19.27039]]]}},{"type":"Feature","properties":{"seccion":160,"municipio":51,"distrito_local":12,"distrito_federal":3},"geometry":{"type":"Polygon","coordinates":[[[-98.17461,19.27217],[-98.17434,19.27331],[-98.17397,19.27302],[-98.17338,19.2727],[-98.17105,19.27353],[-98.17195,19.27199],[-98.17205,19.27207],[-98.17329,19.27041],[-98.17331,19.26952],[-98.17313,19.26906],[-98.17303,19.26841],[-98.1705,19.26676],[-98.16893,19.26617],[-98.16775,19.26594],[-98.16699,19.26541],[-98.16616,19.26502],[-98.16552,19.26458],[-98.16553,19.2637],[-98.16589,19.26286],[-98.1653,19.26279],[-98.16528,19.26136],[-98.16543,19.26092],[-98.16575,19.26096],[-98.16593,19.26065],[-98.16629,19.26064],[-98.16642,19.2604],[-98.16668,19.2603],[-98.16683,19.26011],[-98.16673,19.26],[-98.1661,19.25974],[-98.16565,19.25969],[-98.16491,19.25873],[-98.1644,19.25829],[-98.16512,19.25655],[-98.16508,19.25583],[-98.16484,19.2552],[-98.16496,19.25466],[-98.16522,19.2547],[-98.16783,19.25453],[-98.16911,19.25434],[-98.16994,19.25412],[-98.17383,19.25467],[-98.17704,19.25389],[-98.1788,19.25252],[-98.17912,19.25238],[-98.17874,19.25522],[-98.17942,19.2551],[-98.18105,19.25502],[-98.18228,19.25514],[-98.18188,19.25754],[-98.18172,19.25931],[-98.18157,19.25948],[-98.18117,19.25961],[-98.18081,19.25998],[-98.18068,19.2603],[-98.18057,19.26134],[-98.17956,19.26131],[-98.17931,19.26178],[-98.18103,19.26296],[-98.18363,19.26501],[-98.18387,19.26513],[-98.18481,19.26533],[-98.18481,19.26547],[-98.18473,19.26564],[-98.18461,19.2657],[-98.18409,19.26568],[-98.18376,19.26594],[-98.1828,19.26638],[-98.17714,19.26869],[-98.17544,19.2693],[-98.17646,19.27149],[-98.17461,19.27217]]]}},{"type":"Feature","properties":{"seccion":263,"municipio":17,"distrito_local":14,"distrito_federal":3},"geometry":{"type":"Polygon","coordinates":[[[-98.18596,19.17923],[-98.19168,19.1793],[-98.19185,19.17938],[-98.19217,19.17925],[-98.19236,19.17904],[-98.19278,19.17882],[-98.19442,19.17849],[-98.19457,19.17823],[-98.1948,19.17906],[-98.19483,19.1797],[-98.19459,19.18095],[-98.1934,19.18555],[-98.19204,19.18562],[-98.19228,19.18531],[-98.19244,19.18473],[-98.19209,19.18497],[-98.19178,19.18505],[-98.19148,19.1849],[-98.19119,19.18463],[-98.19068,19.18443],[-98.19033,19.18459],[-98.1902,19.18477],[-98.18992,19.18426],[-98.18928,19.18374],[-98.18943,19.18367],[-98.18927,19.18108],[-98.18642,19.18073],[-98.18604,19.18114],[-98.18596,19.17923]]]}},{"type":"Feature","properties":{"seccion":264,"municipio":17,"distrito_local":14,"distrito_federal":3},"geometry":{"type":"Polygon","coordinates":[[[-98.14621,19.1871],[-98.14648,19.18735],[-98.14679,19.18735],[-98.14756,19.1871],[-98.14938,19.18684],[-98.14977,19.18685],[-98.15025,19.18713],[-98.15065,19.18713],[-98.15159,19.18692],[-98.15258,19.18704],[-98.15333,19.18679],[-98.15405,19.18636],[-98.15433,19.18608],[-98.155,19.18579],[-98.15582,19.1856],[-98.15637,19.18513],[-98.15744,19.18446],[-98.15942,19.1836],[-98.16027,19.18361],[-98.16159,19.18384],[-98.16207,19.18385],[-98.16261,19.1837],[-98.16318,19.18365],[-98.16378,19.18339],[-98.16431,19.18335],[-98.16506,19.18345],[-98.16711,19.18316],[-98.16858,19.18249],[-98.16961,19.18215],[-98.16999,19.1819],[-98.17022,19.18155],[-98.1705,19.18141],[-98.17111,19.1808],[-98.17446,19.17983],[-98.17601,19.17941],[-98.1775,19.17937],[-98.17887,19.17945],[-98.17934,19.17935],[-98.17957,19.17973],[-98.17978,19.1799],[-98.18128,19.17916],[-98.18596,19.17923],[-98.18604,19.18114],[-98.18642,19.18073],[-98.18927,19.18108],[-98.18943,19.18367],[-98.18928,19.18374],[-98.18992,19.18426],[-98.1902,19.18477],[-98.19033,19.18459],[-98.19068,19.18443],[-98.19119,19.18463],[-98.19148,19.1849],[-98.19178,19.18505],[-98.19209,19.18497],[-98.19093,19.18646],[-98.19039,19.18746],[-98.18997,19.188],[-98.18936,19.18862],[-98.18865,19.18916],[-98.18832,19.18955],[-98.18573,19.19102],[-98.18394,19.19158],[-98.18293,19.19172],[-98.18268,19.19117],[-98.18232,19.19081],[-98.18059,19.19074],[-98.1791,19.19153],[-98.17766,19.19204],[-98.17379,19.19187],[-98.17212,19.19217],[-98.17126,19.19263],[-98.17033,19.19252],[-98.16935,19.19228],[-98.16825,19.19221],[-98.16703,19.19193],[-98.16524,19.19178],[-98.16444,19.19195],[-98.16363,19.19249],[-98.16249,19.19304],[-98.16174,19.1935],[-98.16099,19.19346],[-98.15914,19.19307],[-98.15711,19.19239],[-98.15537,19.19224],[-98.15382,19.19242],[-98.15249,19.19284],[-98.15112,19.19367],[-98.14962,19.19439],[-98.14658,19.19536],[-98.14537,19.19558],[-98.14416,19.196],[-98.14318,19.1965],[-98.14151,19.19688],[-98.13949,19.1969],[-98.13897,19.19662],[-98.14429,19.18746],[-98.14502,19.18746],[-98.14546,19.18716],[-98.14583,19.18715],[-98.14601,19.18704],[-98.14621,19.1871]]]}},{"type":"Feature","properties":{"seccion":265,"municipio":17,"distrito_local":14,"distrito_federal":3},"geometry":{"type":"Polygon","coordinates":[[[-98.18596,19.17923],[-98.18128,19.17916],[-98.17978,19.1799],[-98.17957,19.17973],[-98.17934,19.17935],[-98.17887,19.17945],[-98.1775,19.17937],[-98.17601,19.17941],[-98.17111,19.1808],[-98.1705,19.18141],[-98.17022,19.18155],[-98.16999,19.1819],[-98.16961,19.18215],[-98.16858,19.18249],[-98.16711,19.18316],[-98.16506,19.18345],[-98.16431,19.18335],[-98.16378,19.18339],[-98.16318,19.18365],[-98.16261,19.1837],[-98.16207,19.18385],[-98.16159,19.18384],[-98.16027,19.18361],[-98.15942,19.1836],[-98.15744,19.18446],[-98.15637,19.18513],[-98.15582,19.1856],[-98.155,19.18579],[-98.15433,19.18608],[-98.15405,19.18636],[-98.15333,19.18679],[-98.15258,19.18704],[-98.15159,19.18692],[-98.15065,19.18713],[-98.15025,19.18713],[-98.14977,19.18685],[-98.14938,19.18684],[-98.14756,19.1871],[-98.14679,19.18735],[-98.14648,19.18735],[-98.14621,19.1871],[-98.14601,19.18704],[-98.14583,19.18715],[-98.14546,19.18716],[-98.14502,19.18746],[-98.14429,19.18746],[-98.14844,19.18055],[-98.17033,19.17844],[-98.17105,19.17768],[-98.1723,19.17689],[-98.17278,19.17599],[-98.17406,19.17554],[-98.17507,19.17531],[-98.17604,19.17536],[-98.17659,19.17526],[-98.17751,19.17486],[-98.17852,19.17458],[-98.18106,19.17435],[-98.18194,19.17398],[-98.18308,19.17369],[-98.18416,19.17388],[-98.18467,19.17374],[-98.18539,19.17379],[-98.18666,19.1735],[-98.1874,19.17319],[-98.18832,19.17265],[-98.18873,19.17359],[-98.18879,19.17436],[-98.1882,19.17477],[-98.18811,19.17512],[-98.18659,19.17526],[-98.18556,19.17566],[-98.18607,19.17679],[-98.18596,19.17923]]]}},{"type":"Feature","properties":{"seccion":266,"municipio":17,"distrito_local":14,"distrito_federal":3},"geometry":{"type":"Polygon","coordinates":[[[-98.18596,19.17923],[-98.18607,19.17679],[-98.18556,19.17566],[-98.18659,19.17526],[-98.18811,19.17512],[-98.1882,19.17477],[-98.18879,19.17436],[-98.18873,19.17359],[-98.18831,19.17277],[-98.18832,19.17265],[-98.18852,19.17246],[-98.18923,19.17348],[-98.18913,19.1736],[-98.18954,19.17599],[-98.1904,19.17598],[-98.19056,19.17571],[-98.19162,19.17565],[-98.19334,19.177],[-98.19457,19.17823],[-98.19442,19.17849],[-98.19278,19.17882],[-98.19236,19.17904],[-98.19217,19.17925],[-98.19185,19.17938],[-98.19168,19.1793],[-98.18596,19.17923]]]}},{"type":"Feature","properties":{"seccion":267,"municipio":18,"distrito_local":8,"distrito_federal":3},"geometry":{"type":"Polygon","coordinates":[[[-98.17857,19.34289],[-98.17769,19.34256],[-98.17687,19.34211],[-98.1763,19.342],[-98.17515,19.34154],[-98.17476,19.34118],[-98.1745,19.34108],[-98.17419,19.34076],[-98.17367,19.34056],[-98.17291,19.3397],[-98.17243,19.33932],[-98.17217,19.33896],[-98.17099,19.33822],[-98.1705,19.33802],[-98.17013,19.33764],[-98.16943,19.33728],[-98.16887,19.33674],[-98.16957,19.33602],[-98.17053,19.33544],[-98.17354,19.33723],[-98.17536,19.33821],[-98.18128,19.33758],[-98.18171,19.33769],[-98.18026,19.33956],[-98.17991,19.33978],[-98.17943,19.34038],[-98.17888,19.34159],[-98.17902,19.34183],[-98.17883,19.34201],[-98.17899,19.34255],[-98.17857,19.34289]]]}},{"type":"Feature","properties":{"seccion":273,"municipio":18,"distrito_local":8,"distrito_federal":3},"geometry":{"type":"Polygon","coordinates":[[[-98.18376,19.33842],[-98.18128,19.33758],[-98.17536,19.33821],[-98.17354,19.33723],[-98.17053,19.33544],[-98.17166,19.33514],[-98.17239,19.33483],[-98.18002,19.33236],[-98.18405,19.33403],[-98.18493,19.33424],[-98.18667,19.33486],[-98.18737,19.33493],[-98.18702,19.33513],[-98.18563,19.33634],[-98.18376,19.33842]]]}},{"type":"Feature","properties":{"seccion":268,"municipio":18,"distrito_local":8,"distrito_federal":3},"geometry":{"type":"Polygon","coordinates":[[[-98.15906,19.34015],[-98.15879,19.34001],[-98.15854,19.34002],[-98.15823,19.34014],[-98.15783,19.33988],[-98.15763,19.33993],[-98.15703,19.33969],[-98.15661,19.33968],[-98.15633,19.33949],[-98.15569,19.33937],[-98.15533,19.33904],[-98.15469,19.33892],[-98.15421,19.33858],[-98.1535,19.33824],[-98.15305,19.33818],[-98.15213,19.3378],[-98.15165,19.33783],[-98.15107,19.33741],[-98.15066,19.33724],[-98.14891,19.33673],[-98.14775,19.3366],[-98.14675,19.3363],[-98.14916,19.33307],[-98.14888,19.33299],[-98.14874,19.33302],[-98.14821,19.33277],[-98.14793,19.33277],[-98.14782,19.33263],[-98.14658,19.33207],[-98.14531,19.33136],[-98.14406,19.33043],[-98.14343,19.33021],[-98.1452,19.32673],[-98.14565,19.3269],[-98.14683,19.327],[-98.14693,19.32672],[-98.14629,19.32604],[-98.1476,19.32432],[-98.14733,19.32399],[-98.14644,19.32335],[-98.14572,19.32258],[-98.14697,19.3223],[-98.14821,19.32302],[-98.15069,19.32419],[-98.15201,19.32497],[-98.15589,19.32654],[-98.15644,19.32667],[-98.15708,19.327],[-98.15798,19.32788],[-98.1583,19.32809],[-98.16003,19.32892],[-98.16091,19.32957],[-98.16157,19.33031],[-98.16322,19.33125],[-98.16425,19.33215],[-98.16352,19.33298],[-98.16359,19.33366],[-98.16396,19.334],[-98.16315,19.33445],[-98.16311,19.33489],[-98.1632,19.33511],[-98.16289,19.33547],[-98.16266,19.33549],[-98.1624,19.33509],[-98.16219,19.3345],[-98.16189,19.33411],[-98.16128,19.3338],[-98.16045,19.33291],[-98.16011,19.33271],[-98.15976,19.33224],[-98.15958,19.3321],[-98.15851,19.33173],[-98.15843,19.33148],[-98.15809,19.33145],[-98.15821,19.33174],[-98.15884,19.33204],[-98.15975,19.33279],[-98.16019,19.33336],[-98.16096,19.33387],[-98.16174,19.3342],[-98.1617,19.33432],[-98.16226,19.33521],[-98.16223,19.33541],[-98.16231,19.33565],[-98.16064,19.33563],[-98.16047,19.33595],[-98.16266,19.33697],[-98.16303,19.33693],[-98.16377,19.33743],[-98.16294,19.33845],[-98.1623,19.3383],[-98.1617,19.33844],[-98.16123,19.33876],[-98.16075,19.33951],[-98.1605,19.33953],[-98.15999,19.33979],[-98.15984,19.33975],[-98.15966,19.33992],[-98.15923,19.33999],[-98.15906,19.34015]]]}},{"type":"Feature","properties":{"seccion":269,"municipio":18,"distrito_local":8,"distrito_federal":3},"geometry":{"type":"Polygon","coordinates":[[[-98.16972,19.34057],[-98.16922,19.34038],[-98.16765,19.34034],[-98.16647,19.34001],[-98.16575,19.33998],[-98.16505,19.33973],[-98.16372,19.33977],[-98.163,19.33957],[-98.16241,19.33964],[-98.16183,19.33935],[-98.16155,19.33893],[-98.16127,19.33874],[-98.1617,19.33844],[-98.1623,19.3383],[-98.16294,19.33845],[-98.16377,19.33743],[-98.16303,19.33693],[-98.16266,19.33697],[-98.16047,19.33595],[-98.16064,19.33563],[-98.16231,19.33565],[-98.16223,19.33541],[-98.16226,19.33521],[-98.1617,19.33432],[-98.16174,19.3342],[-98.16096,19.33387],[-98.16019,19.33336],[-98.15975,19.33279],[-98.15884,19.33204],[-98.15821,19.33174],[-98.15809,19.33145],[-98.15843,19.33148],[-98.15851,19.33173],[-98.15958,19.3321],[-98.15976,19.33224],[-98.16011,19.33271],[-98.16045,19.33291],[-98.16128,19.3338],[-98.16189,19.33411],[-98.16219,19.3345],[-98.1624,19.33509],[-98.16266,19.33549],[-98.16289,19.33547],[-98.1632,19.33511],[-98.16311,19.33489],[-98.16315,19.33445],[-98.16396,19.334],[-98.16359,19.33366],[-98.16352,19.33298],[-98.16425,19.33215],[-98.16825,19.33462],[-98.16851,19.33429],[-98.17049,19.33545],[-98.16957,19.33602],[-98.16887,19.33674],[-98.16943,19.33728],[-98.17013,19.33764],[-98.1705,19.33802],[-98.17099,19.33822],[-98.17142,19.3385],[-98.16972,19.34057]]]}},{"type":"Feature","properties":{"seccion":270,"municipio":18,"distrito_local":8,"distrito_federal":3},"geometry":{"type":"Polygon","coordinates":[[[-98.14433,19.32262],[-98.14599,19.32049],[-98.14627,19.32114],[-98.14717,19.32117],[-98.14788,19.32159],[-98.14803,19.3218],[-98.14855,19.32183],[-98.14957,19.32283],[-98.15026,19.32301],[-98.15062,19.32356],[-98.15207,19.32394],[-98.15287,19.32424],[-98.15397,19.3245],[-98.15432,19.32448],[-98.15461,19.3246],[-98.15635,19.32474],[-98.15662,19.32468],[-98.15726,19.32473],[-98.15737,19.3249],[-98.15958,19.32531],[-98.16097,19.32583],[-98.16181,19.32584],[-98.16207,19.32542],[-98.16252,19.32528],[-98.16269,19.32531],[-98.16307,19.32563],[-98.16368,19.32569],[-98.16382,19.32581],[-98.16421,19.32582],[-98.16577,19.32621],[-98.16603,19.32646],[-98.16666,19.32653],[-98.16661,19.32681],[-98.16593,19.3278],[-98.16745,19.32831],[-98.16622,19.3299],[-98.16452,19.32893],[-98.16351,19.3303],[-98.16305,19.32999],[-98.1624,19.33081],[-98.16157,19.33031],[-98.16091,19.32957],[-98.16003,19.32892],[-98.1583,19.32809],[-98.15798,19.32788],[-98.15708,19.327],[-98.15644,19.32667],[-98.15589,19.32654],[-98.15201,19.32497],[-98.15069,19.32419],[-98.14821,19.32302],[-98.14697,19.3223],[-98.14622,19.32251],[-98.1453,19.32261],[-98.14433,19.32262]]]}},{"type":"Feature","properties":{"seccion":271,"municipio":18,"distrito_local":8,"distrito_federal":3},"geometry":{"type":"Polygon","coordinates":[[[-98.16351,19.3303],[-98.16452,19.32893],[-98.16622,19.3299],[-98.16745,19.32831],[-98.16593,19.3278],[-98.16661,19.32681],[-98.16666,19.32653],[-98.16702,19.32651],[-98.16715,19.3266],[-98.16827,19.32675],[-98.169,19.32665],[-98.16946,19.32678],[-98.17008,19.3268],[-98.17022,19.32672],[-98.17059,19.3267],[-98.1714,19.32681],[-98.17177,19.32667],[-98.17196,19.32691],[-98.17181,19.32701],[-98.17125,19.32713],[-98.1711,19.32726],[-98.16981,19.3291],[-98.17024,19.3293],[-98.16689,19.33381],[-98.16572,19.33301],[-98.16425,19.33215],[-98.16322,19.33125],[-98.1624,19.33081],[-98.16305,19.32999],[-98.16351,19.3303]]]}},{"type":"Feature","properties":{"seccion":272,"municipio":18,"distrito_local":8,"distrito_federal":3},"geometry":{"type":"Polygon","coordinates":[[[-98.17049,19.33545],[-98.16913,19.33466],[-98.1704,19.33305],[-98.17137,19.33197],[-98.17257,19.33132],[-98.17715,19.32774],[-98.17763,19.32744],[-98.17825,19.32722],[-98.17879,19.32662],[-98.17917,19.32674],[-98.17945,19.32694],[-98.17997,19.32701],[-98.18043,19.32697],[-98.18081,19.32677],[-98.18112,19.32673],[-98.18133,19.32682],[-98.18165,19.32736],[-98.18215,19.32735],[-98.18259,19.32759],[-98.18313,19.32756],[-98.18414,19.3278],[-98.18536,19.32857],[-98.18579,19.32861],[-98.18759,19.33078],[-98.18944,19.33232],[-98.18908,19.33267],[-98.18841,19.33287],[-98.18814,19.3332],[-98.18802,19.33392],[-98.18737,19.33493],[-98.18667,19.33486],[-98.18493,19.33424],[-98.18405,19.33403],[-98.18002,19.33236],[-98.17239,19.33483],[-98.17166,19.33514],[-98.17049,19.33545]]]}},{"type":"Feature","properties":{"seccion":381,"municipio":28,"distrito_local":12,"distrito_federal":3},"geometry":{"type":"Polygon","coordinates":[[[-98.16911,19.25398],[-98.16904,19.25433],[-98.16911,19.25434],[-98.16783,19.25453],[-98.16515,19.2547],[-98.16491,19.25465],[-98.16362,19.25393],[-98.16049,19.25323],[-98.15926,19.2531],[-98.15679,19.25321],[-98.15567,19.25355],[-98.15414,19.25359],[-98.15385,19.25353],[-98.15358,19.25328],[-98.15285,19.25292],[-98.15151,19.25246],[-98.15018,19.25214],[-98.14949,19.25212],[-98.14906,19.25222],[-98.14862,19.25253],[-98.14829,19.25291],[-98.14792,19.25289],[-98.14754,19.25266],[-98.14686,19.25157],[-98.14675,19.25004],[-98.14932,19.24962],[-98.14961,19.2495],[-98.15073,19.24965],[-98.15188,19.25012],[-98.15479,19.25061],[-98.15739,19.25058],[-98.15928,19.25003],[-98.16162,19.24875],[-98.16293,19.24848],[-98.16438,19.24848],[-98.16582,19.24873],[-98.16643,19.24893],[-98.16808,19.24891],[-98.16782,19.25033],[-98.16852,19.25163],[-98.16856,19.25205],[-98.16881,19.25206],[-98.16865,19.25299],[-98.16877,19.25302],[-98.16871,19.25322],[-98.1689,19.25325],[-98.1689,19.25336],[-98.16874,19.25392],[-98.16911,19.25398]]]}},{"type":"Feature","properties":{"seccion":274,"municipio":18,"distrito_local":8,"distrito_federal":3},"geometry":{"type":"Polygon","coordinates":[[[-98.18579,19.32861],[-98.18536,19.32857],[-98.18414,19.3278],[-98.18313,19.32756],[-98.18259,19.32759],[-98.18215,19.32735],[-98.18165,19.32736],[-98.18133,19.32682],[-98.18112,19.32673],[-98.18081,19.32677],[-98.18043,19.32697],[-98.17997,19.32701],[-98.17945,19.32694],[-98.17888,19.32662],[-98.17826,19.32656],[-98.17735,19.3263],[-98.17737,19.32613],[-98.17724,19.32593],[-98.17619,19.32524],[-98.17569,19.32503],[-98.17504,19.32516],[-98.1736,19.32429],[-98.17286,19.32353],[-98.17272,19.32317],[-98.17235,19.32311],[-98.17218,19.32277],[-98.17165,19.32237],[-98.17154,19.32212],[-98.16997,19.32136],[-98.16894,19.32106],[-98.16928,19.32051],[-98.16988,19.31988],[-98.17033,19.32018],[-98.17052,19.32022],[-98.17069,19.31996],[-98.1713,19.32013],[-98.17174,19.32046],[-98.17186,19.32028],[-98.17236,19.32043],[-98.1731,19.321],[-98.17425,19.32126],[-98.17526,19.32209],[-98.17592,19.32248],[-98.17838,19.32364],[-98.17883,19.32371],[-98.17967,19.32418],[-98.18195,19.3248],[-98.18233,19.32504],[-98.18291,19.32512],[-98.18345,19.32542],[-98.18363,19.32571],[-98.1842,19.32604],[-98.18488,19.32723],[-98.185,19.32759],[-98.18579,19.32861]]]}},{"type":"Feature","properties":{"seccion":275,"municipio":18,"distrito_local":8,"distrito_federal":3},"geometry":{"type":"Polygon","coordinates":[[[-98.17673,19.32641],[-98.17603,19.32628],[-98.17525,19.3259],[-98.17476,19.32542],[-98.17438,19.32548],[-98.17399,19.32606],[-98.16502,19.32173],[-98.1643,19.32276],[-98.16157,19.32109],[-98.16036,19.32024],[-98.15505,19.31684],[-98.15006,19.31376],[-98.14334,19.30971],[-98.14209,19.30929],[-98.14222,19.30912],[-98.14317,19.3094],[-98.14378,19.30933],[-98.14459,19.30908],[-98.14708,19.31035],[-98.14886,19.31099],[-98.15018,19.31137],[-98.15192,19.31235],[-98.15251,19.3128],[-98.15326,19.31304],[-98.15359,19.31363],[-98.15401,19.31376],[-98.15557,19.31471],[-98.15546,19.31442],[-98.15477,19.31372],[-98.15472,19.31349],[-98.15481,19.31277],[-98.15476,19.31245],[-98.15449,19.31213],[-98.15364,19.31156],[-98.15313,19.31107],[-98.15295,19.31076],[-98.1522,19.31011],[-98.15206,19.30989],[-98.15374,19.30992],[-98.15555,19.31018],[-98.16414,19.31294],[-98.16427,19.31311],[-98.16308,19.31425],[-98.16391,19.31463],[-98.16428,19.31491],[-98.1655,19.31537],[-98.16607,19.31585],[-98.16658,19.31591],[-98.16672,19.31604],[-98.16701,19.3161],[-98.16758,19.31657],[-98.16902,19.31716],[-98.16934,19.31742],[-98.17054,19.31808],[-98.17077,19.31837],[-98.17104,19.31836],[-98.17146,19.31851],[-98.1707,19.31958],[-98.17058,19.31964],[-98.17012,19.31962],[-98.16928,19.32051],[-98.16894,19.32106],[-98.16997,19.32136],[-98.17154,19.32212],[-98.17165,19.32237],[-98.17218,19.32277],[-98.17235,19.32311],[-98.17272,19.32317],[-98.17286,19.32353],[-98.1736,19.32429],[-98.17424,19.32472],[-98.17504,19.32516],[-98.17569,19.32503],[-98.17619,19.32524],[-98.17724,19.32593],[-98.17737,19.32613],[-98.17735,19.3263],[-98.17673,19.32641]]]}},{"type":"Feature","properties":{"seccion":280,"municipio":18,"distrito_local":8,"distrito_federal":3},"geometry":{"type":"Polygon","coordinates":[[[-98.13861,19.31499],[-98.13862,19.31442],[-98.13875,19.31422],[-98.13783,19.31374],[-98.13807,19.31335],[-98.14065,19.31415],[-98.14348,19.31486],[-98.14444,19.31498],[-98.14425,19.3153],[-98.14442,19.31554],[-98.14484,19.31589],[-98.14752,19.31763],[-98.14633,19.31923],[-98.14669,19.31954],[-98.14497,19.32174],[-98.14444,19.3215],[-98.14346,19.32151],[-98.1421,19.32096],[-98.14191,19.32081],[-98.14163,19.32028],[-98.14098,19.31946],[-98.1404,19.31931],[-98.14011,19.31908],[-98.13936,19.31869],[-98.13851,19.31898],[-98.13802,19.31881],[-98.13774,19.3189],[-98.13746,19.31875],[-98.13714,19.31878],[-98.13685,19.31867],[-98.1365,19.31832],[-98.13613,19.3183],[-98.13602,19.3182],[-98.13565,19.31819],[-98.13545,19.3181],[-98.13516,19.31769],[-98.13446,19.31794],[-98.13435,19.31787],[-98.1347,19.31717],[-98.13508,19.31717],[-98.13533,19.31677],[-98.13583,19.31631],[-98.13652,19.31524],[-98.13735,19.31513],[-98.13862,19.31595],[-98.13921,19.31606],[-98.13957,19.31597],[-98.13942,19.31573],[-98.13861,19.31499]]]}},{"type":"Feature","properties":{"seccion":276,"municipio":18,"distrito_local":8,"distrito_federal":3},"geometry":{"type":"Polygon","coordinates":[[[-98.14599,19.32049],[-98.14669,19.31954],[-98.14633,19.31923],[-98.14752,19.31763],[-98.14484,19.31589],[-98.14425,19.3153],[-98.14549,19.31322],[-98.14522,19.31311],[-98.1445,19.31256],[-98.14423,19.31245],[-98.14376,19.31203],[-98.14344,19.31192],[-98.14272,19.3114],[-98.14253,19.31114],[-98.14202,19.31079],[-98.14141,19.31018],[-98.14209,19.30929],[-98.14334,19.30971],[-98.15006,19.31376],[-98.15505,19.31684],[-98.16036,19.32024],[-98.16157,19.32109],[-98.1643,19.32276],[-98.16502,19.32173],[-98.17399,19.32606],[-98.1737,19.3265],[-98.1726,19.32683],[-98.17228,19.32678],[-98.17196,19.32691],[-98.17177,19.32667],[-98.1714,19.32681],[-98.17059,19.3267],[-98.17022,19.32672],[-98.17008,19.3268],[-98.16946,19.32678],[-98.169,19.32665],[-98.16827,19.32675],[-98.16715,19.3266],[-98.16702,19.32651],[-98.1662,19.32652],[-98.16603,19.32646],[-98.16577,19.32621],[-98.16532,19.32605],[-98.16421,19.32582],[-98.16382,19.32581],[-98.16368,19.32569],[-98.16307,19.32563],[-98.16269,19.32531],[-98.16252,19.32528],[-98.16207,19.32542],[-98.16181,19.32584],[-98.16097,19.32583],[-98.15958,19.32531],[-98.15737,19.3249],[-98.15726,19.32473],[-98.15662,19.32468],[-98.15635,19.32474],[-98.15461,19.3246],[-98.15432,19.32448],[-98.15397,19.3245],[-98.15062,19.32356],[-98.15026,19.32301],[-98.14957,19.32283],[-98.14855,19.32183],[-98.14803,19.3218],[-98.14788,19.32159],[-98.14717,19.32117],[-98.14627,19.32114],[-98.14599,19.32049]]]}},{"type":"Feature","properties":{"seccion":277,"municipio":18,"distrito_local":8,"distrito_federal":3},"geometry":{"type":"Polygon","coordinates":[[[-98.13557,19.32007],[-98.13625,19.31831],[-98.13658,19.31835],[-98.13672,19.31861],[-98.13685,19.31867],[-98.13714,19.31878],[-98.13746,19.31875],[-98.13774,19.3189],[-98.13802,19.31881],[-98.13851,19.31898],[-98.13936,19.31869],[-98.14011,19.31908],[-98.1404,19.31931],[-98.14098,19.31946],[-98.14163,19.32028],[-98.14191,19.32081],[-98.1421,19.32096],[-98.14346,19.32151],[-98.14444,19.3215],[-98.14497,19.32174],[-98.14433,19.32262],[-98.14572,19.32258],[-98.14644,19.32335],[-98.14733,19.32399],[-98.1476,19.32432],[-98.14629,19.32604],[-98.14693,19.32672],[-98.14683,19.327],[-98.14565,19.3269],[-98.1452,19.32673],[-98.14343,19.33021],[-98.14406,19.33043],[-98.14531,19.33136],[-98.14658,19.33207],[-98.14782,19.33263],[-98.14793,19.33277],[-98.14821,19.33277],[-98.14874,19.33302],[-98.14888,19.33299],[-98.14916,19.33307],[-98.14675,19.3363],[-98.14775,19.3366],[-98.14891,19.33673],[-98.15066,19.33724],[-98.15107,19.33741],[-98.15165,19.33783],[-98.15213,19.3378],[-98.15268,19.33806],[-98.1514,19.33988],[-98.14675,19.33721],[-98.14604,19.33813],[-98.14162,19.33545],[-98.13914,19.33407],[-98.13404,19.33042],[-98.13181,19.32943],[-98.1313,19.32875],[-98.12731,19.32606],[-98.1241,19.32368],[-98.12179,19.32229],[-98.12083,19.32131],[-98.12061,19.32077],[-98.12086,19.32025],[-98.12179,19.319],[-98.12196,19.31905],[-98.12295,19.31758],[-98.12223,19.31728],[-98.12245,19.31703],[-98.1228,19.3168],[-98.12351,19.31682],[-98.12577,19.31717],[-98.12952,19.31808],[-98.13408,19.31936],[-98.13557,19.32007]]]}},{"type":"Feature","properties":{"seccion":283,"municipio":18,"distrito_local":8,"distrito_federal":3},"geometry":{"type":"Polygon","coordinates":[[[-98.16913,19.33466],[-98.16851,19.33429],[-98.16825,19.33462],[-98.16689,19.33381],[-98.17024,19.3293],[-98.16981,19.3291],[-98.1711,19.32726],[-98.17125,19.32713],[-98.17181,19.32701],[-98.17228,19.32678],[-98.1726,19.32683],[-98.1737,19.3265],[-98.17438,19.32548],[-98.17476,19.32542],[-98.17525,19.3259],[-98.17603,19.32628],[-98.17673,19.32641],[-98.17735,19.3263],[-98.17826,19.32656],[-98.17879,19.32662],[-98.17825,19.32722],[-98.17763,19.32744],[-98.17715,19.32774],[-98.17257,19.33132],[-98.17137,19.33197],[-98.1704,19.33305],[-98.16913,19.33466]]]}},{"type":"Feature","properties":{"seccion":278,"municipio":18,"distrito_local":8,"distrito_federal":3},"geometry":{"type":"Polygon","coordinates":[[[-98.12061,19.32077],[-98.12045,19.32055],[-98.11986,19.32006],[-98.11889,19.31968],[-98.11645,19.3185],[-98.1159,19.31793],[-98.11589,19.31776],[-98.1149,19.31862],[-98.11365,19.31987],[-98.11042,19.32248],[-98.11002,19.32205],[-98.10921,19.32151],[-98.10837,19.32018],[-98.10583,19.31963],[-98.10556,19.31949],[-98.10394,19.32083],[-98.10237,19.32051],[-98.10188,19.3202],[-98.10139,19.32011],[-98.10076,19.31971],[-98.10045,19.31967],[-98.09997,19.31991],[-98.09924,19.31977],[-98.09937,19.32052],[-98.09863,19.32026],[-98.09788,19.31953],[-98.09785,19.31852],[-98.09767,19.31765],[-98.09708,19.31712],[-98.09648,19.31589],[-98.09577,19.31503],[-98.09541,19.31466],[-98.09348,19.31324],[-98.09323,19.31263],[-98.09182,19.31111],[-98.09152,19.31091],[-98.0901,19.30895],[-98.08951,19.30846],[-98.08928,19.30846],[-98.08805,19.30777],[-98.08758,19.30724],[-98.08716,19.30654],[-98.0861,19.30532],[-98.08574,19.3047],[-98.08483,19.30249],[-98.08429,19.30154],[-98.08417,19.30101],[-98.08387,19.30047],[-98.08392,19.30018],[-98.08485,19.29993],[-98.08601,19.29996],[-98.08659,19.30011],[-98.08752,19.30019],[-98.08943,19.30012],[-98.09152,19.30027],[-98.09263,19.30087],[-98.0931,19.30124],[-98.09398,19.30152],[-98.09509,19.30221],[-98.09528,19.30291],[-98.09651,19.30413],[-98.09898,19.30576],[-98.10051,19.30743],[-98.10192,19.30869],[-98.10269,19.30918],[-98.10367,19.30934],[-98.10399,19.30953],[-98.10411,19.30977],[-98.10483,19.31006],[-98.105,19.3103],[-98.10537,19.31044],[-98.1056,19.31072],[-98.10633,19.311],[-98.10703,19.31173],[-98.10801,19.31228],[-98.10865,19.31281],[-98.10957,19.31338],[-98.11003,19.31384],[-98.1117,19.31176],[-98.11182,19.31182],[-98.1126,19.31076],[-98.11311,19.31077],[-98.11342,19.31093],[-98.11397,19.31148],[-98.11464,19.31186],[-98.11549,19.31305],[-98.11578,19.31314],[-98.11598,19.31331],[-98.11652,19.31346],[-98.11683,19.31366],[-98.11719,19.31372],[-98.11745,19.31394],[-98.1182,19.31426],[-98.11875,19.31472],[-98.12022,19.31462],[-98.1205,19.3147],[-98.1198,19.31546],[-98.11872,19.31716],[-98.11896,19.3173],[-98.1193,19.31734],[-98.1206,19.31726],[-98.12106,19.31733],[-98.12184,19.31673],[-98.12223,19.31728],[-98.12295,19.31758],[-98.12196,19.31905],[-98.12179,19.319],[-98.12086,19.32025],[-98.12061,19.32077]]]}},{"type":"Feature","properties":{"seccion":279,"municipio":18,"distrito_local":8,"distrito_federal":3},"geometry":{"type":"Polygon","coordinates":[[[-98.13325,19.31793],[-98.13392,19.31776],[-98.1341,19.3179],[-98.13435,19.31787],[-98.13446,19.31794],[-98.13516,19.31769],[-98.13545,19.3181],[-98.13565,19.31819],[-98.13602,19.3182],[-98.13625,19.31831],[-98.13557,19.32007],[-98.13408,19.31936],[-98.12952,19.31808],[-98.12577,19.31717],[-98.12351,19.31682],[-98.1228,19.3168],[-98.12245,19.31703],[-98.12223,19.31728],[-98.12184,19.31673],[-98.12106,19.31733],[-98.1206,19.31726],[-98.1193,19.31734],[-98.11896,19.3173],[-98.11872,19.31716],[-98.1198,19.31546],[-98.1205,19.3147],[-98.12022,19.31462],[-98.11875,19.31472],[-98.1182,19.31426],[-98.11745,19.31394],[-98.11719,19.31372],[-98.11683,19.31366],[-98.11652,19.31346],[-98.11598,19.31331],[-98.11578,19.31314],[-98.11549,19.31305],[-98.11464,19.31186],[-98.11397,19.31148],[-98.11342,19.31093],[-98.11311,19.31077],[-98.1126,19.31076],[-98.11182,19.31182],[-98.1117,19.31176],[-98.11003,19.31384],[-98.10957,19.31338],[-98.10865,19.31281],[-98.10801,19.31228],[-98.10703,19.31173],[-98.10633,19.311],[-98.1056,19.31072],[-98.10537,19.31044],[-98.105,19.3103],[-98.10483,19.31006],[-98.10411,19.30977],[-98.10399,19.30953],[-98.10367,19.30934],[-98.10269,19.30918],[-98.10192,19.30869],[-98.10051,19.30743],[-98.09898,19.30576],[-98.09651,19.30413],[-98.09528,19.30291],[-98.09509,19.30221],[-98.09398,19.30152],[-98.09385,19.3007],[-98.09461,19.30098],[-98.09654,19.30232],[-98.09713,19.30256],[-98.09835,19.30329],[-98.09935,19.30369],[-98.10023,19.30426],[-98.10098,19.30445],[-98.10297,19.30522],[-98.10361,19.30537],[-98.10501,19.30594],[-98.10699,19.30633],[-98.10804,19.30685],[-98.11129,19.30719],[-98.11217,19.30734],[-98.1132,19.30737],[-98.11466,19.30696],[-98.11547,19.30683],[-98.11609,19.30689],[-98.11683,19.30583],[-98.11961,19.30744],[-98.1195,19.30928],[-98.11986,19.30937],[-98.11942,19.30993],[-98.1193,19.31041],[-98.12042,19.31108],[-98.12073,19.31145],[-98.12136,19.31159],[-98.12223,19.31163],[-98.12266,19.31179],[-98.12282,19.31191],[-98.12303,19.3124],[-98.12329,19.31249],[-98.12354,19.31296],[-98.12376,19.31301],[-98.12397,19.31327],[-98.12443,19.3134],[-98.1248,19.31332],[-98.12586,19.31429],[-98.12623,19.31431],[-98.12646,19.31449],[-98.12686,19.31458],[-98.12705,19.31482],[-98.12734,19.31496],[-98.12769,19.31502],[-98.12781,19.31497],[-98.12848,19.31534],[-98.12862,19.31558],[-98.12888,19.31568],[-98.12937,19.31573],[-98.13,19.31601],[-98.13072,19.31616],[-98.13118,19.31639],[-98.13185,19.31687],[-98.13192,19.31703],[-98.13234,19.31719],[-98.13255,19.31753],[-98.13325,19.31793]]]}},{"type":"Feature","properties":{"seccion":281,"municipio":18,"distrito_local":8,"distrito_federal":3},"geometry":{"type":"Polygon","coordinates":[[[-98.13861,19.31499],[-98.13942,19.31573],[-98.13957,19.31597],[-98.13921,19.31606],[-98.13862,19.31595],[-98.13735,19.31513],[-98.13652,19.31524],[-98.13583,19.31631],[-98.13533,19.31677],[-98.13508,19.31717],[-98.1347,19.31717],[-98.13435,19.31787],[-98.1341,19.3179],[-98.13392,19.31776],[-98.13325,19.31793],[-98.13255,19.31753],[-98.13234,19.31719],[-98.13192,19.31703],[-98.13185,19.31687],[-98.13118,19.31639],[-98.13072,19.31616],[-98.13,19.31601],[-98.12937,19.31573],[-98.12888,19.31568],[-98.12862,19.31558],[-98.12848,19.31534],[-98.12781,19.31497],[-98.12769,19.31502],[-98.12734,19.31496],[-98.12705,19.31482],[-98.12686,19.31458],[-98.12646,19.31449],[-98.12623,19.31431],[-98.12586,19.31429],[-98.1248,19.31332],[-98.12443,19.3134],[-98.12397,19.31327],[-98.12376,19.31301],[-98.12354,19.31296],[-98.12329,19.31249],[-98.12303,19.3124],[-98.12282,19.31191],[-98.12266,19.31179],[-98.12223,19.31163],[-98.12136,19.31159],[-98.12073,19.31145],[-98.12042,19.31108],[-98.1193,19.31041],[-98.11942,19.30993],[-98.11986,19.30937],[-98.12031,19.30948],[-98.12092,19.30874],[-98.12271,19.30645],[-98.12271,19.30617],[-98.1228,19.30602],[-98.12424,19.30437],[-98.12426,19.30428],[-98.1241,19.30422],[-98.12445,19.30373],[-98.12508,19.3043],[-98.12604,19.30453],[-98.12677,19.30418],[-98.12718,19.30495],[-98.12903,19.30559],[-98.13015,19.30645],[-98.13081,19.30712],[-98.13117,19.30726],[-98.13286,19.30836],[-98.13401,19.30951],[-98.13431,19.30971],[-98.13486,19.3104],[-98.13511,19.3112],[-98.13656,19.31191],[-98.13807,19.31335],[-98.13783,19.31374],[-98.13875,19.31422],[-98.13862,19.31442],[-98.13861,19.31499]]]}},{"type":"Feature","properties":{"seccion":282,"municipio":18,"distrito_local":8,"distrito_federal":3},"geometry":{"type":"Polygon","coordinates":[[[-98.04448,19.29038],[-98.04586,19.29003],[-98.05253,19.28797],[-98.05463,19.28718],[-98.05879,19.28523],[-98.06044,19.28575],[-98.06121,19.28556],[-98.06242,19.28592],[-98.06287,19.28623],[-98.063,19.28624],[-98.06342,19.28591],[-98.06469,19.28623],[-98.07743,19.28685],[-98.08921,19.28904],[-98.09533,19.29131],[-98.10661,19.29804],[-98.10864,19.29884],[-98.10969,19.29943],[-98.11114,19.30006],[-98.1123,19.30069],[-98.11493,19.30176],[-98.11513,19.30149],[-98.11528,19.30102],[-98.11664,19.29965],[-98.11727,19.30009],[-98.11753,19.2998],[-98.11999,19.30137],[-98.12042,19.30084],[-98.12151,19.30155],[-98.1211,19.3021],[-98.12197,19.30267],[-98.12253,19.30293],[-98.12356,19.30383],[-98.12426,19.30428],[-98.12391,19.30477],[-98.1228,19.30602],[-98.12271,19.30617],[-98.12271,19.30645],[-98.12031,19.30948],[-98.1195,19.30928],[-98.11961,19.30744],[-98.11683,19.30583],[-98.11609,19.30689],[-98.11547,19.30683],[-98.11466,19.30696],[-98.1132,19.30737],[-98.11217,19.30734],[-98.11129,19.30719],[-98.10804,19.30685],[-98.10699,19.30633],[-98.10501,19.30594],[-98.10361,19.30537],[-98.10297,19.30522],[-98.10098,19.30445],[-98.10023,19.30426],[-98.09935,19.30369],[-98.09835,19.30329],[-98.09713,19.30256],[-98.09654,19.30232],[-98.09461,19.30098],[-98.09385,19.3007],[-98.09398,19.30152],[-98.0931,19.30124],[-98.09263,19.30087],[-98.09152,19.30027],[-98.08943,19.30012],[-98.08752,19.30019],[-98.08659,19.30011],[-98.08601,19.29996],[-98.08485,19.29993],[-98.08392,19.30018],[-98.08387,19.30047],[-98.08417,19.30101],[-98.08429,19.30154],[-98.08483,19.30249],[-98.08574,19.3047],[-98.0861,19.30532],[-98.08716,19.30654],[-98.08758,19.30724],[-98.08805,19.30777],[-98.08928,19.30846],[-98.08951,19.30846],[-98.0901,19.30895],[-98.09152,19.31091],[-98.09182,19.31111],[-98.09323,19.31263],[-98.09348,19.31324],[-98.09541,19.31466],[-98.09577,19.31503],[-98.09648,19.31589],[-98.09708,19.31712],[-98.09767,19.31765],[-98.09785,19.31852],[-98.09788,19.31953],[-98.09742,19.31936],[-98.09625,19.3194],[-98.09571,19.31897],[-98.09516,19.31877],[-98.09231,19.31824],[-98.09162,19.31756],[-98.09128,19.31694],[-98.08955,19.31527],[-98.08857,19.31397],[-98.08643,19.31205],[-98.08504,19.31063],[-98.0833,19.30983],[-98.08132,19.30944],[-98.08057,19.3089],[-98.08045,19.30873],[-98.08011,19.30856],[-98.0797,19.30864],[-98.07928,19.30967],[-98.07868,19.31041],[-98.07655,19.31284],[-98.07555,19.31379],[-98.073,19.317],[-98.0705,19.31503],[-98.06882,19.31262],[-98.06881,19.31235],[-98.06861,19.31225],[-98.06831,19.31228],[-98.06759,19.31151],[-98.06709,19.31115],[-98.06569,19.31229],[-98.06434,19.31322],[-98.0612,19.31564],[-98.05968,19.3171],[-98.05936,19.31731],[-98.05855,19.31758],[-98.05837,19.31771],[-98.05812,19.31735],[-98.05798,19.31688],[-98.05755,19.31615],[-98.05684,19.31579],[-98.05621,19.31576],[-98.05593,19.31498],[-98.05469,19.31381],[-98.05444,19.31326],[-98.05363,19.31265],[-98.05301,19.31192],[-98.05267,19.31191],[-98.0521,19.31149],[-98.05191,19.31086],[-98.05155,19.31094],[-98.05146,19.31065],[-98.05109,19.31044],[-98.05114,19.31025],[-98.05083,19.30917],[-98.05009,19.30785],[-98.04949,19.30617],[-98.04904,19.3055],[-98.04918,19.30473],[-98.04897,19.30399],[-98.04878,19.30422],[-98.04726,19.30168],[-98.04615,19.29665],[-98.04563,19.29485],[-98.0454,19.29322],[-98.04483,19.29125],[-98.04448,19.29038]]]}},{"type":"Feature","properties":{"seccion":311,"municipio":22,"distrito_local":12,"distrito_federal":3},"geometry":{"type":"Polygon","coordinates":[[[-98.19738,19.23205],[-98.19519,19.23188],[-98.19397,19.23102],[-98.19293,19.23047],[-98.19204,19.23032],[-98.1917,19.23034],[-98.18987,19.2308],[-98.18843,19.23103],[-98.18741,19.23077],[-98.18557,19.23008],[-98.18497,19.22969],[-98.18416,19.22944],[-98.18367,19.22943],[-98.183,19.22954],[-98.1809,19.22957],[-98.17911,19.23013],[-98.17809,19.2303],[-98.17612,19.2303],[-98.17514,19.22457],[-98.17259,19.22344],[-98.17132,19.22327],[-98.16998,19.22339],[-98.16876,19.22326],[-98.16684,19.22383],[-98.16621,19.22333],[-98.16412,19.22229],[-98.16216,19.22059],[-98.16162,19.22057],[-98.16144,19.22006],[-98.1616,19.21944],[-98.16177,19.21915],[-98.16235,19.21894],[-98.16418,19.21789],[-98.16453,19.21781],[-98.16545,19.21731],[-98.16637,19.2171],[-98.16671,19.21709],[-98.1688,19.21769],[-98.17106,19.21816],[-98.174,19.21818],[-98.1751,19.21796],[-98.17503,19.21735],[-98.17509,19.21726],[-98.17726,19.21637],[-98.17872,19.21601],[-98.18047,19.21585],[-98.18207,19.21518],[-98.18389,19.21466],[-98.18478,19.21459],[-98.18837,19.21549],[-98.18918,19.21553],[-98.18963,19.21536],[-98.19013,19.21544],[-98.1917,19.216],[-98.1922,19.21612],[-98.19269,19.21611],[-98.19324,19.21638],[-98.19402,19.21617],[-98.19457,19.21632],[-98.19526,19.21618],[-98.19592,19.21628],[-98.1965,19.21627],[-98.19653,19.21683],[-98.19628,19.21906],[-98.19589,19.22403],[-98.19609,19.22615],[-98.19647,19.22821],[-98.19729,19.23137],[-98.19738,19.23205]]]}},{"type":"Feature","properties":{"seccion":312,"municipio":22,"distrito_local":12,"distrito_federal":3},"geometry":{"type":"Polygon","coordinates":[[[-98.12455,19.22251],[-98.12403,19.2221],[-98.12649,19.21832],[-98.12762,19.21793],[-98.1286,19.21788],[-98.13068,19.21749],[-98.13328,19.21784],[-98.13575,19.21679],[-98.13708,19.21702],[-98.13806,19.21689],[-98.13886,19.21598],[-98.14128,19.21539],[-98.14231,19.21439],[-98.14364,19.21504],[-98.14474,19.21519],[-98.14641,19.21485],[-98.1475,19.21451],[-98.14843,19.21413],[-98.14951,19.21346],[-98.15044,19.21337],[-98.15332,19.2133],[-98.15465,19.21284],[-98.15632,19.21254],[-98.16092,19.2121],[-98.16371,19.21214],[-98.16984,19.21295],[-98.17135,19.21401],[-98.17291,19.21387],[-98.17423,19.21357],[-98.17666,19.21334],[-98.1785,19.21279],[-98.17982,19.21221],[-98.18121,19.21281],[-98.18299,19.21168],[-98.18414,19.21151],[-98.18656,19.21097],[-98.18752,19.21052],[-98.18975,19.20974],[-98.1911,19.20983],[-98.19343,19.21025],[-98.1955,19.21001],[-98.19654,19.21011],[-98.19704,19.20996],[-98.1971,19.21099],[-98.19698,19.21202],[-98.19637,19.21344],[-98.19624,19.21419],[-98.1962,19.21476],[-98.1965,19.21627],[-98.19592,19.21628],[-98.19526,19.21618],[-98.19457,19.21632],[-98.19402,19.21617],[-98.19324,19.21638],[-98.19269,19.21611],[-98.1922,19.21612],[-98.1917,19.216],[-98.19013,19.21544],[-98.18963,19.21536],[-98.18918,19.21553],[-98.18837,19.21549],[-98.18478,19.21459],[-98.18389,19.21466],[-98.18207,19.21518],[-98.18047,19.21585],[-98.17872,19.21601],[-98.17726,19.21637],[-98.17509,19.21726],[-98.17503,19.21735],[-98.1751,19.21796],[-98.174,19.21818],[-98.17106,19.21816],[-98.1688,19.21769],[-98.16671,19.21709],[-98.16637,19.2171],[-98.16545,19.21731],[-98.16453,19.21781],[-98.16418,19.21789],[-98.16361,19.21819],[-98.16235,19.21894],[-98.16177,19.21915],[-98.1616,19.21944],[-98.16144,19.22006],[-98.16162,19.22057],[-98.15885,19.22053],[-98.1552,19.22027],[-98.15265,19.2198],[-98.14946,19.2195],[-98.14586,19.21993],[-98.14441,19.21997],[-98.14313,19.21938],[-98.14018,19.219],[-98.13872,19.2192],[-98.13762,19.21981],[-98.13669,19.21997],[-98.13518,19.22075],[-98.12931,19.22221],[-98.12838,19.22233],[-98.12762,19.22212],[-98.12629,19.22248],[-98.12455,19.22251]]]}},{"type":"Feature","properties":{"seccion":313,"municipio":46,"distrito_local":14,"distrito_federal":3},"geometry":{"type":"Polygon","coordinates":[[[-98.23014,19.2205],[-98.22756,19.21969],[-98.22468,19.21914],[-98.22248,19.2185],[-98.22025,19.21826],[-98.2206,19.2177],[-98.2205,19.21766],[-98.22105,19.21678],[-98.22065,19.21661],[-98.22213,19.21378],[-98.22254,19.21285],[-98.22306,19.21303],[-98.22405,19.21144],[-98.22484,19.20928],[-98.22527,19.20926],[-98.22532,19.20917],[-98.2267,19.20868],[-98.22738,19.20805],[-98.22792,19.20779],[-98.22861,19.20771],[-98.23008,19.208],[-98.23032,19.20824],[-98.23005,19.20991],[-98.23007,19.21151],[-98.23029,19.21304],[-98.2303,19.21642],[-98.23043,19.21887],[-98.23014,19.2205]]]}},{"type":"Feature","properties":{"seccion":590,"municipio":44,"distrito_local":13,"distrito_federal":3},"geometry":{"type":"Polygon","coordinates":[[[-98.23976,19.21568],[-98.23285,19.22555],[-98.23228,19.22531],[-98.23205,19.22374],[-98.23306,19.22175],[-98.23014,19.2205],[-98.23043,19.21887],[-98.2303,19.21642],[-98.23029,19.21304],[-98.23007,19.21151],[-98.23005,19.20991],[-98.23012,19.20925],[-98.23028,19.20944],[-98.23862,19.21477],[-98.23893,19.21433],[-98.24117,19.21558],[-98.24069,19.2162],[-98.23976,19.21568]]]}},{"type":"Feature","properties":{"seccion":314,"municipio":46,"distrito_local":14,"distrito_federal":3},"geometry":{"type":"Polygon","coordinates":[[[-98.22025,19.21826],[-98.21865,19.21805],[-98.21485,19.2166],[-98.21329,19.21636],[-98.21322,19.21628],[-98.21362,19.21411],[-98.21309,19.21418],[-98.21095,19.21346],[-98.20985,19.21296],[-98.20921,19.21257],[-98.20655,19.21229],[-98.20707,19.21143],[-98.20785,19.21154],[-98.20855,19.21143],[-98.2091,19.21105],[-98.20953,19.21093],[-98.20993,19.21117],[-98.21067,19.21098],[-98.21167,19.21106],[-98.21215,19.21085],[-98.21263,19.21085],[-98.21296,19.20788],[-98.21452,19.2082],[-98.21497,19.20604],[-98.21639,19.2058],[-98.21747,19.20576],[-98.21917,19.20607],[-98.22034,19.20651],[-98.22375,19.20636],[-98.22638,19.20682],[-98.22892,19.20705],[-98.23049,19.20734],[-98.23032,19.20824],[-98.23008,19.208],[-98.22861,19.20771],[-98.22792,19.20779],[-98.22738,19.20805],[-98.2267,19.20868],[-98.22532,19.20917],[-98.22527,19.20926],[-98.22484,19.20928],[-98.22405,19.21144],[-98.22306,19.21303],[-98.22254,19.21285],[-98.22213,19.21378],[-98.22065,19.21661],[-98.22105,19.21678],[-98.2205,19.21766],[-98.2206,19.2177],[-98.22025,19.21826]]]}},{"type":"Feature","properties":{"seccion":315,"municipio":46,"distrito_local":14,"distrito_federal":3},"geometry":{"type":"Polygon","coordinates":[[[-98.19548,19.20419],[-98.19591,19.20546],[-98.19693,19.2092],[-98.19704,19.20996],[-98.19654,19.21011],[-98.1955,19.21001],[-98.19343,19.21025],[-98.1911,19.20983],[-98.18975,19.20974],[-98.18752,19.21052],[-98.18656,19.21097],[-98.18414,19.21151],[-98.18299,19.21168],[-98.18121,19.21281],[-98.17982,19.21221],[-98.1785,19.21279],[-98.17666,19.21334],[-98.17423,19.21357],[-98.17291,19.21387],[-98.17135,19.21401],[-98.16984,19.21295],[-98.16371,19.21214],[-98.16092,19.2121],[-98.15632,19.21254],[-98.15465,19.21284],[-98.15332,19.2133],[-98.15044,19.21337],[-98.14951,19.21346],[-98.14843,19.21413],[-98.1475,19.21451],[-98.14641,19.21485],[-98.14474,19.21519],[-98.14364,19.21504],[-98.14231,19.21439],[-98.14128,19.21539],[-98.13886,19.21598],[-98.13806,19.21689],[-98.13708,19.21702],[-98.13575,19.21679],[-98.13328,19.21784],[-98.13068,19.21749],[-98.1286,19.21788],[-98.12762,19.21793],[-98.12649,19.21832],[-98.13897,19.19662],[-98.13949,19.1969],[-98.14151,19.19688],[-98.14318,19.1965],[-98.14416,19.196],[-98.14537,19.19558],[-98.14658,19.19536],[-98.14962,19.19439],[-98.15112,19.19367],[-98.15249,19.19284],[-98.15382,19.19242],[-98.15537,19.19224],[-98.15711,19.19239],[-98.15914,19.19307],[-98.16099,19.19346],[-98.16174,19.1935],[-98.16249,19.19304],[-98.16363,19.19249],[-98.16444,19.19195],[-98.16524,19.19178],[-98.16703,19.19193],[-98.16825,19.19221],[-98.16935,19.19228],[-98.17033,19.19252],[-98.17126,19.19263],[-98.17212,19.19217],[-98.17379,19.19187],[-98.17766,19.19204],[-98.1791,19.19153],[-98.18059,19.19074],[-98.18232,19.19081],[-98.18268,19.19117],[-98.18293,19.19172],[-98.18325,19.19171],[-98.18475,19.19136],[-98.18573,19.19102],[-98.1878,19.18989],[-98.18832,19.18955],[-98.18865,19.18916],[-98.19405,19.19037],[-98.19428,19.19355],[-98.19427,19.1949],[-98.19409,19.197],[-98.19348,19.19724],[-98.19309,19.19725],[-98.1925,19.19722],[-98.19185,19.19705],[-98.18985,19.19704],[-98.18897,19.19715],[-98.18931,19.19815],[-98.19057,19.20385],[-98.19241,19.20433],[-98.19376,19.2044],[-98.19472,19.20437],[-98.1953,19.20429],[-98.19548,19.20419]]]}},{"type":"Feature","properties":{"seccion":352,"municipio":25,"distrito_local":15,"distrito_federal":3},"geometry":{"type":"Polygon","coordinates":[[[-98.15555,19.13117],[-98.1546,19.13024],[-98.15436,19.12989],[-98.15283,19.13137],[-98.1512,19.12991],[-98.15069,19.12957],[-98.15167,19.12756],[-98.14954,19.12604],[-98.14943,19.12575],[-98.14946,19.12539],[-98.14967,19.12519],[-98.15049,19.12482],[-98.15081,19.12449],[-98.15071,19.12414],[-98.15092,19.12386],[-98.15178,19.12375],[-98.15245,19.12396],[-98.15294,19.12343],[-98.15334,19.12333],[-98.15371,19.12281],[-98.15392,19.12286],[-98.1548,19.12372],[-98.15471,19.12391],[-98.15569,19.12446],[-98.15533,19.12492],[-98.15529,19.12549],[-98.15617,19.12647],[-98.15668,19.12691],[-98.15652,19.12739],[-98.15636,19.12725],[-98.15623,19.12736],[-98.15648,19.12758],[-98.15639,19.12771],[-98.1559,19.12726],[-98.15574,19.12743],[-98.15586,19.12761],[-98.15567,19.12791],[-98.15601,19.12828],[-98.15585,19.12846],[-98.15606,19.12863],[-98.15588,19.12885],[-98.15635,19.12928],[-98.15592,19.12972],[-98.1561,19.12989],[-98.15584,19.13016],[-98.15584,19.13029],[-98.1557,19.13041],[-98.15563,19.13035],[-98.15555,19.13046],[-98.15605,19.13095],[-98.15594,19.13106],[-98.15581,19.13093],[-98.15555,19.13117]]]}},{"type":"Feature","properties":{"seccion":587,"municipio":59,"distrito_local":13,"distrito_federal":3},"geometry":{"type":"Polygon","coordinates":[[[-98.24526,19.22636],[-98.2449,19.22551],[-98.24524,19.22515],[-98.24443,19.22456],[-98.24446,19.22439],[-98.24534,19.22504],[-98.24467,19.22171],[-98.2462,19.2227],[-98.24624,19.22069],[-98.24698,19.22132],[-98.24845,19.21942],[-98.25054,19.21902],[-98.25103,19.21917],[-98.25171,19.21916],[-98.25157,19.21947],[-98.24911,19.22319],[-98.24874,19.22388],[-98.2489,19.22401],[-98.2486,19.22446],[-98.24696,19.22618],[-98.24792,19.22681],[-98.24786,19.22688],[-98.24854,19.2273],[-98.24759,19.22817],[-98.24606,19.22819],[-98.24521,19.22855],[-98.24507,19.22838],[-98.24535,19.22806],[-98.24463,19.22697],[-98.24526,19.22636]]]}},{"type":"Feature","properties":{"seccion":348,"municipio":25,"distrito_local":15,"distrito_federal":3},"geometry":{"type":"Polygon","coordinates":[[[-98.17294,19.12304],[-98.17401,19.12418],[-98.17451,19.12375],[-98.17458,19.12383],[-98.17507,19.12346],[-98.17597,19.12432],[-98.1768,19.12359],[-98.17944,19.1253],[-98.1812,19.12494],[-98.1813,19.12507],[-98.18633,19.12296],[-98.18547,19.12291],[-98.1861,19.12245],[-98.18666,19.12233],[-98.18694,19.12239],[-98.18708,19.1223],[-98.18712,19.12213],[-98.1876,19.12195],[-98.18822,19.12184],[-98.18852,19.12166],[-98.18879,19.12116],[-98.18931,19.12108],[-98.18954,19.12092],[-98.18981,19.12086],[-98.19024,19.12046],[-98.19049,19.12046],[-98.19072,19.12029],[-98.19101,19.1203],[-98.19178,19.11975],[-98.19185,19.11955],[-98.1923,19.11943],[-98.19303,19.11869],[-98.19342,19.11844],[-98.19347,19.11829],[-98.19466,19.1179],[-98.195,19.11749],[-98.19581,19.11711],[-98.19618,19.11707],[-98.19627,19.11678],[-98.19645,19.11662],[-98.19835,19.11655],[-98.19869,19.11646],[-98.19943,19.1159],[-98.20034,19.11538],[-98.20109,19.11532],[-98.20276,19.1149],[-98.20358,19.11492],[-98.20422,19.11507],[-98.20493,19.11533],[-98.20511,19.11554],[-98.20493,19.11554],[-98.20448,19.1158],[-98.20275,19.11634],[-98.20188,19.11649],[-98.20143,19.11696],[-98.20052,19.11752],[-98.19991,19.11824],[-98.19956,19.11829],[-98.19834,19.11816],[-98.19806,19.1185],[-98.19748,19.11864],[-98.19603,19.11864],[-98.19586,19.11868],[-98.19541,19.11927],[-98.19467,19.11975],[-98.19409,19.11968],[-98.19387,19.12002],[-98.19388,19.1206],[-98.19372,19.12105],[-98.19235,19.12167],[-98.19213,19.12196],[-98.19208,19.12246],[-98.19197,19.12267],[-98.19175,19.12284],[-98.19153,19.12338],[-98.19124,19.12343],[-98.19626,19.12692],[-98.18716,19.13349],[-98.17263,19.14346],[-98.17064,19.13799],[-98.17015,19.13623],[-98.1705,19.13543],[-98.17051,19.13509],[-98.17021,19.1341],[-98.17022,19.13357],[-98.17057,19.13209],[-98.17082,19.13048],[-98.17084,19.12914],[-98.17099,19.12866],[-98.1708,19.12672],[-98.17001,19.12601],[-98.17123,19.12477],[-98.17205,19.1256],[-98.17343,19.12446],[-98.17248,19.12346],[-98.17294,19.12304]]]}},{"type":"Feature","properties":{"seccion":353,"municipio":25,"distrito_local":15,"distrito_federal":3},"geometry":{"type":"Polygon","coordinates":[[[-98.16084,19.12435],[-98.16038,19.12397],[-98.16005,19.12387],[-98.15968,19.1244],[-98.15817,19.12589],[-98.15767,19.12543],[-98.15759,19.12551],[-98.15785,19.12574],[-98.15778,19.12582],[-98.15759,19.12566],[-98.15747,19.12578],[-98.15735,19.12567],[-98.15725,19.12569],[-98.15713,19.12583],[-98.15725,19.12593],[-98.15722,19.12604],[-98.15695,19.1263],[-98.15659,19.12597],[-98.15641,19.12612],[-98.15569,19.12539],[-98.15529,19.12549],[-98.15533,19.12492],[-98.15569,19.12446],[-98.15471,19.12391],[-98.1548,19.12372],[-98.15392,19.12286],[-98.15371,19.12281],[-98.15406,19.12262],[-98.15421,19.1221],[-98.15454,19.12161],[-98.15555,19.12154],[-98.15605,19.12186],[-98.15642,19.12174],[-98.15671,19.12153],[-98.15713,19.12097],[-98.1577,19.1211],[-98.15802,19.12082],[-98.15828,19.12025],[-98.15847,19.11946],[-98.15872,19.11887],[-98.15905,19.11893],[-98.15933,19.11852],[-98.15966,19.11839],[-98.16012,19.11777],[-98.15994,19.11759],[-98.16012,19.11688],[-98.16012,19.1165],[-98.16078,19.11591],[-98.16105,19.11591],[-98.16125,19.11617],[-98.16166,19.11626],[-98.16218,19.11587],[-98.16198,19.11556],[-98.16233,19.11564],[-98.16277,19.116],[-98.16268,19.11612],[-98.16295,19.11632],[-98.16224,19.11698],[-98.16169,19.11715],[-98.16144,19.1175],[-98.16184,19.11757],[-98.16206,19.1177],[-98.16314,19.11848],[-98.1634,19.11827],[-98.16389,19.11841],[-98.16408,19.11826],[-98.16393,19.11802],[-98.16445,19.11759],[-98.16454,19.11744],[-98.16451,19.11699],[-98.16466,19.11683],[-98.16509,19.11668],[-98.16531,19.11667],[-98.16526,19.11673],[-98.16601,19.11654],[-98.16582,19.1175],[-98.16588,19.1176],[-98.16586,19.11805],[-98.16564,19.11882],[-98.1657,19.11912],[-98.16558,19.11933],[-98.16553,19.12018],[-98.16511,19.12135],[-98.16521,19.12143],[-98.16494,19.12197],[-98.16406,19.12284],[-98.16305,19.12326],[-98.16284,19.12322],[-98.16209,19.12377],[-98.16084,19.12435]]]}},{"type":"Feature","properties":{"seccion":588,"municipio":44,"distrito_local":13,"distrito_federal":3},"geometry":{"type":"Polygon","coordinates":[[[-98.24244,19.2312],[-98.2403,19.22185],[-98.24241,19.22148],[-98.24458,19.22125],[-98.24535,19.22125],[-98.24627,19.22085],[-98.2462,19.2227],[-98.24467,19.22171],[-98.24534,19.22504],[-98.24446,19.22439],[-98.24443,19.22456],[-98.24524,19.22515],[-98.2449,19.22551],[-98.24529,19.22632],[-98.24463,19.22697],[-98.24535,19.22806],[-98.24507,19.22838],[-98.24521,19.22855],[-98.24365,19.22982],[-98.24244,19.2312]]]}},{"type":"Feature","properties":{"seccion":349,"municipio":25,"distrito_local":15,"distrito_federal":3},"geometry":{"type":"Polygon","coordinates":[[[-98.11195,19.21391],[-98.11202,19.21111],[-98.11162,19.20941],[-98.11105,19.20772],[-98.1103,19.20665],[-98.11539,19.20171],[-98.11614,19.20006],[-98.11932,19.19824],[-98.12056,19.19776],[-98.12211,19.19675],[-98.12284,19.19597],[-98.12409,19.19568],[-98.12667,19.19314],[-98.12629,19.18819],[-98.12596,19.18759],[-98.12731,19.18699],[-98.12826,19.18595],[-98.13064,19.18551],[-98.13195,19.18446],[-98.13425,19.18191],[-98.13315,19.18155],[-98.13077,19.18239],[-98.12836,19.18267],[-98.12522,19.18416],[-98.1236,19.18409],[-98.12229,19.18414],[-98.12132,19.18457],[-98.12134,19.18435],[-98.1217,19.18358],[-98.12226,19.18306],[-98.12296,19.18194],[-98.12275,19.18117],[-98.12243,19.18093],[-98.12245,19.17979],[-98.12331,19.17847],[-98.1244,19.17722],[-98.12455,19.17689],[-98.12493,19.17692],[-98.125,19.17685],[-98.12497,19.17659],[-98.12508,19.17644],[-98.12549,19.17641],[-98.126,19.176],[-98.12631,19.17596],[-98.12653,19.17608],[-98.12677,19.1766],[-98.12697,19.1766],[-98.12741,19.17593],[-98.12737,19.17556],[-98.12745,19.1754],[-98.12814,19.17469],[-98.12824,19.17472],[-98.12847,19.17521],[-98.12882,19.17531],[-98.129,19.17528],[-98.12913,19.17489],[-98.12925,19.1748],[-98.1297,19.1747],[-98.12972,19.17429],[-98.13017,19.17439],[-98.13028,19.17435],[-98.13034,19.17404],[-98.13027,19.17377],[-98.13037,19.17357],[-98.12996,19.17321],[-98.12987,19.17257],[-98.12947,19.16907],[-98.12958,19.16852],[-98.12969,19.16844],[-98.13002,19.16851],[-98.13031,19.16833],[-98.13107,19.16832],[-98.13134,19.16863],[-98.13175,19.16829],[-98.13245,19.16803],[-98.13462,19.1666],[-98.13568,19.16491],[-98.13707,19.16348],[-98.14023,19.16219],[-98.14335,19.1608],[-98.14786,19.15941],[-98.1484,19.15869],[-98.15069,19.15446],[-98.15104,19.15392],[-98.1518,19.15328],[-98.15202,19.1518],[-98.15242,19.15051],[-98.15253,19.14924],[-98.15247,19.14888],[-98.15286,19.14864],[-98.15315,19.14819],[-98.15434,19.14595],[-98.15498,19.14422],[-98.15487,19.14385],[-98.15454,19.14327],[-98.15458,19.14298],[-98.15472,19.14278],[-98.15512,19.14249],[-98.15545,19.14192],[-98.15542,19.14165],[-98.15645,19.1407],[-98.15698,19.14052],[-98.1572,19.1403],[-98.15754,19.13955],[-98.15754,19.13912],[-98.15836,19.13853],[-98.15856,19.13804],[-98.15908,19.13736],[-98.15912,19.13693],[-98.159,19.13633],[-98.1591,19.13611],[-98.15946,19.13575],[-98.15953,19.13552],[-98.15937,19.13457],[-98.15908,19.13392],[-98.15921,19.13375],[-98.15864,19.13315],[-98.15887,19.13249],[-98.15945,19.13126],[-98.1598,19.13082],[-98.16026,19.13047],[-98.16224,19.1293],[-98.16283,19.12875],[-98.16366,19.12773],[-98.16393,19.12774],[-98.16545,19.12581],[-98.16557,19.12593],[-98.16571,19.1258],[-98.16552,19.12566],[-98.16573,19.12535],[-98.16547,19.12509],[-98.16673,19.12395],[-98.16708,19.1238],[-98.16736,19.12422],[-98.1675,19.12415],[-98.16724,19.12375],[-98.16749,19.12357],[-98.16755,19.1236],[-98.16864,19.12469],[-98.16811,19.12517],[-98.1695,19.12645],[-98.17001,19.12601],[-98.1708,19.12672],[-98.17099,19.12866],[-98.17084,19.12914],[-98.17082,19.13048],[-98.17057,19.13209],[-98.17022,19.13357],[-98.17021,19.1341],[-98.17051,19.13509],[-98.1705,19.13543],[-98.17015,19.13623],[-98.17064,19.13799],[-98.17263,19.14346],[-98.1682,19.1465],[-98.1678,19.147],[-98.15288,19.17266],[-98.14844,19.18055],[-98.14563,19.18514],[-98.13897,19.19662],[-98.12866,19.2146],[-98.12774,19.21469],[-98.12595,19.21523],[-98.12531,19.21556],[-98.12479,19.21601],[-98.12156,19.21627],[-98.12045,19.21615],[-98.11982,19.2159],[-98.11941,19.21586],[-98.11796,19.21599],[-98.11657,19.21567],[-98.11495,19.21563],[-98.11362,19.21531],[-98.11135,19.21618],[-98.11195,19.21391]]]}},{"type":"Feature","properties":{"seccion":354,"municipio":25,"distrito_local":15,"distrito_federal":3},"geometry":{"type":"Polygon","coordinates":[[[-98.16333,19.12815],[-98.16139,19.12617],[-98.16195,19.12554],[-98.16121,19.12484],[-98.16125,19.12481],[-98.16082,19.12437],[-98.16209,19.12377],[-98.16284,19.12322],[-98.16305,19.12326],[-98.16406,19.12284],[-98.16494,19.12197],[-98.16521,19.12143],[-98.16511,19.12135],[-98.16553,19.12018],[-98.16558,19.11933],[-98.1657,19.11912],[-98.16564,19.11882],[-98.1659,19.11804],[-98.16693,19.11882],[-98.16699,19.11898],[-98.16719,19.11914],[-98.16745,19.11899],[-98.16759,19.11912],[-98.16766,19.11904],[-98.16841,19.11974],[-98.16882,19.11935],[-98.17006,19.12038],[-98.16922,19.12105],[-98.16905,19.1209],[-98.16918,19.12078],[-98.16872,19.12041],[-98.16632,19.12253],[-98.16719,19.12344],[-98.16749,19.12357],[-98.16724,19.12375],[-98.1675,19.12415],[-98.16736,19.12422],[-98.16708,19.1238],[-98.16673,19.12395],[-98.16547,19.12509],[-98.16573,19.12535],[-98.16552,19.12566],[-98.16571,19.1258],[-98.16557,19.12593],[-98.16545,19.12581],[-98.16393,19.12774],[-98.16366,19.12773],[-98.16333,19.12815]]]}},{"type":"Feature","properties":{"seccion":355,"municipio":25,"distrito_local":15,"distrito_federal":3},"geometry":{"type":"Polygon","coordinates":[[[-98.17294,19.12304],[-98.17248,19.12346],[-98.17343,19.12446],[-98.17205,19.1256],[-98.17123,19.12477],[-98.1695,19.12645],[-98.16811,19.12517],[-98.16864,19.12469],[-98.16755,19.1236],[-98.16719,19.12344],[-98.16632,19.12253],[-98.16872,19.12041],[-98.16918,19.12078],[-98.16905,19.1209],[-98.16922,19.12105],[-98.17006,19.12038],[-98.17133,19.12148],[-98.17161,19.12185],[-98.17294,19.12304]]]}},{"type":"Feature","properties":{"seccion":351,"municipio":25,"distrito_local":15,"distrito_federal":3},"geometry":{"type":"Polygon","coordinates":[[[-98.1426,19.14024],[-98.14235,19.1412],[-98.14194,19.14159],[-98.1417,19.14203],[-98.14103,19.14221],[-98.14043,19.14249],[-98.13998,19.14236],[-98.13964,19.14216],[-98.13857,19.14331],[-98.138,19.14458],[-98.13779,19.14474],[-98.13666,19.14524],[-98.13577,19.14645],[-98.13554,19.14655],[-98.13469,19.14662],[-98.13418,19.14677],[-98.13215,19.14817],[-98.13172,19.14839],[-98.13159,19.14863],[-98.13108,19.14915],[-98.1307,19.14919],[-98.13056,19.14946],[-98.13024,19.14954],[-98.12959,19.14951],[-98.12926,19.14968],[-98.12938,19.14994],[-98.1293,19.15009],[-98.12947,19.15047],[-98.12926,19.15059],[-98.12864,19.15066],[-98.12848,19.1508],[-98.12815,19.1514],[-98.12778,19.15175],[-98.12722,19.15202],[-98.12677,19.15264],[-98.1263,19.15298],[-98.12584,19.15296],[-98.1247,19.15516],[-98.1239,19.15515],[-98.12329,19.1549],[-98.12298,19.15502],[-98.12264,19.15492],[-98.12044,19.15292],[-98.12062,19.15265],[-98.12049,19.15232],[-98.12036,19.1523],[-98.11994,19.15256],[-98.11949,19.15216],[-98.11917,19.15245],[-98.11887,19.15259],[-98.11801,19.1517],[-98.11786,19.15122],[-98.11725,19.15064],[-98.11739,19.15042],[-98.11744,19.14966],[-98.11783,19.14942],[-98.1186,19.14942],[-98.11882,19.14906],[-98.11884,19.14882],[-98.11859,19.1484],[-98.11866,19.14812],[-98.11916,19.14773],[-98.11968,19.14711],[-98.12012,19.14726],[-98.12036,19.14714],[-98.12025,19.1466],[-98.12062,19.14641],[-98.12097,19.1458],[-98.1211,19.14593],[-98.12117,19.14588],[-98.12132,19.14544],[-98.12161,19.14526],[-98.12166,19.14508],[-98.12186,19.14489],[-98.12206,19.14489],[-98.12223,19.14478],[-98.12243,19.14477],[-98.12253,19.14489],[-98.12274,19.14493],[-98.12295,19.14446],[-98.12357,19.14435],[-98.12398,19.14356],[-98.12434,19.14316],[-98.12458,19.1432],[-98.12467,19.14341],[-98.12479,19.14342],[-98.12486,19.14334],[-98.12481,19.14309],[-98.1249,19.14286],[-98.12476,19.14266],[-98.12484,19.14247],[-98.12501,19.14234],[-98.12523,19.14233],[-98.12552,19.14261],[-98.1259,19.14241],[-98.1262,19.1421],[-98.12648,19.14206],[-98.12694,19.14183],[-98.127,19.1417],[-98.1278,19.14161],[-98.12784,19.14144],[-98.1275,19.14112],[-98.12749,19.14101],[-98.12764,19.14092],[-98.12818,19.14107],[-98.12832,19.14104],[-98.12838,19.14057],[-98.12866,19.14038],[-98.12892,19.14036],[-98.12873,19.13977],[-98.1289,19.13961],[-98.12908,19.13954],[-98.12986,19.13976],[-98.1301,19.13939],[-98.13068,19.13977],[-98.13084,19.13978],[-98.13103,19.13966],[-98.13101,19.13947],[-98.13109,19.13939],[-98.13141,19.1395],[-98.13152,19.13973],[-98.13162,19.13974],[-98.13174,19.13956],[-98.13188,19.13885],[-98.13204,19.13879],[-98.13229,19.13893],[-98.13293,19.13889],[-98.13384,19.13871],[-98.13334,19.1385],[-98.13325,19.13835],[-98.13344,19.13818],[-98.13365,19.13823],[-98.13399,19.1381],[-98.13456,19.13769],[-98.13475,19.13737],[-98.1352,19.13729],[-98.13591,19.13701],[-98.13619,19.13668],[-98.13778,19.13613],[-98.13807,19.13606],[-98.13911,19.13619],[-98.14017,19.13662],[-98.14062,19.13653],[-98.14227,19.13596],[-98.14261,19.13517],[-98.1427,19.13465],[-98.14296,19.13441],[-98.14325,19.13385],[-98.14369,19.13355],[-98.14456,19.13204],[-98.14492,19.13162],[-98.14517,19.13044],[-98.14558,19.13004],[-98.14559,19.12942],[-98.14575,19.12914],[-98.14663,19.12866],[-98.14742,19.1274],[-98.1479,19.12687],[-98.14822,19.1268],[-98.14849,19.12695],[-98.14892,19.12693],[-98.14905,19.12648],[-98.14954,19.12604],[-98.15167,19.12756],[-98.15069,19.12957],[-98.1512,19.12991],[-98.15283,19.13137],[-98.15436,19.12989],[-98.1546,19.13024],[-98.15536,19.13097],[-98.15521,19.13112],[-98.15527,19.13118],[-98.15512,19.1312],[-98.15536,19.13143],[-98.15519,19.13164],[-98.15505,19.13151],[-98.15492,19.13164],[-98.15499,19.13171],[-98.15466,19.13192],[-98.15483,19.13208],[-98.15462,19.13225],[-98.15531,19.13294],[-98.15511,19.13308],[-98.15504,19.133],[-98.15487,19.13318],[-98.15475,19.13305],[-98.15463,19.1332],[-98.15477,19.13335],[-98.15457,19.1335],[-98.15467,19.13361],[-98.15147,19.13587],[-98.15104,19.13623],[-98.15112,19.13638],[-98.15025,19.1371],[-98.15017,19.13713],[-98.14986,19.13684],[-98.14954,19.1371],[-98.14961,19.13715],[-98.14951,19.13724],[-98.14945,19.13718],[-98.14924,19.13736],[-98.14916,19.1373],[-98.14883,19.13751],[-98.1486,19.13776],[-98.14868,19.13785],[-98.14849,19.13798],[-98.14902,19.13844],[-98.14885,19.13847],[-98.14877,19.13839],[-98.14865,19.13858],[-98.14829,19.13875],[-98.14834,19.13879],[-98.14812,19.13897],[-98.14805,19.13926],[-98.14797,19.13924],[-98.14799,19.13941],[-98.1479,19.13949],[-98.14774,19.13942],[-98.14756,19.13948],[-98.14647,19.13841],[-98.14588,19.1388],[-98.14581,19.13894],[-98.14567,19.1388],[-98.14532,19.13904],[-98.14541,19.13914],[-98.14529,19.13925],[-98.14568,19.13962],[-98.14553,19.13987],[-98.1454,19.13983],[-98.14499,19.14015],[-98.14429,19.14025],[-98.14386,19.1405],[-98.14321,19.13982],[-98.1426,19.14024]]]}},{"type":"Feature","properties":{"seccion":591,"municipio":44,"distrito_local":13,"distrito_federal":3},"geometry":{"type":"Polygon","coordinates":[[[-98.24624,19.22069],[-98.24627,19.22085],[-98.24535,19.22125],[-98.24458,19.22125],[-98.24241,19.22148],[-98.24084,19.22025],[-98.24004,19.21986],[-98.23976,19.2199],[-98.23964,19.22004],[-98.23763,19.21867],[-98.23976,19.21568],[-98.24069,19.2162],[-98.24117,19.21558],[-98.24385,19.21697],[-98.25018,19.21909],[-98.24845,19.21942],[-98.24698,19.22132],[-98.24624,19.22069]]]}},{"type":"Feature","properties":{"seccion":356,"municipio":25,"distrito_local":15,"distrito_federal":3},"geometry":{"type":"Polygon","coordinates":[[[-98.179,19.11752],[-98.17925,19.11743],[-98.1797,19.11704],[-98.17967,19.11692],[-98.17999,19.11651],[-98.18014,19.11643],[-98.18076,19.11641],[-98.18187,19.11577],[-98.18217,19.11569],[-98.18286,19.11575],[-98.18313,19.11557],[-98.18452,19.11536],[-98.18649,19.11581],[-98.18681,19.11602],[-98.18744,19.11598],[-98.18767,19.11583],[-98.18799,19.11588],[-98.18824,19.11578],[-98.18864,19.11532],[-98.18877,19.11525],[-98.18901,19.11527],[-98.18978,19.11554],[-98.19036,19.1155],[-98.1905,19.11557],[-98.19056,19.11578],[-98.19073,19.11591],[-98.19153,19.11603],[-98.192,19.11598],[-98.1932,19.11605],[-98.19402,19.11632],[-98.1944,19.11618],[-98.19522,19.11668],[-98.19546,19.11651],[-98.19569,19.1165],[-98.19598,19.11656],[-98.19627,19.11678],[-98.19618,19.11707],[-98.19581,19.11711],[-98.195,19.11749],[-98.19466,19.1179],[-98.19347,19.11829],[-98.19342,19.11844],[-98.19303,19.11869],[-98.1923,19.11943],[-98.19185,19.11955],[-98.19178,19.11975],[-98.19101,19.1203],[-98.19072,19.12029],[-98.19049,19.12046],[-98.19024,19.12046],[-98.18981,19.12086],[-98.18954,19.12092],[-98.18931,19.12108],[-98.18879,19.12116],[-98.18852,19.12166],[-98.18822,19.12184],[-98.1876,19.12195],[-98.18712,19.12213],[-98.18708,19.1223],[-98.18694,19.12239],[-98.18666,19.12233],[-98.1861,19.12245],[-98.18547,19.12291],[-98.18633,19.12296],[-98.1813,19.12507],[-98.1812,19.12494],[-98.17944,19.1253],[-98.1768,19.12359],[-98.17597,19.12432],[-98.17507,19.12346],[-98.17458,19.12383],[-98.17451,19.12375],[-98.17401,19.12418],[-98.1731,19.12318],[-98.17161,19.12185],[-98.17201,19.12156],[-98.17281,19.12127],[-98.17415,19.12047],[-98.1746,19.1203],[-98.17563,19.12013],[-98.1764,19.1194],[-98.17753,19.11864],[-98.17842,19.1184],[-98.17862,19.11782],[-98.179,19.11752]]]}},{"type":"Feature","properties":{"seccion":357,"municipio":25,"distrito_local":15,"distrito_federal":3},"geometry":{"type":"Polygon","coordinates":[[[-98.17161,19.12185],[-98.17133,19.12148],[-98.16957,19.12001],[-98.17323,19.11618],[-98.17464,19.11758],[-98.17597,19.1163],[-98.17622,19.11648],[-98.17789,19.11667],[-98.17813,19.11677],[-98.179,19.11752],[-98.17862,19.11782],[-98.17842,19.1184],[-98.17753,19.11864],[-98.1764,19.1194],[-98.17563,19.12013],[-98.1746,19.1203],[-98.17415,19.12047],[-98.17281,19.12127],[-98.17201,19.12156],[-98.17161,19.12185]]]}},{"type":"Feature","properties":{"seccion":358,"municipio":25,"distrito_local":15,"distrito_federal":3},"geometry":{"type":"Polygon","coordinates":[[[-98.16822,19.11773],[-98.16854,19.11692],[-98.16848,19.11673],[-98.16905,19.11602],[-98.16921,19.11589],[-98.16944,19.11586],[-98.16954,19.11568],[-98.16956,19.11495],[-98.16968,19.1145],[-98.16989,19.1143],[-98.17018,19.11425],[-98.17027,19.11408],[-98.17058,19.11447],[-98.17104,19.11481],[-98.17129,19.11467],[-98.17171,19.11501],[-98.17181,19.11489],[-98.17144,19.11456],[-98.17145,19.11426],[-98.17178,19.11325],[-98.17244,19.11333],[-98.17263,19.11313],[-98.17285,19.1126],[-98.17311,19.11246],[-98.17345,19.11193],[-98.17353,19.11104],[-98.17382,19.11049],[-98.17438,19.10982],[-98.18131,19.11366],[-98.18282,19.11475],[-98.18452,19.11536],[-98.18313,19.11557],[-98.18286,19.11575],[-98.18217,19.11569],[-98.18187,19.11577],[-98.18076,19.11641],[-98.18014,19.11643],[-98.17999,19.11651],[-98.17967,19.11692],[-98.1797,19.11704],[-98.17925,19.11743],[-98.179,19.11752],[-98.17813,19.11677],[-98.17789,19.11667],[-98.17622,19.11648],[-98.17597,19.1163],[-98.17464,19.11758],[-98.17323,19.11618],[-98.16957,19.12001],[-98.16882,19.11935],[-98.1694,19.11877],[-98.16822,19.11773]]]}},{"type":"Feature","properties":{"seccion":359,"municipio":25,"distrito_local":15,"distrito_federal":3},"geometry":{"type":"Polygon","coordinates":[[[-98.16526,19.11673],[-98.16776,19.11355],[-98.1682,19.11283],[-98.16862,19.11181],[-98.1702,19.10904],[-98.17089,19.10828],[-98.17103,19.10792],[-98.17438,19.10982],[-98.17382,19.11049],[-98.17353,19.11104],[-98.17345,19.11193],[-98.17311,19.11246],[-98.17285,19.1126],[-98.17263,19.11313],[-98.17244,19.11333],[-98.17178,19.11325],[-98.17145,19.11426],[-98.17144,19.11456],[-98.17181,19.11489],[-98.17171,19.11501],[-98.17129,19.11467],[-98.17104,19.11481],[-98.17058,19.11447],[-98.17027,19.11408],[-98.17018,19.11425],[-98.16989,19.1143],[-98.16968,19.1145],[-98.16956,19.11495],[-98.16954,19.11568],[-98.16944,19.11586],[-98.16921,19.11589],[-98.16905,19.11602],[-98.16848,19.11673],[-98.16854,19.11692],[-98.16822,19.11773],[-98.1694,19.11877],[-98.16841,19.11974],[-98.16766,19.11904],[-98.16759,19.11912],[-98.16745,19.11899],[-98.16719,19.11914],[-98.16699,19.11898],[-98.16693,19.11882],[-98.16586,19.11805],[-98.16588,19.1176],[-98.16582,19.1175],[-98.16601,19.11654],[-98.16526,19.11673]]]}},{"type":"Feature","properties":{"seccion":360,"municipio":25,"distrito_local":15,"distrito_federal":3},"geometry":{"type":"Polygon","coordinates":[[[-98.16401,19.11369],[-98.16433,19.11276],[-98.16499,19.11178],[-98.16567,19.11118],[-98.1658,19.1113],[-98.16606,19.11125],[-98.16619,19.11105],[-98.16621,19.11058],[-98.16652,19.11053],[-98.16668,19.11035],[-98.16672,19.11006],[-98.16749,19.1094],[-98.16772,19.10941],[-98.16791,19.10929],[-98.16802,19.1091],[-98.16818,19.10902],[-98.16842,19.10851],[-98.16898,19.10829],[-98.16958,19.10753],[-98.16975,19.10714],[-98.17103,19.10792],[-98.17089,19.10828],[-98.1702,19.10904],[-98.16862,19.11181],[-98.1682,19.11283],[-98.16776,19.11355],[-98.16531,19.11667],[-98.16509,19.11668],[-98.16454,19.11692],[-98.16454,19.11744],[-98.16393,19.11802],[-98.16408,19.11826],[-98.16389,19.11841],[-98.1634,19.11827],[-98.16314,19.11848],[-98.16206,19.1177],[-98.16184,19.11757],[-98.16144,19.1175],[-98.16169,19.11715],[-98.16224,19.11698],[-98.16295,19.11632],[-98.16268,19.11612],[-98.16277,19.116],[-98.16233,19.11564],[-98.16198,19.11556],[-98.16206,19.11536],[-98.16233,19.11535],[-98.16269,19.11494],[-98.1629,19.11491],[-98.16308,19.11526],[-98.16334,19.11497],[-98.16357,19.11435],[-98.16401,19.11369]]]}},{"type":"Feature","properties":{"seccion":361,"municipio":25,"distrito_local":15,"distrito_federal":3},"geometry":{"type":"Polygon","coordinates":[[[-98.16975,19.10714],[-98.16958,19.10753],[-98.16898,19.10829],[-98.16842,19.10851],[-98.16818,19.10902],[-98.16802,19.1091],[-98.16791,19.10929],[-98.16772,19.10941],[-98.16749,19.1094],[-98.16672,19.11006],[-98.16668,19.11035],[-98.16652,19.11053],[-98.16621,19.11058],[-98.16619,19.11105],[-98.16606,19.11125],[-98.1658,19.1113],[-98.16567,19.11118],[-98.16499,19.11178],[-98.16433,19.11276],[-98.16401,19.11369],[-98.16267,19.11271],[-98.16345,19.11162],[-98.16151,19.11012],[-98.16137,19.1103],[-98.16055,19.1097],[-98.16003,19.10952],[-98.16007,19.10906],[-98.16049,19.10795],[-98.16115,19.10712],[-98.16391,19.10584],[-98.16463,19.10562],[-98.16542,19.1052],[-98.1659,19.10478],[-98.16975,19.10714]]]}},{"type":"Feature","properties":{"seccion":363,"municipio":25,"distrito_local":15,"distrito_federal":3},"geometry":{"type":"Polygon","coordinates":[[[-98.13245,19.16803],[-98.13175,19.16829],[-98.13134,19.16863],[-98.13107,19.16832],[-98.13031,19.16833],[-98.13002,19.16851],[-98.12969,19.16844],[-98.12958,19.16852],[-98.12947,19.16907],[-98.12987,19.17257],[-98.12996,19.17321],[-98.13037,19.17357],[-98.13027,19.17377],[-98.13034,19.17404],[-98.13028,19.17435],[-98.13017,19.17439],[-98.12972,19.17429],[-98.1297,19.1747],[-98.12925,19.1748],[-98.12913,19.17489],[-98.129,19.17528],[-98.12882,19.17531],[-98.12847,19.17521],[-98.12824,19.17472],[-98.12814,19.17469],[-98.12745,19.1754],[-98.12737,19.17556],[-98.12741,19.17593],[-98.12697,19.1766],[-98.12677,19.1766],[-98.12653,19.17608],[-98.12631,19.17596],[-98.126,19.176],[-98.12549,19.17641],[-98.12508,19.17644],[-98.12497,19.17659],[-98.125,19.17685],[-98.12493,19.17692],[-98.12455,19.17689],[-98.1244,19.17722],[-98.12331,19.17847],[-98.12245,19.17979],[-98.12243,19.18093],[-98.12275,19.18117],[-98.12296,19.18194],[-98.12226,19.18306],[-98.1217,19.18358],[-98.12134,19.18435],[-98.12132,19.18457],[-98.12229,19.18414],[-98.1236,19.18409],[-98.12522,19.18416],[-98.12836,19.18267],[-98.13077,19.18239],[-98.13315,19.18155],[-98.13425,19.18191],[-98.13195,19.18446],[-98.13064,19.18551],[-98.12826,19.18595],[-98.12731,19.18699],[-98.12596,19.18759],[-98.12629,19.18819],[-98.12667,19.19314],[-98.12409,19.19568],[-98.12284,19.19597],[-98.12211,19.19675],[-98.12056,19.19776],[-98.11932,19.19824],[-98.11614,19.20006],[-98.11539,19.20171],[-98.1103,19.20665],[-98.11037,19.20429],[-98.10951,19.20289],[-98.10964,19.20107],[-98.10889,19.20004],[-98.10837,19.19859],[-98.10716,19.19718],[-98.10653,19.19561],[-98.10634,19.19427],[-98.10457,19.19424],[-98.10326,19.18895],[-98.1038,19.18685],[-98.10305,19.18537],[-98.10173,19.18363],[-98.10138,19.18276],[-98.10083,19.17686],[-98.10023,19.17493],[-98.10017,19.17411],[-98.09963,19.17136],[-98.0999,19.16828],[-98.10029,19.16725],[-98.09768,19.16639],[-98.09687,19.16623],[-98.09609,19.16596],[-98.09482,19.16492],[-98.09579,19.1631],[-98.09666,19.16216],[-98.09884,19.16052],[-98.0991,19.16038],[-98.09971,19.16025],[-98.10007,19.15974],[-98.10069,19.15947],[-98.10092,19.1592],[-98.10109,19.15928],[-98.10126,19.15922],[-98.10173,19.15846],[-98.10197,19.15845],[-98.10229,19.158],[-98.1024,19.15732],[-98.10225,19.15695],[-98.10229,19.1568],[-98.10313,19.15589],[-98.1031,19.15553],[-98.10362,19.15439],[-98.10369,19.15464],[-98.10536,19.156],[-98.1055,19.15567],[-98.10549,19.15502],[-98.10561,19.15472],[-98.1061,19.15398],[-98.10722,19.1546],[-98.10774,19.15513],[-98.10913,19.15457],[-98.11024,19.15358],[-98.11082,19.15287],[-98.11244,19.15511],[-98.11331,19.15385],[-98.11379,19.15271],[-98.11437,19.15248],[-98.11478,19.15252],[-98.11566,19.15187],[-98.11659,19.15105],[-98.11725,19.15064],[-98.11786,19.15122],[-98.11801,19.1517],[-98.11887,19.15259],[-98.11917,19.15245],[-98.11949,19.15216],[-98.11994,19.15256],[-98.12036,19.1523],[-98.12049,19.15232],[-98.12062,19.15265],[-98.12044,19.15292],[-98.12264,19.15492],[-98.12298,19.15502],[-98.12329,19.1549],[-98.1239,19.15515],[-98.1247,19.15516],[-98.12564,19.15602],[-98.12579,19.15599],[-98.12684,19.15704],[-98.1266,19.15718],[-98.12641,19.15745],[-98.12762,19.15838],[-98.12753,19.15887],[-98.12713,19.15922],[-98.12711,19.15987],[-98.12757,19.16001],[-98.12878,19.16094],[-98.12819,19.16158],[-98.12776,19.16237],[-98.1303,19.1653],[-98.13187,19.16539],[-98.13201,19.16757],[-98.13245,19.16803]]]}},{"type":"Feature","properties":{"seccion":364,"municipio":25,"distrito_local":15,"distrito_federal":3},"geometry":{"type":"Polygon","coordinates":[[[-98.11244,19.15511],[-98.11082,19.15287],[-98.11024,19.15358],[-98.10913,19.15457],[-98.10774,19.15513],[-98.10722,19.1546],[-98.1061,19.15398],[-98.10561,19.15472],[-98.10549,19.15502],[-98.1055,19.15567],[-98.10536,19.156],[-98.10369,19.15464],[-98.10358,19.15335],[-98.10332,19.1527],[-98.10354,19.15216],[-98.10393,19.15178],[-98.10494,19.15035],[-98.10573,19.14966],[-98.10623,19.14911],[-98.10769,19.1473],[-98.1079,19.14663],[-98.10789,19.1461],[-98.10799,19.1456],[-98.10928,19.14424],[-98.10951,19.14411],[-98.10979,19.14373],[-98.11,19.14307],[-98.11135,19.14246],[-98.11427,19.14396],[-98.11593,19.14462],[-98.12015,19.14651],[-98.12025,19.1466],[-98.12036,19.14714],[-98.12012,19.14726],[-98.11968,19.14711],[-98.11916,19.14773],[-98.11866,19.14812],[-98.11859,19.1484],[-98.11884,19.14882],[-98.11882,19.14906],[-98.1186,19.14942],[-98.11783,19.14942],[-98.11744,19.14966],[-98.11739,19.15042],[-98.11725,19.15064],[-98.11659,19.15105],[-98.11566,19.15187],[-98.11478,19.15252],[-98.11437,19.15248],[-98.11379,19.15271],[-98.11331,19.15385],[-98.11244,19.15511]]]}},{"type":"Feature","properties":{"seccion":372,"municipio":27,"distrito_local":14,"distrito_federal":3},"geometry":{"type":"Polygon","coordinates":[[[-98.20354,19.15668],[-98.20251,19.15643],[-98.20167,19.1572],[-98.20103,19.15738],[-98.20007,19.15736],[-98.19825,19.1577],[-98.19677,19.15837],[-98.19641,19.15886],[-98.19549,19.1588],[-98.1951,19.15894],[-98.19581,19.15457],[-98.19875,19.15452],[-98.19891,19.15357],[-98.19932,19.1536],[-98.19954,19.15269],[-98.20008,19.15241],[-98.20041,19.15154],[-98.20038,19.15059],[-98.20205,19.14776],[-98.20485,19.14944],[-98.20822,19.15174],[-98.20755,19.15226],[-98.20662,19.15246],[-98.20611,19.15233],[-98.20566,19.15249],[-98.20492,19.15242],[-98.2046,19.15277],[-98.20336,19.15246],[-98.20254,19.15246],[-98.20256,19.15274],[-98.20278,19.15323],[-98.20354,19.15668]]]}},{"type":"Feature","properties":{"seccion":373,"municipio":27,"distrito_local":14,"distrito_federal":3},"geometry":{"type":"Polygon","coordinates":[[[-98.15573,19.16776],[-98.16659,19.14908],[-98.19077,19.14575],[-98.19243,19.14569],[-98.19363,19.14932],[-98.19415,19.14965],[-98.19471,19.14968],[-98.19609,19.14953],[-98.1971,19.14981],[-98.19746,19.1498],[-98.19776,19.14962],[-98.19813,19.14973],[-98.19848,19.15001],[-98.19979,19.14998],[-98.20048,19.15042],[-98.20038,19.15059],[-98.20041,19.15154],[-98.20008,19.15241],[-98.19954,19.15269],[-98.19932,19.1536],[-98.19891,19.15357],[-98.19875,19.15452],[-98.19581,19.15457],[-98.1951,19.15894],[-98.19479,19.15905],[-98.19465,19.15959],[-98.19429,19.15951],[-98.19398,19.15931],[-98.19367,19.15933],[-98.19327,19.1598],[-98.19275,19.15992],[-98.192,19.16054],[-98.19061,19.16078],[-98.18961,19.16156],[-98.18904,19.16162],[-98.18862,19.16194],[-98.18637,19.16197],[-98.18582,19.16161],[-98.18517,19.16186],[-98.18461,19.16179],[-98.18424,19.1615],[-98.18366,19.16171],[-98.18234,19.16108],[-98.18096,19.16164],[-98.17974,19.16157],[-98.17765,19.16126],[-98.17563,19.16174],[-98.17454,19.16224],[-98.17355,19.16172],[-98.1721,19.16165],[-98.17089,19.16208],[-98.16992,19.16312],[-98.16865,19.16379],[-98.16773,19.16413],[-98.16731,19.16298],[-98.1661,19.16336],[-98.1646,19.16367],[-98.16293,19.16426],[-98.16172,19.16526],[-98.15573,19.16776]]]}},{"type":"Feature","properties":{"seccion":374,"municipio":27,"distrito_local":14,"distrito_federal":3},"geometry":{"type":"Polygon","coordinates":[[[-98.20199,19.14789],[-98.2011,19.14755],[-98.20175,19.14702],[-98.20166,19.14456],[-98.2018,19.14363],[-98.20151,19.14024],[-98.2031,19.13832],[-98.2048,19.13566],[-98.2059,19.13461],[-98.20619,19.13406],[-98.20625,19.13329],[-98.20727,19.13275],[-98.20795,19.13257],[-98.20869,19.13266],[-98.20843,19.13583],[-98.20829,19.13664],[-98.20772,19.13859],[-98.20732,19.1393],[-98.2067,19.14017],[-98.20542,19.1414],[-98.20524,19.14192],[-98.20507,19.14302],[-98.20479,19.14397],[-98.20309,19.14551],[-98.20193,19.14739],[-98.20217,19.14752],[-98.20199,19.14789]]]}},{"type":"Feature","properties":{"seccion":589,"municipio":44,"distrito_local":13,"distrito_federal":3},"geometry":{"type":"Polygon","coordinates":[[[-98.24241,19.22148],[-98.2403,19.22185],[-98.24244,19.2312],[-98.24064,19.23258],[-98.23611,19.23018],[-98.23629,19.22968],[-98.23479,19.22884],[-98.23474,19.22863],[-98.23493,19.22835],[-98.23285,19.22555],[-98.23763,19.21867],[-98.23964,19.22004],[-98.23976,19.2199],[-98.24004,19.21986],[-98.24084,19.22025],[-98.24241,19.22148]]]}},{"type":"Feature","properties":{"seccion":375,"municipio":27,"distrito_local":14,"distrito_federal":3},"geometry":{"type":"Polygon","coordinates":[[[-98.21576,19.1457],[-98.2156,19.14606],[-98.21379,19.14687],[-98.21335,19.14732],[-98.21332,19.14837],[-98.21313,19.1488],[-98.21269,19.14941],[-98.21195,19.15002],[-98.21161,19.15012],[-98.21088,19.15003],[-98.21021,19.15052],[-98.20973,19.15076],[-98.20933,19.15082],[-98.20894,19.1513],[-98.20854,19.15141],[-98.20822,19.15174],[-98.20485,19.14944],[-98.20205,19.14776],[-98.20217,19.14752],[-98.20193,19.14739],[-98.20309,19.14551],[-98.20479,19.14397],[-98.20507,19.14302],[-98.20524,19.14192],[-98.20542,19.1414],[-98.2067,19.14017],[-98.20732,19.1393],[-98.20772,19.13859],[-98.20829,19.13664],[-98.20843,19.13583],[-98.20869,19.13266],[-98.20978,19.13287],[-98.21005,19.13285],[-98.21066,19.13315],[-98.21174,19.13347],[-98.21231,19.13373],[-98.21281,19.13365],[-98.21322,19.13397],[-98.21502,19.13427],[-98.21649,19.13481],[-98.21801,19.13522],[-98.21976,19.13631],[-98.22101,19.13641],[-98.22188,19.13659],[-98.22246,19.13654],[-98.22294,19.13673],[-98.22444,19.13783],[-98.22406,19.13799],[-98.22352,19.13869],[-98.22315,19.13879],[-98.22284,19.13869],[-98.2222,19.13953],[-98.22191,19.13959],[-98.22187,19.13981],[-98.22056,19.13978],[-98.22034,19.13984],[-98.21967,19.14054],[-98.21893,19.14099],[-98.21797,19.1419],[-98.21718,19.1422],[-98.21664,19.14313],[-98.21532,19.14446],[-98.21516,19.14485],[-98.21576,19.1457]]]}},{"type":"Feature","properties":{"seccion":376,"municipio":27,"distrito_local":14,"distrito_federal":3},"geometry":{"type":"Polygon","coordinates":[[[-98.20048,19.15042],[-98.19979,19.14998],[-98.19848,19.15001],[-98.19813,19.14973],[-98.19776,19.14962],[-98.19746,19.1498],[-98.1971,19.14981],[-98.19609,19.14953],[-98.19471,19.14968],[-98.19415,19.14965],[-98.19363,19.14932],[-98.19243,19.14569],[-98.19077,19.14575],[-98.16659,19.14908],[-98.1678,19.147],[-98.1682,19.1465],[-98.18665,19.13383],[-98.18829,19.13637],[-98.19018,19.13888],[-98.19122,19.14108],[-98.19147,19.14198],[-98.19562,19.14465],[-98.19943,19.14693],[-98.20199,19.14789],[-98.20048,19.15042]]]}},{"type":"Feature","properties":{"seccion":377,"municipio":27,"distrito_local":14,"distrito_federal":3},"geometry":{"type":"Polygon","coordinates":[[[-98.2011,19.14755],[-98.19943,19.14693],[-98.19562,19.14465],[-98.19147,19.14198],[-98.19122,19.14108],[-98.19037,19.13927],[-98.19141,19.13905],[-98.19326,19.13898],[-98.19479,19.13871],[-98.19705,19.13884],[-98.19718,19.13895],[-98.1973,19.13872],[-98.1977,19.13833],[-98.19954,19.13794],[-98.20162,19.13678],[-98.20228,19.13611],[-98.20296,19.13561],[-98.20428,19.13436],[-98.20625,19.13329],[-98.20619,19.13406],[-98.2059,19.13461],[-98.2048,19.13566],[-98.2031,19.13832],[-98.20151,19.14024],[-98.2018,19.14363],[-98.20166,19.14456],[-98.20175,19.14702],[-98.2011,19.14755]]]}},{"type":"Feature","properties":{"seccion":378,"municipio":28,"distrito_local":12,"distrito_federal":3},"geometry":{"type":"Polygon","coordinates":[[[-98.19565,19.25541],[-98.19446,19.25499],[-98.19387,19.25492],[-98.19342,19.25493],[-98.19246,19.25513],[-98.19024,19.25496],[-98.19063,19.25318],[-98.1903,19.25305],[-98.19024,19.25288],[-98.19061,19.25215],[-98.19061,19.252],[-98.19111,19.25151],[-98.19115,19.25114],[-98.19176,19.25069],[-98.19259,19.24967],[-98.19262,19.24936],[-98.19282,19.24883],[-98.19178,19.24878],[-98.19357,19.24401],[-98.19556,19.24448],[-98.19766,19.24511],[-98.19871,19.24552],[-98.19917,19.24522],[-98.19974,19.24514],[-98.20058,19.24531],[-98.20104,19.2452],[-98.20755,19.24531],[-98.20708,19.24677],[-98.20612,19.25192],[-98.20061,19.25056],[-98.2002,19.25207],[-98.19917,19.2533],[-98.19797,19.25236],[-98.19638,19.25007],[-98.19621,19.24996],[-98.19565,19.25541]]]}},{"type":"Feature","properties":{"seccion":379,"municipio":28,"distrito_local":12,"distrito_federal":3},"geometry":{"type":"Polygon","coordinates":[[[-98.18682,19.24323],[-98.18805,19.24252],[-98.18903,19.2418],[-98.1916,19.24142],[-98.19291,19.24076],[-98.19399,19.24081],[-98.19486,19.24066],[-98.19178,19.24878],[-98.19282,19.24883],[-98.19262,19.24936],[-98.19259,19.24967],[-98.19176,19.25069],[-98.19115,19.25114],[-98.19111,19.25151],[-98.19061,19.252],[-98.19061,19.25215],[-98.19024,19.25288],[-98.1903,19.25305],[-98.19063,19.25318],[-98.19024,19.25496],[-98.18875,19.25479],[-98.18678,19.25473],[-98.18627,19.25454],[-98.18587,19.25455],[-98.18484,19.25493],[-98.1833,19.25513],[-98.1848,19.24964],[-98.18663,19.24398],[-98.18669,19.24342],[-98.18682,19.24323]]]}},{"type":"Feature","properties":{"seccion":382,"municipio":28,"distrito_local":12,"distrito_federal":3},"geometry":{"type":"Polygon","coordinates":[[[-98.17636,19.24461],[-98.17459,19.24417],[-98.17422,19.24364],[-98.1734,19.2431],[-98.17129,19.24256],[-98.1697,19.24199],[-98.17086,19.23889],[-98.17138,19.23772],[-98.17406,19.23769],[-98.17584,19.23746],[-98.17665,19.2375],[-98.17748,19.2377],[-98.17791,19.23814],[-98.17791,19.23926],[-98.1783,19.23982],[-98.17904,19.24015],[-98.1793,19.24016],[-98.18082,19.23938],[-98.18241,19.24004],[-98.1839,19.24011],[-98.1874,19.2397],[-98.18917,19.23927],[-98.19341,19.23963],[-98.19511,19.24033],[-98.19486,19.24066],[-98.19399,19.24081],[-98.19291,19.24076],[-98.1916,19.24142],[-98.18903,19.2418],[-98.18805,19.24252],[-98.18682,19.24323],[-98.18587,19.24324],[-98.18368,19.24249],[-98.18343,19.2425],[-98.18286,19.2428],[-98.18166,19.24285],[-98.18115,19.24307],[-98.18048,19.24288],[-98.18041,19.24307],[-98.18006,19.24348],[-98.17933,19.24372],[-98.17892,19.24369],[-98.1787,19.24387],[-98.17782,19.24335],[-98.17752,19.24343],[-98.17712,19.24369],[-98.17636,19.24461]]]}},{"type":"Feature","properties":{"seccion":383,"municipio":28,"distrito_local":12,"distrito_federal":3},"geometry":{"type":"Polygon","coordinates":[[[-98.19511,19.24033],[-98.19341,19.23963],[-98.18917,19.23927],[-98.1874,19.2397],[-98.1839,19.24011],[-98.18241,19.24004],[-98.18082,19.23938],[-98.1793,19.24016],[-98.17904,19.24015],[-98.1783,19.23982],[-98.17791,19.23926],[-98.17791,19.23814],[-98.17748,19.2377],[-98.17665,19.2375],[-98.17584,19.23746],[-98.17406,19.23769],[-98.17285,19.23768],[-98.17528,19.23071],[-98.17612,19.2303],[-98.17809,19.2303],[-98.17911,19.23013],[-98.1809,19.22957],[-98.183,19.22954],[-98.18367,19.22943],[-98.18416,19.22944],[-98.18497,19.22969],[-98.18557,19.23008],[-98.18741,19.23077],[-98.18843,19.23103],[-98.18987,19.2308],[-98.1917,19.23034],[-98.19204,19.23032],[-98.19293,19.23047],[-98.19397,19.23102],[-98.19519,19.23188],[-98.19738,19.23205],[-98.19759,19.23263],[-98.19813,19.23335],[-98.19817,19.23352],[-98.19793,19.23409],[-98.19754,19.23472],[-98.19688,19.23671],[-98.19611,19.23732],[-98.19588,19.23823],[-98.19586,19.23916],[-98.19557,19.23951],[-98.19511,19.24033]]]}},{"type":"Feature","properties":{"seccion":384,"municipio":28,"distrito_local":12,"distrito_federal":3},"geometry":{"type":"Polygon","coordinates":[[[-98.19871,19.24552],[-98.19766,19.24511],[-98.19556,19.24448],[-98.19357,19.24401],[-98.19475,19.24089],[-98.19557,19.23951],[-98.19586,19.23916],[-98.19588,19.23823],[-98.19611,19.23732],[-98.19688,19.23671],[-98.19754,19.23472],[-98.19793,19.23409],[-98.19817,19.23352],[-98.19813,19.23335],[-98.19759,19.23263],[-98.19742,19.23223],[-98.19729,19.23137],[-98.19659,19.22862],[-98.19698,19.22854],[-98.19738,19.22858],[-98.19901,19.22828],[-98.20006,19.22778],[-98.20105,19.22756],[-98.20307,19.22743],[-98.20479,19.22701],[-98.20546,19.22692],[-98.20609,19.22668],[-98.20719,19.22671],[-98.20944,19.22727],[-98.21043,19.22734],[-98.21104,19.22725],[-98.20996,19.23228],[-98.20958,19.23451],[-98.2091,19.23617],[-98.20864,19.23951],[-98.20755,19.24531],[-98.20104,19.2452],[-98.20058,19.24531],[-98.19974,19.24514],[-98.19917,19.24522],[-98.19871,19.24552]]]}},{"type":"Feature","properties":{"seccion":387,"municipio":29,"distrito_local":12,"distrito_federal":3},"geometry":{"type":"Polygon","coordinates":[[[-98.23012,19.25782],[-98.22929,19.25671],[-98.2291,19.25627],[-98.22937,19.25625],[-98.2298,19.25587],[-98.23046,19.25593],[-98.23071,19.25586],[-98.23136,19.25489],[-98.23081,19.25453],[-98.23002,19.25383],[-98.2296,19.25369],[-98.22951,19.25383],[-98.22926,19.25376],[-98.22764,19.25397],[-98.22749,19.25286],[-98.22642,19.25253],[-98.22607,19.25297],[-98.22574,19.2536],[-98.22333,19.25233],[-98.22382,19.25147],[-98.22412,19.25001],[-98.22457,19.24921],[-98.22436,19.24847],[-98.22406,19.24505],[-98.22714,19.24482],[-98.22845,19.24529],[-98.22892,19.24511],[-98.23666,19.24571],[-98.23765,19.24563],[-98.23874,19.24583],[-98.24027,19.24666],[-98.24156,19.24697],[-98.242,19.2465],[-98.2423,19.24593],[-98.24271,19.24626],[-98.24471,19.2471],[-98.24839,19.24667],[-98.24799,19.24756],[-98.24773,19.24868],[-98.24859,19.24906],[-98.24902,19.25359],[-98.2482,19.25336],[-98.24707,19.25475],[-98.24601,19.25654],[-98.2442,19.25865],[-98.24398,19.25927],[-98.24335,19.25965],[-98.24277,19.25967],[-98.24218,19.25939],[-98.24159,19.25894],[-98.24095,19.25858],[-98.2407,19.25793],[-98.23823,19.25712],[-98.2336,19.25524],[-98.23012,19.25782]]]}},{"type":"Feature","properties":{"seccion":385,"municipio":28,"distrito_local":12,"distrito_federal":3},"geometry":{"type":"Polygon","coordinates":[[[-98.16808,19.24891],[-98.16643,19.24893],[-98.16582,19.24873],[-98.16438,19.24848],[-98.16293,19.24848],[-98.16162,19.24875],[-98.15928,19.25003],[-98.15739,19.25058],[-98.15479,19.25061],[-98.15188,19.25012],[-98.15073,19.24965],[-98.14961,19.2495],[-98.14932,19.24962],[-98.1465,19.25008],[-98.1453,19.25014],[-98.14478,19.25063],[-98.14481,19.25111],[-98.14472,19.25122],[-98.14267,19.2521],[-98.14099,19.25235],[-98.13896,19.25125],[-98.13571,19.24986],[-98.13361,19.2488],[-98.13263,19.24839],[-98.13147,19.24848],[-98.12985,19.24914],[-98.12922,19.24931],[-98.12782,19.2487],[-98.12695,19.24862],[-98.12591,19.24887],[-98.12499,19.2492],[-98.12395,19.24912],[-98.1225,19.24888],[-98.12076,19.24909],[-98.11885,19.24913],[-98.11595,19.24844],[-98.11004,19.24735],[-98.10958,19.24715],[-98.10836,19.24686],[-98.10587,19.24663],[-98.10413,19.24614],[-98.10076,19.245],[-98.10012,19.24467],[-98.09844,19.24431],[-98.09798,19.24398],[-98.09687,19.24295],[-98.09588,19.2423],[-98.09454,19.24185],[-98.09222,19.24128],[-98.09031,19.24121],[-98.08933,19.24109],[-98.08828,19.24051],[-98.08631,19.23986],[-98.08538,19.23966],[-98.08266,19.2393],[-98.08202,19.23938],[-98.08011,19.23856],[-98.07565,19.23821],[-98.07408,19.23796],[-98.07356,19.23772],[-98.07216,19.23678],[-98.07111,19.23584],[-98.06984,19.23576],[-98.06776,19.23593],[-98.06567,19.23556],[-98.06526,19.23524],[-98.06439,19.23479],[-98.06422,19.23458],[-98.06317,19.23393],[-98.06276,19.23397],[-98.06224,19.23372],[-98.06172,19.23377],[-98.06109,19.23401],[-98.06062,19.23385],[-98.05912,19.23394],[-98.05802,19.23373],[-98.05732,19.23382],[-98.05593,19.23382],[-98.05327,19.23371],[-98.05177,19.23404],[-98.05049,19.2338],[-98.04956,19.23347],[-98.04748,19.23294],[-98.0465,19.23202],[-98.04469,19.232],[-98.04376,19.23172],[-98.04301,19.23127],[-98.04161,19.23074],[-98.03102,19.23072],[-98.03357,19.23035],[-98.03408,19.22985],[-98.03471,19.22891],[-98.03528,19.22759],[-98.03557,19.22673],[-98.03585,19.22545],[-98.03555,19.22488],[-98.03519,19.22266],[-98.03489,19.22135],[-98.03477,19.22003],[-98.03465,19.21954],[-98.0347,19.21893],[-98.03533,19.21761],[-98.03682,19.21572],[-98.04015,19.21263],[-98.0405,19.21209],[-98.04067,19.21139],[-98.04124,19.21065],[-98.04228,19.21028],[-98.04385,19.20994],[-98.04337,19.20892],[-98.04394,19.20827],[-98.04504,19.20752],[-98.04641,19.20559],[-98.04808,19.20382],[-98.04975,19.2025],[-98.05297,19.20015],[-98.05389,19.19933],[-98.05797,19.19603],[-98.06124,19.19175],[-98.06365,19.18895],[-98.06475,19.18796],[-98.06583,19.18603],[-98.06669,19.185],[-98.07026,19.18302],[-98.0728,19.18174],[-98.07452,19.18018],[-98.07648,19.17808],[-98.07797,19.17725],[-98.0802,19.17541],[-98.08146,19.17471],[-98.08271,19.17389],[-98.08435,19.1724],[-98.08595,19.17158],[-98.08646,19.17111],[-98.08725,19.17055],[-98.09075,19.16913],[-98.09115,19.16875],[-98.09126,19.1685],[-98.0917,19.16795],[-98.09244,19.16748],[-98.09302,19.16726],[-98.09352,19.16642],[-98.09471,19.16556],[-98.09687,19.16623],[-98.09768,19.16639],[-98.10029,19.16725],[-98.0999,19.16828],[-98.09963,19.17136],[-98.10017,19.17411],[-98.10023,19.17493],[-98.10083,19.17686],[-98.10138,19.18276],[-98.10173,19.18363],[-98.10305,19.18537],[-98.1038,19.18685],[-98.10326,19.18895],[-98.10457,19.19424],[-98.10634,19.19427],[-98.10653,19.19561],[-98.10716,19.19718],[-98.10837,19.19859],[-98.10889,19.20004],[-98.10964,19.20107],[-98.10951,19.20289],[-98.11037,19.20429],[-98.1103,19.20665],[-98.11105,19.20772],[-98.11162,19.20941],[-98.11202,19.21111],[-98.11195,19.21391],[-98.11135,19.21618],[-98.11362,19.21531],[-98.11495,19.21563],[-98.11657,19.21567],[-98.11796,19.21599],[-98.11941,19.21586],[-98.11982,19.2159],[-98.12045,19.21615],[-98.12156,19.21627],[-98.12479,19.21601],[-98.12531,19.21556],[-98.12595,19.21523],[-98.12774,19.21469],[-98.12866,19.2146],[-98.12649,19.21832],[-98.12403,19.2221],[-98.12455,19.22251],[-98.12629,19.22248],[-98.12762,19.22212],[-98.12838,19.22233],[-98.12931,19.22221],[-98.13518,19.22075],[-98.13669,19.21997],[-98.13762,19.21981],[-98.13872,19.2192],[-98.14018,19.219],[-98.14313,19.21938],[-98.14441,19.21997],[-98.14586,19.21993],[-98.14946,19.2195],[-98.15265,19.2198],[-98.1552,19.22027],[-98.15885,19.22053],[-98.16216,19.22059],[-98.16412,19.22229],[-98.16621,19.22333],[-98.16684,19.22383],[-98.16876,19.22326],[-98.16998,19.22339],[-98.17132,19.22327],[-98.17259,19.22344],[-98.17514,19.22457],[-98.17612,19.2303],[-98.17528,19.23071],[-98.17285,19.23768],[-98.17138,19.23772],[-98.17086,19.23889],[-98.1697,19.24199],[-98.17129,19.24256],[-98.1734,19.2431],[-98.17422,19.24364],[-98.17459,19.24417],[-98.17617,19.24459],[-98.17584,19.24475],[-98.17563,19.24499],[-98.17551,19.24551],[-98.17513,19.24597],[-98.17395,19.24669],[-98.17293,19.2471],[-98.17237,19.24715],[-98.17123,19.24703],[-98.16994,19.24707],[-98.16945,19.24733],[-98.1685,19.24806],[-98.16808,19.24891]]]}},{"type":"Feature","properties":{"seccion":386,"municipio":28,"distrito_local":12,"distrito_federal":3},"geometry":{"type":"Polygon","coordinates":[[[-98.2091,19.23617],[-98.20958,19.23451],[-98.20996,19.23228],[-98.21104,19.22725],[-98.21204,19.22739],[-98.21329,19.22735],[-98.21492,19.22714],[-98.21538,19.22693],[-98.21636,19.22677],[-98.21955,19.22636],[-98.22191,19.22634],[-98.22498,19.22829],[-98.22519,19.22861],[-98.22636,19.22987],[-98.22689,19.23029],[-98.22754,19.23042],[-98.22612,19.23438],[-98.22489,19.23426],[-98.22329,19.23447],[-98.22214,19.23447],[-98.22076,19.2344],[-98.21891,19.2341],[-98.21639,19.23402],[-98.21488,19.23427],[-98.2112,19.23535],[-98.20949,19.23595],[-98.2091,19.23617]]]}},{"type":"Feature","properties":{"seccion":388,"municipio":29,"distrito_local":12,"distrito_federal":3},"geometry":{"type":"Polygon","coordinates":[[[-98.2423,19.24593],[-98.242,19.2465],[-98.24156,19.24697],[-98.24027,19.24666],[-98.23874,19.24583],[-98.23802,19.24567],[-98.23765,19.24563],[-98.23666,19.24571],[-98.22892,19.24511],[-98.22865,19.24522],[-98.22865,19.24482],[-98.22849,19.24437],[-98.22876,19.24282],[-98.22885,19.24251],[-98.22895,19.2424],[-98.22904,19.24193],[-98.2289,19.24145],[-98.229,19.23946],[-98.22932,19.23886],[-98.22951,19.23696],[-98.22972,19.23611],[-98.22972,19.23567],[-98.22986,19.23509],[-98.23062,19.23543],[-98.23124,19.23533],[-98.2325,19.23501],[-98.23248,19.23486],[-98.23428,19.23414],[-98.2387,19.23342],[-98.23848,19.23424],[-98.23732,19.23546],[-98.23676,19.23627],[-98.23635,19.23704],[-98.23754,19.23783],[-98.23844,19.23667],[-98.23937,19.23588],[-98.24013,19.23615],[-98.24175,19.23551],[-98.2433,19.23508],[-98.24339,19.23497],[-98.24484,19.24211],[-98.24456,19.24318],[-98.2423,19.24593]]]}},{"type":"Feature","properties":{"seccion":389,"municipio":29,"distrito_local":12,"distrito_federal":3},"geometry":{"type":"Polygon","coordinates":[[[-98.24607,19.26776],[-98.24331,19.26792],[-98.24325,19.26648],[-98.24335,19.26611],[-98.24331,19.26531],[-98.24314,19.26456],[-98.24282,19.26387],[-98.24246,19.26358],[-98.24149,19.26323],[-98.24082,19.26249],[-98.23995,19.26178],[-98.2388,19.26174],[-98.23791,19.26209],[-98.23644,19.2624],[-98.23613,19.26238],[-98.2363,19.26208],[-98.23394,19.26086],[-98.23373,19.26117],[-98.23357,19.26107],[-98.23265,19.26187],[-98.23196,19.26312],[-98.23104,19.26411],[-98.22946,19.26383],[-98.22968,19.26308],[-98.23073,19.26214],[-98.23161,19.26113],[-98.23134,19.26092],[-98.23193,19.26011],[-98.23012,19.25782],[-98.2336,19.25524],[-98.23823,19.25712],[-98.2407,19.25793],[-98.24095,19.25858],[-98.24159,19.25894],[-98.24218,19.25939],[-98.24277,19.25967],[-98.24335,19.25965],[-98.24398,19.25927],[-98.2442,19.25865],[-98.24601,19.25654],[-98.24707,19.25475],[-98.2482,19.25336],[-98.24902,19.25359],[-98.2499,19.25432],[-98.25249,19.25617],[-98.25303,19.25695],[-98.2534,19.25797],[-98.25353,19.25867],[-98.25343,19.25959],[-98.25369,19.26105],[-98.25241,19.26196],[-98.251,19.26375],[-98.25046,19.26465],[-98.24976,19.26527],[-98.24842,19.26586],[-98.24761,19.26648],[-98.24644,19.26721],[-98.24607,19.26776]]]}},{"type":"Feature","properties":{"seccion":390,"municipio":29,"distrito_local":12,"distrito_federal":3},"geometry":{"type":"Polygon","coordinates":[[[-98.22445,19.26186],[-98.22471,19.26237],[-98.22525,19.26207],[-98.22538,19.26235],[-98.22626,19.2622],[-98.22631,19.26236],[-98.22762,19.2624],[-98.22773,19.26212],[-98.22968,19.26308],[-98.22953,19.26368],[-98.22898,19.26482],[-98.22873,19.26575],[-98.22804,19.26583],[-98.22748,19.26577],[-98.22631,19.26623],[-98.22597,19.26684],[-98.22584,19.26693],[-98.22566,19.26768],[-98.22535,19.26814],[-98.22538,19.26881],[-98.22527,19.26933],[-98.22534,19.27035],[-98.22568,19.27104],[-98.2263,19.272],[-98.22658,19.2728],[-98.22624,19.27392],[-98.22597,19.27454],[-98.22578,19.27478],[-98.22535,19.27506],[-98.225,19.27568],[-98.22303,19.27555],[-98.22204,19.27571],[-98.22058,19.27572],[-98.22065,19.27561],[-98.21983,19.27235],[-98.21903,19.27198],[-98.22038,19.26972],[-98.22029,19.2696],[-98.22029,19.26916],[-98.21935,19.26828],[-98.21839,19.26647],[-98.21744,19.26599],[-98.21721,19.26579],[-98.21758,19.26543],[-98.2178,19.26489],[-98.21794,19.26446],[-98.21783,19.26395],[-98.21845,19.26366],[-98.21857,19.26337],[-98.21922,19.26072],[-98.21933,19.26083],[-98.21926,19.2613],[-98.21984,19.26158],[-98.22077,19.26179],[-98.22123,19.26126],[-98.22213,19.26166],[-98.22198,19.2619],[-98.22225,19.26205],[-98.22318,19.26168],[-98.22376,19.26185],[-98.22383,19.26166],[-98.22414,19.26203],[-98.22445,19.26186]]]}},{"type":"Feature","properties":{"seccion":391,"municipio":49,"distrito_local":12,"distrito_federal":3},"geometry":{"type":"Polygon","coordinates":[[[-98.2041,19.2675],[-98.20402,19.26741],[-98.20312,19.26731],[-98.1987,19.26567],[-98.2,19.26055],[-98.19697,19.25908],[-98.19584,19.25823],[-98.1954,19.25834],[-98.19621,19.24996],[-98.19638,19.25007],[-98.19797,19.25236],[-98.2011,19.25491],[-98.20319,19.25632],[-98.20978,19.25966],[-98.21347,19.26678],[-98.21403,19.26728],[-98.21436,19.26746],[-98.21419,19.26838],[-98.21437,19.26853],[-98.21429,19.26865],[-98.20725,19.26843],[-98.2041,19.2675]]]}},{"type":"Feature","properties":{"seccion":392,"municipio":49,"distrito_local":12,"distrito_federal":3},"geometry":{"type":"Polygon","coordinates":[[[-98.21892,19.27812],[-98.21529,19.27675],[-98.21489,19.2768],[-98.21443,19.27669],[-98.2142,19.27653],[-98.21225,19.27618],[-98.21291,19.27456],[-98.21335,19.27314],[-98.21398,19.26961],[-98.21413,19.26902],[-98.21437,19.26853],[-98.21419,19.26838],[-98.21436,19.26746],[-98.21403,19.26728],[-98.21347,19.26678],[-98.20978,19.25966],[-98.20319,19.25632],[-98.2011,19.25491],[-98.19917,19.2533],[-98.2002,19.25207],[-98.20061,19.25056],[-98.20612,19.25192],[-98.20605,19.25244],[-98.20661,19.25303],[-98.20709,19.25441],[-98.20866,19.25438],[-98.20942,19.2546],[-98.20984,19.25473],[-98.2142,19.25677],[-98.2151,19.25696],[-98.21551,19.25767],[-98.216,19.25758],[-98.21558,19.25795],[-98.21533,19.25851],[-98.21526,19.25952],[-98.2157,19.25957],[-98.21588,19.25966],[-98.21596,19.25965],[-98.21592,19.25954],[-98.21614,19.25955],[-98.21646,19.25988],[-98.21674,19.26001],[-98.21922,19.26072],[-98.21857,19.26337],[-98.21845,19.26366],[-98.21783,19.26395],[-98.21794,19.26446],[-98.2178,19.26489],[-98.21758,19.26543],[-98.21721,19.26579],[-98.21744,19.26599],[-98.21839,19.26647],[-98.21935,19.26828],[-98.22029,19.26916],[-98.22029,19.2696],[-98.22038,19.26972],[-98.21903,19.27198],[-98.21983,19.27235],[-98.22065,19.27561],[-98.21892,19.27812]]]}},{"type":"Feature","properties":{"seccion":393,"municipio":29,"distrito_local":12,"distrito_federal":3},"geometry":{"type":"Polygon","coordinates":[[[-98.22929,19.25671],[-98.23193,19.26011],[-98.23134,19.26092],[-98.23161,19.26113],[-98.23073,19.26214],[-98.22968,19.26308],[-98.22773,19.26212],[-98.22762,19.2624],[-98.22631,19.26236],[-98.22626,19.2622],[-98.22538,19.26235],[-98.22525,19.26207],[-98.22471,19.26237],[-98.22445,19.26186],[-98.22414,19.26203],[-98.22383,19.26166],[-98.22376,19.26185],[-98.22318,19.26168],[-98.22225,19.26205],[-98.22198,19.2619],[-98.22213,19.26166],[-98.22123,19.26126],[-98.22077,19.26179],[-98.21984,19.26158],[-98.21926,19.2613],[-98.2193,19.26075],[-98.21674,19.26001],[-98.21646,19.25988],[-98.21614,19.25955],[-98.21592,19.25954],[-98.21596,19.25965],[-98.21588,19.25966],[-98.2157,19.25957],[-98.21526,19.25952],[-98.21533,19.25851],[-98.21558,19.25795],[-98.216,19.25758],[-98.21551,19.25767],[-98.2151,19.25696],[-98.2142,19.25677],[-98.20984,19.25473],[-98.20942,19.2546],[-98.20866,19.25438],[-98.20709,19.25441],[-98.20661,19.25303],[-98.20605,19.25244],[-98.20708,19.24677],[-98.20724,19.24624],[-98.20731,19.24624],[-98.20727,19.24656],[-98.20873,19.24595],[-98.20952,19.24574],[-98.21345,19.24606],[-98.21444,19.24596],[-98.21469,19.24587],[-98.21486,19.24562],[-98.21545,19.24548],[-98.21548,19.24538],[-98.21568,19.24538],[-98.21581,19.24521],[-98.21605,19.24512],[-98.21649,19.24477],[-98.21705,19.24459],[-98.21732,19.24433],[-98.21761,19.24426],[-98.2179,19.24442],[-98.21986,19.2445],[-98.22156,19.24435],[-98.22271,19.24454],[-98.22253,19.24548],[-98.22406,19.24505],[-98.22436,19.24847],[-98.22457,19.24921],[-98.22412,19.25001],[-98.22382,19.25147],[-98.22333,19.25233],[-98.22574,19.2536],[-98.22607,19.25297],[-98.22642,19.25253],[-98.22749,19.25286],[-98.22764,19.25397],[-98.22926,19.25376],[-98.22951,19.25383],[-98.2296,19.25369],[-98.23002,19.25383],[-98.23081,19.25453],[-98.23136,19.25489],[-98.23071,19.25586],[-98.23046,19.25593],[-98.2298,19.25587],[-98.22937,19.25625],[-98.2291,19.25627],[-98.22929,19.25671]]]}},{"type":"Feature","properties":{"seccion":394,"municipio":29,"distrito_local":12,"distrito_federal":3},"geometry":{"type":"Polygon","coordinates":[[[-98.22986,19.23509],[-98.22972,19.23567],[-98.22972,19.23611],[-98.22951,19.23696],[-98.22932,19.23886],[-98.229,19.23946],[-98.2289,19.24145],[-98.22904,19.24193],[-98.22895,19.2424],[-98.22885,19.24251],[-98.22876,19.24282],[-98.22849,19.24437],[-98.22865,19.24482],[-98.22865,19.24522],[-98.22845,19.24529],[-98.22823,19.24525],[-98.22714,19.24482],[-98.22406,19.24505],[-98.22253,19.24548],[-98.22271,19.24454],[-98.22156,19.24435],[-98.21986,19.2445],[-98.2179,19.24442],[-98.21761,19.24426],[-98.21732,19.24433],[-98.21705,19.24459],[-98.21649,19.24477],[-98.21605,19.24512],[-98.21581,19.24521],[-98.21568,19.24538],[-98.21548,19.24538],[-98.21545,19.24548],[-98.21486,19.24562],[-98.21469,19.24587],[-98.21444,19.24596],[-98.21345,19.24606],[-98.20952,19.24574],[-98.20873,19.24595],[-98.20727,19.24656],[-98.20731,19.24624],[-98.20724,19.24624],[-98.20755,19.24531],[-98.20775,19.24439],[-98.20864,19.23951],[-98.2091,19.23617],[-98.20949,19.23595],[-98.2112,19.23535],[-98.21488,19.23427],[-98.21639,19.23402],[-98.21891,19.2341],[-98.22076,19.2344],[-98.22214,19.23447],[-98.22329,19.23447],[-98.22489,19.23426],[-98.22637,19.23443],[-98.22625,19.23477],[-98.22877,19.23484],[-98.22986,19.23509]]]}},{"type":"Feature","properties":{"seccion":395,"municipio":47,"distrito_local":12,"distrito_federal":3},"geometry":{"type":"Polygon","coordinates":[[[-98.2423,19.24593],[-98.24456,19.24318],[-98.24484,19.24211],[-98.24339,19.23497],[-98.24858,19.23356],[-98.25189,19.2328],[-98.25177,19.23322],[-98.25315,19.23384],[-98.25406,19.2344],[-98.25538,19.23504],[-98.25556,19.235],[-98.25561,19.23479],[-98.25686,19.23361],[-98.2592,19.23531],[-98.26019,19.23591],[-98.26056,19.23546],[-98.26255,19.23656],[-98.26243,19.23739],[-98.26198,19.23789],[-98.26105,19.23807],[-98.26034,19.23853],[-98.25952,19.23882],[-98.25849,19.23901],[-98.25615,19.24189],[-98.25603,19.24189],[-98.25486,19.24317],[-98.2536,19.24334],[-98.25262,19.24371],[-98.25175,19.24437],[-98.25063,19.24578],[-98.24904,19.24741],[-98.24859,19.24906],[-98.24773,19.24868],[-98.24799,19.24756],[-98.24839,19.24667],[-98.24471,19.2471],[-98.24271,19.24626],[-98.2423,19.24593]]]}},{"type":"Feature","properties":{"seccion":396,"municipio":47,"distrito_local":12,"distrito_federal":3},"geometry":{"type":"Polygon","coordinates":[[[-98.26255,19.23656],[-98.26056,19.23546],[-98.26019,19.23591],[-98.2592,19.23531],[-98.25686,19.23361],[-98.25561,19.23479],[-98.25556,19.235],[-98.25538,19.23504],[-98.25406,19.2344],[-98.25315,19.23384],[-98.25177,19.23322],[-98.25189,19.2328],[-98.24858,19.23356],[-98.24339,19.23497],[-98.24244,19.2312],[-98.24365,19.22982],[-98.24521,19.22855],[-98.24606,19.22819],[-98.24759,19.22817],[-98.24868,19.22849],[-98.25007,19.22814],[-98.25557,19.22619],[-98.25723,19.22642],[-98.25839,19.22632],[-98.25937,19.22599],[-98.26008,19.22589],[-98.26057,19.22528],[-98.26085,19.22424],[-98.26954,19.22763],[-98.26962,19.22831],[-98.26948,19.22912],[-98.2692,19.2296],[-98.26857,19.23017],[-98.26531,19.23169],[-98.26445,19.23228],[-98.26336,19.23272],[-98.2634,19.23308],[-98.26318,19.23374],[-98.26317,19.23466],[-98.26255,19.23656]]]}},{"type":"Feature","properties":{"seccion":397,"municipio":29,"distrito_local":12,"distrito_federal":3},"geometry":{"type":"Polygon","coordinates":[[[-98.22986,19.23509],[-98.22877,19.23484],[-98.22625,19.23477],[-98.22637,19.23443],[-98.22612,19.23438],[-98.22754,19.23042],[-98.22689,19.23029],[-98.22636,19.22987],[-98.22519,19.22861],[-98.22498,19.22829],[-98.22191,19.22634],[-98.21955,19.22636],[-98.21636,19.22677],[-98.21538,19.22693],[-98.21492,19.22714],[-98.21329,19.22735],[-98.21204,19.22739],[-98.21104,19.22725],[-98.21154,19.22538],[-98.21287,19.21777],[-98.21322,19.21628],[-98.21329,19.21636],[-98.21485,19.2166],[-98.21865,19.21805],[-98.22248,19.2185],[-98.22468,19.21914],[-98.22756,19.21969],[-98.23014,19.2205],[-98.23306,19.22175],[-98.23205,19.22374],[-98.23228,19.22531],[-98.23285,19.22555],[-98.23493,19.22835],[-98.23474,19.22863],[-98.23479,19.22884],[-98.23629,19.22968],[-98.23611,19.23018],[-98.24064,19.23258],[-98.24244,19.2312],[-98.24339,19.23497],[-98.2433,19.23508],[-98.24175,19.23551],[-98.24013,19.23615],[-98.23937,19.23588],[-98.23844,19.23667],[-98.23754,19.23783],[-98.23635,19.23704],[-98.23676,19.23627],[-98.23732,19.23546],[-98.23848,19.23424],[-98.2387,19.23342],[-98.23428,19.23414],[-98.23248,19.23486],[-98.2325,19.23501],[-98.23124,19.23533],[-98.23062,19.23543],[-98.22986,19.23509]]]}},{"type":"Feature","properties":{"seccion":431,"municipio":32,"distrito_local":12,"distrito_federal":3},"geometry":{"type":"Polygon","coordinates":[[[-98.27421,19.24957],[-98.27492,19.24973],[-98.27548,19.24971],[-98.27587,19.2492],[-98.27765,19.25012],[-98.27862,19.25047],[-98.27873,19.25013],[-98.27946,19.25044],[-98.27944,19.25062],[-98.27987,19.25079],[-98.28317,19.25155],[-98.28428,19.25194],[-98.28436,19.25384],[-98.28457,19.25534],[-98.28437,19.25906],[-98.28466,19.2604],[-98.28435,19.26169],[-98.28444,19.26264],[-98.284,19.26392],[-98.28393,19.26511],[-98.28362,19.26573],[-98.28368,19.26605],[-98.28403,19.2665],[-98.28379,19.26782],[-98.28421,19.26812],[-98.2844,19.26804],[-98.28504,19.26841],[-98.28497,19.26975],[-98.28356,19.2696],[-98.28312,19.26968],[-98.28285,19.2696],[-98.28234,19.26921],[-98.28181,19.26895],[-98.28135,19.26889],[-98.28099,19.26898],[-98.28115,19.27359],[-98.27909,19.27219],[-98.27896,19.2722],[-98.27632,19.27382],[-98.2713,19.27591],[-98.26913,19.27295],[-98.26756,19.27291],[-98.26581,19.27321],[-98.26534,19.27336],[-98.26435,19.27392],[-98.26364,19.27411],[-98.26317,19.27372],[-98.26293,19.27321],[-98.26305,19.27276],[-98.26283,19.27176],[-98.26138,19.27043],[-98.26153,19.27],[-98.26136,19.26958],[-98.26065,19.26915],[-98.26033,19.26823],[-98.25952,19.26758],[-98.25957,19.26685],[-98.25931,19.2658],[-98.25877,19.26428],[-98.2582,19.26402],[-98.26,19.26364],[-98.26075,19.26395],[-98.26173,19.26397],[-98.26267,19.26374],[-98.26168,19.26102],[-98.26101,19.26006],[-98.25959,19.2587],[-98.25892,19.25777],[-98.25858,19.25723],[-98.25842,19.25669],[-98.25855,19.25628],[-98.25838,19.25582],[-98.25792,19.2556],[-98.25764,19.25514],[-98.25771,19.25489],[-98.25881,19.25491],[-98.26053,19.25565],[-98.26257,19.25789],[-98.26368,19.25986],[-98.26488,19.26076],[-98.2665,19.26112],[-98.26697,19.26097],[-98.26733,19.26027],[-98.26754,19.25609],[-98.26767,19.25555],[-98.2689,19.25387],[-98.27429,19.25061],[-98.27421,19.24957]]]}},{"type":"Feature","properties":{"seccion":424,"municipio":32,"distrito_local":12,"distrito_federal":3},"geometry":{"type":"Polygon","coordinates":[[[-98.28569,19.2658],[-98.28526,19.26692],[-98.28504,19.26841],[-98.2844,19.26804],[-98.28421,19.26812],[-98.28379,19.26782],[-98.28403,19.2665],[-98.28368,19.26605],[-98.28362,19.26573],[-98.28393,19.26511],[-98.284,19.26392],[-98.28444,19.26264],[-98.28435,19.26169],[-98.28466,19.2604],[-98.28437,19.25906],[-98.28457,19.25534],[-98.28436,19.25384],[-98.28425,19.25224],[-98.28495,19.24939],[-98.28513,19.24802],[-98.2849,19.24729],[-98.28501,19.24616],[-98.28527,19.24508],[-98.28529,19.24382],[-98.28541,19.24339],[-98.28558,19.24314],[-98.28547,19.24271],[-98.28557,19.2417],[-98.28632,19.24148],[-98.28674,19.24272],[-98.28721,19.24322],[-98.28771,19.24341],[-98.28793,19.24338],[-98.28891,19.24291],[-98.28919,19.24272],[-98.28959,19.24227],[-98.28928,19.24278],[-98.29024,19.24265],[-98.29104,19.24291],[-98.29109,19.24307],[-98.29131,19.24235],[-98.29174,19.24274],[-98.293,19.24291],[-98.29289,19.24222],[-98.29362,19.24044],[-98.29369,19.23897],[-98.29418,19.23923],[-98.29682,19.24109],[-98.29719,19.24291],[-98.29868,19.24405],[-98.29948,19.24428],[-98.30206,19.24463],[-98.3022,19.24491],[-98.30297,19.24537],[-98.30327,19.24577],[-98.30506,19.24988],[-98.30576,19.25231],[-98.30636,19.25336],[-98.30551,19.25551],[-98.30448,19.26008],[-98.30205,19.26691],[-98.30085,19.27077],[-98.2972,19.27046],[-98.29607,19.27051],[-98.29524,19.27033],[-98.29403,19.26967],[-98.29371,19.26935],[-98.29349,19.26897],[-98.29256,19.2688],[-98.29258,19.26871],[-98.28956,19.26779],[-98.28569,19.2658]]]}},{"type":"Feature","properties":{"seccion":425,"municipio":32,"distrito_local":12,"distrito_federal":3},"geometry":{"type":"Polygon","coordinates":[[[-98.28132,19.24412],[-98.28003,19.25],[-98.28011,19.25054],[-98.28007,19.25085],[-98.27944,19.25062],[-98.27946,19.25044],[-98.27873,19.25013],[-98.27862,19.25047],[-98.27765,19.25012],[-98.27587,19.2492],[-98.27548,19.24971],[-98.27492,19.24973],[-98.27421,19.24957],[-98.27334,19.24367],[-98.27347,19.24261],[-98.27391,19.2411],[-98.27447,19.23984],[-98.27596,19.23902],[-98.27656,19.2374],[-98.27777,19.23731],[-98.27939,19.23742],[-98.2797,19.23734],[-98.27844,19.23613],[-98.27518,19.23442],[-98.27171,19.23122],[-98.27108,19.2305],[-98.26982,19.22931],[-98.26992,19.22898],[-98.26974,19.22822],[-98.26962,19.22816],[-98.26954,19.22763],[-98.27084,19.22438],[-98.27104,19.22061],[-98.27129,19.2197],[-98.27166,19.21897],[-98.27203,19.21794],[-98.27222,19.21703],[-98.27303,19.21485],[-98.27302,19.21261],[-98.27351,19.21171],[-98.2798,19.20794],[-98.28006,19.20932],[-98.28443,19.21368],[-98.28612,19.22614],[-98.28577,19.22772],[-98.28554,19.22953],[-98.28522,19.23011],[-98.28479,19.23147],[-98.28574,19.23175],[-98.28735,19.23143],[-98.28787,19.23141],[-98.28929,19.23167],[-98.28877,19.23185],[-98.2865,19.23311],[-98.28549,19.23382],[-98.28483,19.23449],[-98.28507,19.2348],[-98.28579,19.23466],[-98.28585,19.23483],[-98.28728,19.23513],[-98.28808,19.23522],[-98.28894,19.2355],[-98.28959,19.23556],[-98.28965,19.2357],[-98.29059,19.2366],[-98.29063,19.23681],[-98.29086,19.23707],[-98.29099,19.23786],[-98.2906,19.23773],[-98.28982,19.23728],[-98.28956,19.23693],[-98.2894,19.23685],[-98.28889,19.23676],[-98.28884,19.23684],[-98.28794,19.2366],[-98.28791,19.2367],[-98.28463,19.2363],[-98.28488,19.23806],[-98.28385,19.23893],[-98.28217,19.23709],[-98.28187,19.23777],[-98.28122,19.23864],[-98.28097,19.24213],[-98.281,19.24295],[-98.28115,19.24373],[-98.28132,19.24412]]]}},{"type":"Feature","properties":{"seccion":426,"municipio":32,"distrito_local":12,"distrito_federal":3},"geometry":{"type":"Polygon","coordinates":[[[-98.28495,19.24939],[-98.28428,19.25194],[-98.28317,19.25155],[-98.28007,19.25085],[-98.28007,19.24973],[-98.28132,19.24412],[-98.28115,19.24373],[-98.281,19.24295],[-98.28097,19.24213],[-98.28122,19.23864],[-98.28187,19.23777],[-98.28217,19.23709],[-98.28385,19.23893],[-98.28488,19.23806],[-98.28463,19.2363],[-98.28791,19.2367],[-98.28794,19.2366],[-98.28884,19.23684],[-98.28889,19.23676],[-98.2894,19.23685],[-98.28956,19.23693],[-98.28982,19.23728],[-98.2906,19.23773],[-98.29099,19.23786],[-98.29132,19.24242],[-98.29109,19.24307],[-98.29104,19.24291],[-98.29024,19.24265],[-98.28928,19.24278],[-98.28959,19.24227],[-98.28919,19.24272],[-98.28891,19.24291],[-98.28793,19.24338],[-98.28771,19.24341],[-98.28721,19.24322],[-98.28674,19.24272],[-98.28632,19.24148],[-98.28557,19.2417],[-98.28547,19.24271],[-98.28558,19.24314],[-98.28541,19.24339],[-98.28529,19.24382],[-98.28527,19.24508],[-98.28501,19.24616],[-98.2849,19.24729],[-98.28513,19.24802],[-98.28495,19.24939]]]}},{"type":"Feature","properties":{"seccion":427,"municipio":32,"distrito_local":12,"distrito_federal":3},"geometry":{"type":"Polygon","coordinates":[[[-98.293,19.24291],[-98.29174,19.24274],[-98.29131,19.24235],[-98.29099,19.23781],[-98.29086,19.23707],[-98.29063,19.23681],[-98.29051,19.23649],[-98.28965,19.2357],[-98.28959,19.23556],[-98.28894,19.2355],[-98.28808,19.23522],[-98.28728,19.23513],[-98.28585,19.23483],[-98.28579,19.23466],[-98.28507,19.2348],[-98.28483,19.23449],[-98.28549,19.23382],[-98.2865,19.23311],[-98.28877,19.23185],[-98.28929,19.23167],[-98.28787,19.23141],[-98.28735,19.23143],[-98.28574,19.23175],[-98.28479,19.23147],[-98.28522,19.23011],[-98.28554,19.22953],[-98.28577,19.22772],[-98.28612,19.22614],[-98.28443,19.21368],[-98.29036,19.20591],[-98.28524,19.19878],[-98.2862,19.19469],[-98.28877,19.19632],[-98.2964,19.19568],[-98.29895,19.20924],[-98.2939,19.21279],[-98.29807,19.22621],[-98.29934,19.22835],[-98.30097,19.2289],[-98.30125,19.22952],[-98.30124,19.22999],[-98.30147,19.23084],[-98.30144,19.23217],[-98.3016,19.23287],[-98.30152,19.23336],[-98.30156,19.23426],[-98.30093,19.23398],[-98.29938,19.2335],[-98.29752,19.23317],[-98.29745,19.2333],[-98.29709,19.23344],[-98.29661,19.23339],[-98.29633,19.2337],[-98.296,19.2338],[-98.29554,19.23534],[-98.2951,19.23619],[-98.29474,19.23663],[-98.29467,19.23688],[-98.29439,19.23732],[-98.29433,19.23771],[-98.29402,19.23844],[-98.29369,19.23897],[-98.29362,19.24044],[-98.29289,19.24222],[-98.293,19.24291]]]}},{"type":"Feature","properties":{"seccion":428,"municipio":32,"distrito_local":12,"distrito_federal":3},"geometry":{"type":"Polygon","coordinates":[[[-98.29719,19.24291],[-98.29682,19.24109],[-98.29418,19.23923],[-98.29369,19.23897],[-98.29402,19.23844],[-98.29433,19.23771],[-98.29439,19.23732],[-98.29467,19.23688],[-98.29474,19.23663],[-98.2951,19.23619],[-98.29554,19.23534],[-98.296,19.2338],[-98.29633,19.2337],[-98.29661,19.23339],[-98.29709,19.23344],[-98.29745,19.2333],[-98.29752,19.23317],[-98.29938,19.2335],[-98.30093,19.23398],[-98.30156,19.23426],[-98.30158,19.23663],[-98.30207,19.2401],[-98.30195,19.24156],[-98.30205,19.24267],[-98.30206,19.24463],[-98.29948,19.24428],[-98.29873,19.24408],[-98.29719,19.24291]]]}},{"type":"Feature","properties":{"seccion":432,"municipio":56,"distrito_local":12,"distrito_federal":3},"geometry":{"type":"Polygon","coordinates":[[[-98.25814,19.25339],[-98.2537,19.25264],[-98.25335,19.25204],[-98.25257,19.25221],[-98.25197,19.2521],[-98.25183,19.252],[-98.25144,19.25126],[-98.25022,19.25077],[-98.24974,19.25042],[-98.25001,19.24952],[-98.24859,19.24906],[-98.24904,19.24741],[-98.25063,19.24578],[-98.25175,19.24437],[-98.25262,19.24371],[-98.2536,19.24334],[-98.25486,19.24317],[-98.25603,19.24189],[-98.25615,19.24189],[-98.25849,19.23901],[-98.25952,19.23882],[-98.26034,19.23853],[-98.26105,19.23807],[-98.26198,19.23789],[-98.26243,19.23739],[-98.26255,19.23656],[-98.26317,19.23466],[-98.26318,19.23374],[-98.2634,19.23308],[-98.26336,19.23272],[-98.26445,19.23228],[-98.26531,19.23169],[-98.26857,19.23017],[-98.2692,19.2296],[-98.26948,19.22912],[-98.26962,19.22816],[-98.26974,19.22822],[-98.26992,19.22898],[-98.26972,19.22963],[-98.26814,19.23224],[-98.26774,19.23264],[-98.26766,19.23289],[-98.26694,19.23362],[-98.26536,19.23677],[-98.26494,19.23782],[-98.26469,19.23897],[-98.26439,19.23989],[-98.26443,19.24053],[-98.26421,19.24084],[-98.26505,19.24109],[-98.26357,19.24168],[-98.26369,19.24189],[-98.26357,19.24266],[-98.26333,19.24308],[-98.263,19.24339],[-98.2621,19.24455],[-98.26231,19.24513],[-98.26241,19.24619],[-98.26227,19.24691],[-98.26213,19.24716],[-98.26176,19.24713],[-98.26076,19.24763],[-98.26031,19.24797],[-98.2601,19.24858],[-98.25981,19.249],[-98.25958,19.24955],[-98.25929,19.24983],[-98.25918,19.25026],[-98.25832,19.25207],[-98.25837,19.25274],[-98.25814,19.25339]]]}},{"type":"Feature","properties":{"seccion":433,"municipio":56,"distrito_local":12,"distrito_federal":3},"geometry":{"type":"Polygon","coordinates":[[[-98.2582,19.26402],[-98.25761,19.26375],[-98.25711,19.26301],[-98.25572,19.26236],[-98.25441,19.26196],[-98.25394,19.26159],[-98.25369,19.26105],[-98.25353,19.2604],[-98.25343,19.25959],[-98.25353,19.25867],[-98.2534,19.25797],[-98.25303,19.25695],[-98.25249,19.25617],[-98.2499,19.25432],[-98.24902,19.25359],[-98.24859,19.24906],[-98.25001,19.24952],[-98.24974,19.25042],[-98.25022,19.25077],[-98.25144,19.25126],[-98.25183,19.252],[-98.25197,19.2521],[-98.25257,19.25221],[-98.25335,19.25204],[-98.2537,19.25264],[-98.25814,19.25339],[-98.25837,19.25274],[-98.25832,19.25207],[-98.25918,19.25026],[-98.25929,19.24983],[-98.25958,19.24955],[-98.25981,19.249],[-98.2601,19.24858],[-98.26031,19.24797],[-98.26076,19.24763],[-98.26176,19.24713],[-98.26213,19.24716],[-98.26227,19.24691],[-98.26241,19.24619],[-98.26231,19.24513],[-98.2621,19.24455],[-98.26216,19.24443],[-98.26333,19.24308],[-98.26357,19.24266],[-98.26369,19.24189],[-98.26357,19.24168],[-98.26505,19.24109],[-98.26421,19.24084],[-98.26443,19.24053],[-98.26439,19.23989],[-98.26469,19.23897],[-98.26494,19.23782],[-98.26536,19.23677],[-98.26694,19.23362],[-98.26766,19.23289],[-98.26774,19.23264],[-98.26814,19.23224],[-98.26972,19.22963],[-98.26982,19.22931],[-98.27108,19.2305],[-98.27171,19.23122],[-98.27518,19.23442],[-98.27844,19.23613],[-98.2797,19.23734],[-98.27939,19.23742],[-98.27777,19.23731],[-98.27656,19.2374],[-98.27596,19.23902],[-98.27447,19.23984],[-98.27391,19.2411],[-98.27347,19.24261],[-98.27334,19.24367],[-98.27421,19.24957],[-98.27429,19.25061],[-98.2689,19.25387],[-98.26767,19.25555],[-98.26754,19.25609],[-98.26733,19.26027],[-98.26697,19.26097],[-98.2665,19.26112],[-98.26488,19.26076],[-98.26368,19.25986],[-98.26257,19.25789],[-98.26053,19.25565],[-98.25881,19.25491],[-98.25771,19.25489],[-98.25764,19.25514],[-98.25792,19.2556],[-98.25838,19.25582],[-98.25855,19.25628],[-98.25842,19.25669],[-98.25858,19.25723],[-98.25892,19.25777],[-98.25959,19.2587],[-98.26101,19.26006],[-98.26168,19.26102],[-98.26267,19.26374],[-98.26173,19.26397],[-98.26075,19.26395],[-98.26,19.26364],[-98.2582,19.26402]]]}},{"type":"Feature","properties":{"seccion":434,"municipio":32,"distrito_local":12,"distrito_federal":3},"geometry":{"type":"Polygon","coordinates":[[[-98.29895,19.20924],[-98.2964,19.19568],[-98.30008,19.19193],[-98.30361,19.19151],[-98.3053,19.19858],[-98.30564,19.19894],[-98.30584,19.2006],[-98.30583,19.20129],[-98.30617,19.20327],[-98.29895,19.20924]]]}},{"type":"Feature","properties":{"seccion":564,"municipio":41,"distrito_local":14,"distrito_federal":3},"geometry":{"type":"Polygon","coordinates":[[[-98.22115,19.15733],[-98.22125,19.15711],[-98.22196,19.15345],[-98.22126,19.15074],[-98.22202,19.15076],[-98.22084,19.1417],[-98.22026,19.13992],[-98.22056,19.13978],[-98.22187,19.13981],[-98.22191,19.13959],[-98.2222,19.13953],[-98.22284,19.13869],[-98.22315,19.13879],[-98.22352,19.13869],[-98.22406,19.13799],[-98.22444,19.13783],[-98.22473,19.13814],[-98.22476,19.13841],[-98.22589,19.14012],[-98.22588,19.14035],[-98.22562,19.14059],[-98.22524,19.14073],[-98.22477,19.14103],[-98.22447,19.14155],[-98.2245,19.14215],[-98.2251,19.14321],[-98.2258,19.14492],[-98.22642,19.14575],[-98.22702,19.14612],[-98.2281,19.14644],[-98.22827,19.14657],[-98.22852,19.14684],[-98.2288,19.14737],[-98.22929,19.14796],[-98.22985,19.14843],[-98.2299,19.14864],[-98.22981,19.14893],[-98.22901,19.15038],[-98.22902,19.1512],[-98.22894,19.1517],[-98.22871,19.15208],[-98.2286,19.15272],[-98.22852,19.15258],[-98.22835,19.1525],[-98.22782,19.15264],[-98.22743,19.15292],[-98.22734,19.1534],[-98.227,19.15383],[-98.22667,19.15401],[-98.22553,19.15417],[-98.22536,19.15426],[-98.22518,19.15463],[-98.22514,19.15487],[-98.22495,19.15509],[-98.22448,19.15536],[-98.22432,19.15556],[-98.22333,19.15589],[-98.22271,19.15665],[-98.22239,19.15696],[-98.22199,19.15719],[-98.22154,19.15733],[-98.22115,19.15733]]]}},{"type":"Feature","properties":{"seccion":558,"municipio":41,"distrito_local":14,"distrito_federal":3},"geometry":{"type":"Polygon","coordinates":[[[-98.22467,19.16775],[-98.22493,19.16875],[-98.22514,19.17048],[-98.22582,19.17374],[-98.22295,19.17362],[-98.22293,19.17452],[-98.22284,19.17476],[-98.22253,19.17485],[-98.21895,19.17446],[-98.21621,19.18399],[-98.21589,19.18602],[-98.21595,19.18787],[-98.21644,19.19161],[-98.21599,19.19166],[-98.21476,19.19207],[-98.21283,19.19119],[-98.21162,19.19078],[-98.20844,19.18996],[-98.20735,19.18952],[-98.20642,19.18929],[-98.20566,19.18935],[-98.20058,19.19128],[-98.20002,19.19178],[-98.19939,19.19185],[-98.19759,19.19233],[-98.1963,19.19284],[-98.19473,19.1936],[-98.19428,19.19355],[-98.19405,19.19037],[-98.18865,19.18916],[-98.18936,19.18862],[-98.18997,19.188],[-98.19039,19.18746],[-98.19093,19.18646],[-98.19209,19.18497],[-98.19244,19.18473],[-98.19228,19.18531],[-98.19204,19.18562],[-98.1921,19.18565],[-98.1934,19.18555],[-98.19459,19.18095],[-98.19483,19.1797],[-98.1948,19.17906],[-98.19457,19.17823],[-98.19577,19.1782],[-98.19651,19.17808],[-98.19693,19.17774],[-98.19855,19.17745],[-98.19876,19.17721],[-98.20006,19.17695],[-98.20026,19.17717],[-98.20104,19.1768],[-98.20134,19.1763],[-98.2017,19.17595],[-98.20271,19.17605],[-98.20308,19.1757],[-98.20369,19.17562],[-98.20422,19.17538],[-98.20457,19.17545],[-98.20478,19.17516],[-98.20464,19.17447],[-98.20473,19.17417],[-98.20522,19.17413],[-98.20557,19.17445],[-98.20614,19.1744],[-98.2063,19.17464],[-98.20586,19.17508],[-98.20625,19.17505],[-98.20675,19.17473],[-98.20753,19.17478],[-98.20748,19.1738],[-98.20837,19.17326],[-98.20862,19.17302],[-98.2092,19.17212],[-98.21016,19.17115],[-98.21052,19.17036],[-98.21076,19.17007],[-98.21115,19.16981],[-98.21136,19.16943],[-98.21134,19.16861],[-98.21144,19.16829],[-98.21227,19.16712],[-98.21185,19.16705],[-98.21188,19.16675],[-98.21236,19.16649],[-98.21244,19.16616],[-98.21241,19.16578],[-98.21252,19.16554],[-98.21271,19.16538],[-98.2132,19.16533],[-98.21334,19.16506],[-98.21397,19.1652],[-98.21415,19.16508],[-98.21455,19.16501],[-98.21614,19.1662],[-98.21749,19.16706],[-98.21767,19.16707],[-98.21787,19.16691],[-98.21816,19.16685],[-98.21853,19.16644],[-98.21896,19.16576],[-98.21882,19.16767],[-98.22467,19.16775]]]}},{"type":"Feature","properties":{"seccion":559,"municipio":41,"distrito_local":14,"distrito_federal":3},"geometry":{"type":"Polygon","coordinates":[[[-98.2056,19.17162],[-98.20395,19.17289],[-98.20369,19.17319],[-98.20307,19.17335],[-98.2026,19.17333],[-98.20263,19.1715],[-98.2028,19.17152],[-98.20326,19.1686],[-98.20338,19.16839],[-98.20369,19.1683],[-98.20391,19.16811],[-98.20467,19.16799],[-98.20545,19.16801],[-98.20593,19.16775],[-98.20645,19.16763],[-98.20692,19.16723],[-98.20746,19.16717],[-98.20877,19.16665],[-98.20937,19.16664],[-98.20966,19.16653],[-98.2099,19.16652],[-98.21046,19.16667],[-98.21119,19.16656],[-98.21188,19.16675],[-98.21185,19.16705],[-98.21227,19.16712],[-98.21144,19.16829],[-98.21134,19.16861],[-98.21136,19.16943],[-98.21115,19.16981],[-98.21076,19.17007],[-98.21052,19.17036],[-98.21016,19.17115],[-98.2092,19.17212],[-98.20862,19.17302],[-98.20837,19.17326],[-98.20748,19.1738],[-98.20753,19.17478],[-98.20675,19.17473],[-98.20625,19.17505],[-98.20586,19.17508],[-98.2063,19.17464],[-98.20614,19.1744],[-98.206,19.17393],[-98.20566,19.17362],[-98.20618,19.17311],[-98.20633,19.17273],[-98.20663,19.17253],[-98.20677,19.17159],[-98.2066,19.17144],[-98.2056,19.17162]]]}},{"type":"Feature","properties":{"seccion":560,"municipio":41,"distrito_local":14,"distrito_federal":3},"geometry":{"type":"Polygon","coordinates":[[[-98.18923,19.17348],[-98.18934,19.1736],[-98.19088,19.17321],[-98.19134,19.17302],[-98.19203,19.17236],[-98.19217,19.17193],[-98.19241,19.17168],[-98.19348,19.17121],[-98.19373,19.17131],[-98.19407,19.17132],[-98.19442,19.1712],[-98.19478,19.17076],[-98.19695,19.17037],[-98.19754,19.17006],[-98.19777,19.16975],[-98.19814,19.16974],[-98.19857,19.16959],[-98.19989,19.16974],[-98.2002,19.16965],[-98.20053,19.16943],[-98.20151,19.16935],[-98.20182,19.16925],[-98.20236,19.16895],[-98.20283,19.169],[-98.20292,19.16872],[-98.20323,19.16836],[-98.20338,19.16839],[-98.20326,19.1686],[-98.2028,19.17152],[-98.20263,19.1715],[-98.2026,19.17333],[-98.20307,19.17335],[-98.20369,19.17319],[-98.20395,19.17289],[-98.2056,19.17162],[-98.2066,19.17144],[-98.20677,19.17159],[-98.20663,19.17253],[-98.20633,19.17273],[-98.20618,19.17311],[-98.20566,19.17362],[-98.206,19.17393],[-98.20614,19.1744],[-98.20557,19.17445],[-98.20522,19.17413],[-98.20473,19.17417],[-98.20464,19.17447],[-98.20478,19.17516],[-98.20457,19.17545],[-98.20422,19.17538],[-98.20369,19.17562],[-98.20308,19.1757],[-98.20271,19.17605],[-98.2017,19.17595],[-98.20134,19.1763],[-98.20104,19.1768],[-98.20026,19.17717],[-98.20006,19.17695],[-98.19876,19.17721],[-98.19855,19.17745],[-98.19693,19.17774],[-98.19651,19.17808],[-98.19577,19.1782],[-98.19457,19.17823],[-98.19334,19.177],[-98.19162,19.17565],[-98.19056,19.17571],[-98.1904,19.17598],[-98.18954,19.17599],[-98.18913,19.1736],[-98.18923,19.17348]]]}},{"type":"Feature","properties":{"seccion":565,"municipio":41,"distrito_local":14,"distrito_federal":3},"geometry":{"type":"Polygon","coordinates":[[[-98.22166,19.15516],[-98.21898,19.15486],[-98.21704,19.15485],[-98.21673,19.15472],[-98.21652,19.1542],[-98.21656,19.14918],[-98.21641,19.14646],[-98.2159,19.14593],[-98.21516,19.14485],[-98.21532,19.14446],[-98.21664,19.14313],[-98.21718,19.1422],[-98.21797,19.1419],[-98.21893,19.14099],[-98.21967,19.14054],[-98.22026,19.13992],[-98.22084,19.1417],[-98.22202,19.15076],[-98.22126,19.15074],[-98.22196,19.15345],[-98.22166,19.15516]]]}},{"type":"Feature","properties":{"seccion":561,"municipio":41,"distrito_local":14,"distrito_federal":3},"geometry":{"type":"Polygon","coordinates":[[[-98.21761,19.15941],[-98.21753,19.1597],[-98.21728,19.16003],[-98.2164,19.16094],[-98.21639,19.16123],[-98.21547,19.16211],[-98.21535,19.16246],[-98.21505,19.1624],[-98.21496,19.16249],[-98.21435,19.16395],[-98.21405,19.16429],[-98.21355,19.16447],[-98.2132,19.16533],[-98.21271,19.16538],[-98.21252,19.16554],[-98.21241,19.16578],[-98.21244,19.16616],[-98.21236,19.16649],[-98.21202,19.16669],[-98.21188,19.16675],[-98.21119,19.16656],[-98.21046,19.16667],[-98.2099,19.16652],[-98.20908,19.16668],[-98.20877,19.16665],[-98.20746,19.16717],[-98.20692,19.16723],[-98.20645,19.16763],[-98.20593,19.16775],[-98.20545,19.16801],[-98.20467,19.16799],[-98.20391,19.16811],[-98.20369,19.1683],[-98.20323,19.16836],[-98.20292,19.16872],[-98.20283,19.169],[-98.20236,19.16895],[-98.20182,19.16925],[-98.20151,19.16935],[-98.20053,19.16943],[-98.2002,19.16965],[-98.19989,19.16974],[-98.19857,19.16959],[-98.19814,19.16974],[-98.19777,19.16975],[-98.19754,19.17006],[-98.19695,19.17037],[-98.19478,19.17076],[-98.19442,19.1712],[-98.19407,19.17132],[-98.19373,19.17131],[-98.19348,19.17121],[-98.19241,19.17168],[-98.19217,19.17193],[-98.19203,19.17236],[-98.19175,19.17269],[-98.19134,19.17302],[-98.19088,19.17321],[-98.18934,19.1736],[-98.18852,19.17246],[-98.18832,19.17265],[-98.1874,19.17319],[-98.18666,19.1735],[-98.18539,19.17379],[-98.18467,19.17374],[-98.18416,19.17388],[-98.18308,19.17369],[-98.18194,19.17398],[-98.18106,19.17435],[-98.17852,19.17458],[-98.17751,19.17486],[-98.17659,19.17526],[-98.17604,19.17536],[-98.17507,19.17531],[-98.17406,19.17554],[-98.17278,19.17599],[-98.1723,19.17689],[-98.17105,19.17768],[-98.17033,19.17844],[-98.14844,19.18055],[-98.15288,19.17266],[-98.16164,19.17212],[-98.16536,19.17104],[-98.16728,19.16976],[-98.16779,19.16922],[-98.1679,19.17043],[-98.16847,19.17135],[-98.1697,19.17393],[-98.16991,19.17419],[-98.16999,19.17422],[-98.17086,19.174],[-98.17145,19.1741],[-98.17178,19.17406],[-98.1729,19.17362],[-98.1754,19.17238],[-98.17591,19.17269],[-98.1763,19.17268],[-98.17679,19.17223],[-98.17737,19.17204],[-98.17786,19.17156],[-98.17809,19.17144],[-98.17903,19.17126],[-98.17934,19.17086],[-98.18078,19.17006],[-98.18115,19.16996],[-98.18151,19.16943],[-98.18186,19.16918],[-98.18226,19.16868],[-98.18254,19.16857],[-98.18299,19.16864],[-98.18431,19.16852],[-98.18542,19.16826],[-98.18608,19.16826],[-98.18784,19.16809],[-98.18881,19.16787],[-98.19019,19.16718],[-98.19261,19.16638],[-98.19329,19.16608],[-98.19398,19.16559],[-98.19467,19.16475],[-98.19626,19.16362],[-98.19657,19.16388],[-98.19708,19.16391],[-98.20054,19.16475],[-98.20259,19.16467],[-98.20307,19.16457],[-98.2034,19.16401],[-98.20392,19.16383],[-98.20424,19.16353],[-98.20461,19.1636],[-98.20483,19.16391],[-98.20558,19.16368],[-98.20641,19.16321],[-98.20694,19.16308],[-98.20769,19.16304],[-98.20869,19.16331],[-98.20896,19.16321],[-98.20923,19.16297],[-98.20929,19.16265],[-98.20956,19.16256],[-98.20977,19.16261],[-98.20991,19.16231],[-98.21063,19.16187],[-98.21107,19.16178],[-98.21155,19.16152],[-98.21204,19.16142],[-98.21266,19.1608],[-98.21343,19.16038],[-98.21354,19.16007],[-98.21492,19.15941],[-98.21597,19.15932],[-98.21626,19.15921],[-98.21636,19.15904],[-98.21701,19.15935],[-98.2174,19.15934],[-98.21761,19.15941]]]}},{"type":"Feature","properties":{"seccion":562,"municipio":41,"distrito_local":14,"distrito_federal":3},"geometry":{"type":"Polygon","coordinates":[[[-98.22725,19.1658],[-98.22424,19.16608],[-98.22467,19.16775],[-98.21882,19.16767],[-98.21896,19.16576],[-98.21853,19.16644],[-98.21816,19.16685],[-98.21787,19.16691],[-98.21767,19.16707],[-98.21749,19.16706],[-98.21614,19.1662],[-98.21455,19.16501],[-98.21415,19.16508],[-98.21397,19.1652],[-98.21334,19.16506],[-98.21355,19.16447],[-98.21405,19.16429],[-98.21435,19.16395],[-98.21496,19.16249],[-98.21505,19.1624],[-98.21535,19.16246],[-98.21547,19.16211],[-98.21639,19.16123],[-98.2164,19.16094],[-98.21753,19.1597],[-98.21761,19.15941],[-98.21806,19.15889],[-98.2184,19.1583],[-98.21835,19.15775],[-98.21904,19.1579],[-98.21976,19.15767],[-98.22018,19.15765],[-98.221,19.15734],[-98.22154,19.15733],[-98.22199,19.15719],[-98.22239,19.15696],[-98.22294,19.15641],[-98.22333,19.15589],[-98.22352,19.1558],[-98.22489,19.15906],[-98.22725,19.1658]]]}},{"type":"Feature","properties":{"seccion":563,"municipio":41,"distrito_local":14,"distrito_federal":3},"geometry":{"type":"Polygon","coordinates":[[[-98.23345,19.15832],[-98.23363,19.15856],[-98.2332,19.1594],[-98.23268,19.16075],[-98.2346,19.16074],[-98.23456,19.16084],[-98.23505,19.16102],[-98.23462,19.16211],[-98.23193,19.16111],[-98.23162,19.16114],[-98.23013,19.16556],[-98.22969,19.16559],[-98.22973,19.16551],[-98.22723,19.16573],[-98.22489,19.15906],[-98.22352,19.1558],[-98.22383,19.15576],[-98.22432,19.15556],[-98.22448,19.15536],[-98.22495,19.15509],[-98.22514,19.15487],[-98.22518,19.15463],[-98.22536,19.15426],[-98.22553,19.15417],[-98.22636,19.15408],[-98.227,19.15383],[-98.22734,19.1534],[-98.22743,19.15292],[-98.22782,19.15264],[-98.22835,19.1525],[-98.22852,19.15258],[-98.2286,19.15272],[-98.22854,19.15329],[-98.22874,19.15413],[-98.22989,19.1562],[-98.23092,19.15663],[-98.23459,19.15666],[-98.23661,19.15703],[-98.23732,19.15631],[-98.2377,19.15562],[-98.23811,19.15579],[-98.23796,19.15639],[-98.23798,19.15593],[-98.23788,19.15586],[-98.2376,19.15602],[-98.23738,19.15626],[-98.23723,19.15689],[-98.23706,19.15711],[-98.23671,19.15726],[-98.23751,19.15757],[-98.23678,19.15883],[-98.23345,19.15832]]]}},{"type":"Feature","properties":{"seccion":573,"municipio":42,"distrito_local":14,"distrito_federal":3},"geometry":{"type":"Polygon","coordinates":[[[-98.24102,19.17386],[-98.23952,19.17612],[-98.23976,19.17629],[-98.23822,19.17843],[-98.23377,19.17488],[-98.23354,19.17516],[-98.231,19.17308],[-98.2314,19.17291],[-98.23292,19.17151],[-98.2331,19.1715],[-98.23376,19.1712],[-98.23568,19.17245],[-98.2368,19.1711],[-98.24102,19.17386]]]}},{"type":"Feature","properties":{"seccion":566,"municipio":41,"distrito_local":14,"distrito_federal":3},"geometry":{"type":"Polygon","coordinates":[[[-98.20404,19.20518],[-98.20381,19.20507],[-98.20355,19.2047],[-98.20311,19.20438],[-98.20252,19.20427],[-98.20162,19.20421],[-98.20044,19.20427],[-98.19964,19.20418],[-98.19848,19.20423],[-98.19797,19.20439],[-98.19673,19.20434],[-98.19734,19.20401],[-98.19861,19.20153],[-98.1986,19.20139],[-98.1992,19.20089],[-98.19968,19.20106],[-98.1998,19.20058],[-98.19959,19.2005],[-98.19985,19.19979],[-98.20005,19.19806],[-98.20057,19.19545],[-98.20058,19.19128],[-98.20566,19.18935],[-98.20642,19.18929],[-98.20735,19.18952],[-98.20844,19.18996],[-98.21162,19.19078],[-98.21283,19.19119],[-98.21476,19.19207],[-98.21385,19.1924],[-98.2097,19.19519],[-98.20728,19.1964],[-98.20584,19.19846],[-98.20511,19.19964],[-98.20692,19.20241],[-98.2074,19.20301],[-98.20753,19.20307],[-98.20724,19.20325],[-98.20622,19.20351],[-98.20431,19.20508],[-98.20404,19.20518]]]}},{"type":"Feature","properties":{"seccion":567,"municipio":41,"distrito_local":14,"distrito_federal":3},"geometry":{"type":"Polygon","coordinates":[[[-98.19428,19.19355],[-98.19473,19.1936],[-98.1963,19.19284],[-98.19759,19.19233],[-98.19939,19.19185],[-98.20002,19.19178],[-98.20058,19.19128],[-98.20057,19.19545],[-98.20005,19.19806],[-98.19985,19.19979],[-98.19959,19.2005],[-98.1998,19.20058],[-98.19968,19.20106],[-98.1992,19.20089],[-98.1986,19.20139],[-98.19861,19.20153],[-98.19734,19.20401],[-98.19673,19.20434],[-98.19548,19.20419],[-98.1953,19.20429],[-98.19472,19.20437],[-98.19376,19.2044],[-98.19241,19.20433],[-98.19057,19.20385],[-98.18931,19.19815],[-98.18897,19.19715],[-98.18985,19.19704],[-98.19185,19.19705],[-98.1925,19.19722],[-98.19309,19.19725],[-98.19348,19.19724],[-98.19409,19.197],[-98.19427,19.1949],[-98.19428,19.19355]]]}},{"type":"Feature","properties":{"seccion":568,"municipio":41,"distrito_local":14,"distrito_federal":3},"geometry":{"type":"Polygon","coordinates":[[[-98.22166,19.15516],[-98.22125,19.15711],[-98.22115,19.15733],[-98.22018,19.15765],[-98.21976,19.15767],[-98.21904,19.1579],[-98.21835,19.15775],[-98.21572,19.15759],[-98.21514,19.15776],[-98.21414,19.15783],[-98.21164,19.15873],[-98.21015,19.15859],[-98.21014,19.15504],[-98.20953,19.15494],[-98.20905,19.15472],[-98.20896,19.15359],[-98.20908,19.15305],[-98.20877,19.15301],[-98.20942,19.1525],[-98.20949,19.15236],[-98.20891,19.15218],[-98.20822,19.15174],[-98.20854,19.15141],[-98.20894,19.1513],[-98.20933,19.15082],[-98.20973,19.15076],[-98.21021,19.15052],[-98.21088,19.15003],[-98.21161,19.15012],[-98.21195,19.15002],[-98.21269,19.14941],[-98.21313,19.1488],[-98.21332,19.14837],[-98.21335,19.14732],[-98.21379,19.14687],[-98.2156,19.14606],[-98.21576,19.1457],[-98.21641,19.14646],[-98.21656,19.14918],[-98.21652,19.1542],[-98.21673,19.15472],[-98.21704,19.15485],[-98.21898,19.15486],[-98.22166,19.15516]]]}},{"type":"Feature","properties":{"seccion":574,"municipio":42,"distrito_local":14,"distrito_federal":3},"geometry":{"type":"Polygon","coordinates":[[[-98.22723,19.16573],[-98.22973,19.16551],[-98.22969,19.16559],[-98.23013,19.16556],[-98.23162,19.16114],[-98.23193,19.16111],[-98.23462,19.16211],[-98.23505,19.16102],[-98.23456,19.16084],[-98.2346,19.16074],[-98.23268,19.16075],[-98.2332,19.1594],[-98.23363,19.15856],[-98.23345,19.15832],[-98.23678,19.15883],[-98.23751,19.15757],[-98.23671,19.15726],[-98.23706,19.15711],[-98.23723,19.15689],[-98.23738,19.15626],[-98.2376,19.15602],[-98.23788,19.15586],[-98.23798,19.15593],[-98.23788,19.15763],[-98.23817,19.15785],[-98.23987,19.15728],[-98.24097,19.15714],[-98.2494,19.15919],[-98.25043,19.16456],[-98.24877,19.16381],[-98.24866,19.16385],[-98.24698,19.1663],[-98.24702,19.16653],[-98.24675,19.16663],[-98.24634,19.16609],[-98.24454,19.1676],[-98.24451,19.16774],[-98.2452,19.16919],[-98.24642,19.17095],[-98.24655,19.17126],[-98.24658,19.1715],[-98.24562,19.17293],[-98.24531,19.17316],[-98.24406,19.1736],[-98.24202,19.17235],[-98.24102,19.17386],[-98.2368,19.1711],[-98.23568,19.17245],[-98.23376,19.1712],[-98.2331,19.1715],[-98.23292,19.17151],[-98.2314,19.17291],[-98.231,19.17308],[-98.22958,19.17193],[-98.22923,19.17133],[-98.22723,19.16573]]]}},{"type":"Feature","properties":{"seccion":586,"municipio":59,"distrito_local":13,"distrito_federal":3},"geometry":{"type":"Polygon","coordinates":[[[-98.24868,19.22849],[-98.24759,19.22817],[-98.24854,19.2273],[-98.24786,19.22688],[-98.24792,19.22681],[-98.24696,19.22618],[-98.2486,19.22446],[-98.2489,19.22401],[-98.24874,19.22388],[-98.24911,19.22319],[-98.25157,19.21947],[-98.25365,19.22036],[-98.25384,19.2207],[-98.2541,19.22091],[-98.2583,19.22313],[-98.25966,19.22366],[-98.26091,19.22353],[-98.26078,19.22464],[-98.26057,19.22528],[-98.26008,19.22589],[-98.25937,19.22599],[-98.25839,19.22632],[-98.25723,19.22642],[-98.25557,19.22619],[-98.25007,19.22814],[-98.24868,19.22849]]]}},{"type":"Feature","properties":{"seccion":569,"municipio":41,"distrito_local":14,"distrito_federal":3},"geometry":{"type":"Polygon","coordinates":[[[-98.21761,19.15941],[-98.2174,19.15934],[-98.21701,19.15935],[-98.21636,19.15904],[-98.21626,19.15921],[-98.21597,19.15932],[-98.21492,19.15941],[-98.21354,19.16007],[-98.21343,19.16038],[-98.21266,19.1608],[-98.21204,19.16142],[-98.21155,19.16152],[-98.21107,19.16178],[-98.21063,19.16187],[-98.20991,19.16231],[-98.20977,19.16261],[-98.20956,19.16256],[-98.20929,19.16265],[-98.20923,19.16297],[-98.20896,19.16321],[-98.20869,19.16331],[-98.20769,19.16304],[-98.20694,19.16308],[-98.20641,19.16321],[-98.20558,19.16368],[-98.20483,19.16391],[-98.20461,19.1636],[-98.20424,19.16353],[-98.20392,19.16383],[-98.2034,19.16401],[-98.20307,19.16457],[-98.20259,19.16467],[-98.20054,19.16475],[-98.19708,19.16391],[-98.19657,19.16388],[-98.19626,19.16362],[-98.19467,19.16475],[-98.19398,19.16559],[-98.19329,19.16608],[-98.19261,19.16638],[-98.19019,19.16718],[-98.18881,19.16787],[-98.18784,19.16809],[-98.18608,19.16826],[-98.18542,19.16826],[-98.18431,19.16852],[-98.18299,19.16864],[-98.18254,19.16857],[-98.18226,19.16868],[-98.18186,19.16918],[-98.18151,19.16943],[-98.18115,19.16996],[-98.18078,19.17006],[-98.17934,19.17086],[-98.17903,19.17126],[-98.17809,19.17144],[-98.17786,19.17156],[-98.17737,19.17204],[-98.17679,19.17223],[-98.1763,19.17268],[-98.17591,19.17269],[-98.1754,19.17238],[-98.1729,19.17362],[-98.17178,19.17406],[-98.17145,19.1741],[-98.17086,19.174],[-98.16999,19.17422],[-98.16991,19.17419],[-98.1697,19.17393],[-98.16847,19.17135],[-98.1679,19.17043],[-98.16779,19.16922],[-98.16728,19.16976],[-98.16536,19.17104],[-98.16164,19.17212],[-98.15288,19.17266],[-98.15573,19.16776],[-98.16172,19.16526],[-98.16293,19.16426],[-98.1646,19.16367],[-98.1661,19.16336],[-98.16731,19.16298],[-98.16773,19.16413],[-98.16865,19.16379],[-98.16992,19.16312],[-98.17089,19.16208],[-98.1721,19.16165],[-98.17355,19.16172],[-98.17454,19.16224],[-98.17563,19.16174],[-98.17765,19.16126],[-98.17974,19.16157],[-98.18096,19.16164],[-98.18234,19.16108],[-98.18366,19.16171],[-98.18424,19.1615],[-98.18461,19.16179],[-98.18517,19.16186],[-98.18582,19.16161],[-98.18637,19.16197],[-98.18862,19.16194],[-98.18904,19.16162],[-98.18961,19.16156],[-98.19061,19.16078],[-98.192,19.16054],[-98.19275,19.15992],[-98.19327,19.1598],[-98.19367,19.15933],[-98.19398,19.15931],[-98.19429,19.15951],[-98.19465,19.15959],[-98.19479,19.15905],[-98.19549,19.1588],[-98.19641,19.15886],[-98.19677,19.15837],[-98.1981,19.15775],[-98.20007,19.15736],[-98.20103,19.15738],[-98.20167,19.1572],[-98.20251,19.15643],[-98.20354,19.15668],[-98.20278,19.15323],[-98.20256,19.15274],[-98.20254,19.15246],[-98.20336,19.15246],[-98.2046,19.15277],[-98.20492,19.15242],[-98.20566,19.15249],[-98.20611,19.15233],[-98.20662,19.15246],[-98.20755,19.15226],[-98.20822,19.15174],[-98.20891,19.15218],[-98.20949,19.15236],[-98.20942,19.1525],[-98.20877,19.15301],[-98.20908,19.15305],[-98.20896,19.15359],[-98.20905,19.15472],[-98.20953,19.15494],[-98.21014,19.15504],[-98.21015,19.15859],[-98.21164,19.15873],[-98.21414,19.15783],[-98.21514,19.15776],[-98.21572,19.15759],[-98.21835,19.15775],[-98.2184,19.1583],[-98.21806,19.15889],[-98.21761,19.15941]]]}},{"type":"Feature","properties":{"seccion":570,"municipio":42,"distrito_local":14,"distrito_federal":3},"geometry":{"type":"Polygon","coordinates":[[[-98.23952,19.17612],[-98.24202,19.17235],[-98.24406,19.1736],[-98.24531,19.17316],[-98.24562,19.17293],[-98.24658,19.1715],[-98.24642,19.17095],[-98.2452,19.16919],[-98.24451,19.16774],[-98.24454,19.1676],[-98.24634,19.16609],[-98.24675,19.16663],[-98.24702,19.16653],[-98.24698,19.1663],[-98.24866,19.16385],[-98.24877,19.16381],[-98.25043,19.16456],[-98.2494,19.15919],[-98.25404,19.16032],[-98.26057,19.16012],[-98.26238,19.16057],[-98.2595,19.17068],[-98.25988,19.17382],[-98.25308,19.17395],[-98.25096,19.17433],[-98.25069,19.17423],[-98.24757,19.17906],[-98.2471,19.17949],[-98.24528,19.18023],[-98.24416,19.18177],[-98.24284,19.18321],[-98.2421,19.18356],[-98.24109,19.18431],[-98.24053,19.18521],[-98.24022,19.18543],[-98.23949,19.18563],[-98.23866,19.18573],[-98.238,19.18569],[-98.2375,19.18587],[-98.23687,19.18675],[-98.23647,19.18672],[-98.23573,19.18643],[-98.2366,19.18477],[-98.23686,19.184],[-98.23766,19.18261],[-98.23763,19.18248],[-98.2395,19.17943],[-98.23822,19.17843],[-98.23976,19.17629],[-98.23952,19.17612]]]}},{"type":"Feature","properties":{"seccion":571,"municipio":42,"distrito_local":14,"distrito_federal":3},"geometry":{"type":"Polygon","coordinates":[[[-98.23604,19.18584],[-98.23463,19.18252],[-98.23418,19.1809],[-98.23396,19.17965],[-98.23348,19.17523],[-98.23377,19.17488],[-98.2395,19.17943],[-98.23763,19.18248],[-98.23766,19.18261],[-98.23686,19.184],[-98.2366,19.18477],[-98.23604,19.18584]]]}},{"type":"Feature","properties":{"seccion":572,"municipio":42,"distrito_local":14,"distrito_federal":3},"geometry":{"type":"Polygon","coordinates":[[[-98.22493,19.16875],[-98.22424,19.16608],[-98.22725,19.1658],[-98.22923,19.17133],[-98.22958,19.17193],[-98.23354,19.17516],[-98.23348,19.17523],[-98.23367,19.17704],[-98.23396,19.17965],[-98.23418,19.1809],[-98.23463,19.18252],[-98.23604,19.18584],[-98.23573,19.18643],[-98.23247,19.18625],[-98.23035,19.1865],[-98.23029,19.18623],[-98.22994,19.18564],[-98.22977,19.18486],[-98.22949,19.18415],[-98.22922,19.18364],[-98.22915,19.18313],[-98.22863,19.18192],[-98.22589,19.17404],[-98.22514,19.17048],[-98.22493,19.16875]]]}},{"type":"Feature","properties":{"seccion":592,"municipio":44,"distrito_local":13,"distrito_federal":3},"geometry":{"type":"Polygon","coordinates":[[[-98.25018,19.21909],[-98.24548,19.21748],[-98.24651,19.21608],[-98.24664,19.21551],[-98.24671,19.21325],[-98.24263,19.21031],[-98.24285,19.20964],[-98.24408,19.20765],[-98.24819,19.20623],[-98.25493,19.2026],[-98.25723,19.1994],[-98.25829,19.19806],[-98.26086,19.19415],[-98.2609,19.1939],[-98.26081,19.19196],[-98.26245,19.19315],[-98.26126,19.19501],[-98.26099,19.19582],[-98.26089,19.19711],[-98.26252,19.20554],[-98.26313,19.20823],[-98.26369,19.20958],[-98.26861,19.21724],[-98.26976,19.21972],[-98.2702,19.22116],[-98.27039,19.22208],[-98.27062,19.22412],[-98.27084,19.22424],[-98.27035,19.22567],[-98.26954,19.22763],[-98.26085,19.22424],[-98.26091,19.22353],[-98.25966,19.22366],[-98.2583,19.22313],[-98.2541,19.22091],[-98.25384,19.2207],[-98.25365,19.22036],[-98.25157,19.21947],[-98.25171,19.21916],[-98.25103,19.21917],[-98.25054,19.21902],[-98.25018,19.21909]]]}},{"type":"Feature","properties":{"seccion":593,"municipio":44,"distrito_local":13,"distrito_federal":3},"geometry":{"type":"Polygon","coordinates":[[[-98.24263,19.21031],[-98.24671,19.21325],[-98.24664,19.21551],[-98.24651,19.21608],[-98.24548,19.21748],[-98.24385,19.21697],[-98.23893,19.21433],[-98.23949,19.21356],[-98.2393,19.21314],[-98.23962,19.2129],[-98.24049,19.21179],[-98.24094,19.21159],[-98.24107,19.21083],[-98.24118,19.21081],[-98.24132,19.21149],[-98.24169,19.21142],[-98.24243,19.21074],[-98.24263,19.21031]]]}},{"type":"Feature","properties":{"seccion":594,"municipio":44,"distrito_local":13,"distrito_federal":3},"geometry":{"type":"Polygon","coordinates":[[[-98.23949,19.21356],[-98.23862,19.21477],[-98.23028,19.20944],[-98.23012,19.20925],[-98.2305,19.20739],[-98.23046,19.2072],[-98.23082,19.20444],[-98.23091,19.20242],[-98.23131,19.20111],[-98.23137,19.19981],[-98.23156,19.19995],[-98.23333,19.19994],[-98.23434,19.1997],[-98.23471,19.20047],[-98.23509,19.20172],[-98.23554,19.2026],[-98.23617,19.20459],[-98.23786,19.20916],[-98.23812,19.21016],[-98.24049,19.21179],[-98.23962,19.2129],[-98.2393,19.21314],[-98.23949,19.21356]]]}},{"type":"Feature","properties":{"seccion":595,"municipio":44,"distrito_local":13,"distrito_federal":3},"geometry":{"type":"Polygon","coordinates":[[[-98.24293,19.20946],[-98.24243,19.21074],[-98.24169,19.21142],[-98.24132,19.21149],[-98.24118,19.21081],[-98.24107,19.21083],[-98.24094,19.21159],[-98.24049,19.21179],[-98.23812,19.21016],[-98.23786,19.20916],[-98.23617,19.20459],[-98.23554,19.2026],[-98.23509,19.20172],[-98.23471,19.20047],[-98.23434,19.1997],[-98.23602,19.19944],[-98.2385,19.19892],[-98.24078,19.20851],[-98.24142,19.20847],[-98.24408,19.20765],[-98.24293,19.20946]]]}},{"type":"Feature","properties":{"seccion":596,"municipio":44,"distrito_local":13,"distrito_federal":3},"geometry":{"type":"Polygon","coordinates":[[[-98.24142,19.20847],[-98.24078,19.20851],[-98.2385,19.19892],[-98.23988,19.19834],[-98.24168,19.19709],[-98.24281,19.19576],[-98.2432,19.19519],[-98.24333,19.19517],[-98.24317,19.19552],[-98.24284,19.19672],[-98.24249,19.19842],[-98.24142,19.20847]]]}},{"type":"Feature","properties":{"seccion":597,"municipio":44,"distrito_local":13,"distrito_federal":3},"geometry":{"type":"Polygon","coordinates":[[[-98.24544,19.20038],[-98.24541,19.201],[-98.24516,19.20195],[-98.24478,19.20666],[-98.24408,19.20765],[-98.24142,19.20847],[-98.24249,19.19842],[-98.24284,19.19672],[-98.24317,19.19552],[-98.24333,19.19517],[-98.24407,19.1971],[-98.24488,19.19837],[-98.24544,19.20038]]]}},{"type":"Feature","properties":{"seccion":598,"municipio":44,"distrito_local":13,"distrito_federal":3},"geometry":{"type":"Polygon","coordinates":[[[-98.2521,19.20411],[-98.24819,19.20623],[-98.24408,19.20765],[-98.24478,19.20666],[-98.24516,19.20195],[-98.24541,19.201],[-98.24544,19.20038],[-98.24675,19.19873],[-98.24905,19.19611],[-98.24975,19.19652],[-98.25115,19.19443],[-98.25242,19.19524],[-98.2532,19.1942],[-98.25661,19.19624],[-98.25537,19.19819],[-98.25452,19.19974],[-98.25181,19.20389],[-98.2521,19.20411]]]}},{"type":"Feature","properties":{"seccion":604,"municipio":48,"distrito_local":14,"distrito_federal":3},"geometry":{"type":"Polygon","coordinates":[[[-98.20753,19.20307],[-98.2074,19.20301],[-98.20692,19.20241],[-98.20511,19.19964],[-98.20584,19.19846],[-98.20728,19.1964],[-98.2097,19.19519],[-98.21385,19.1924],[-98.21599,19.19166],[-98.21644,19.19161],[-98.21704,19.19571],[-98.21697,19.19668],[-98.21588,19.2019],[-98.21508,19.20199],[-98.21202,19.20268],[-98.20753,19.20307]]]}},{"type":"Feature","properties":{"seccion":599,"municipio":44,"distrito_local":13,"distrito_federal":3},"geometry":{"type":"Polygon","coordinates":[[[-98.2798,19.20794],[-98.27351,19.21171],[-98.27302,19.21261],[-98.27303,19.21485],[-98.27222,19.21703],[-98.27203,19.21794],[-98.27166,19.21897],[-98.27129,19.2197],[-98.27104,19.22061],[-98.27084,19.22424],[-98.27062,19.22412],[-98.27039,19.22208],[-98.2702,19.22116],[-98.26976,19.21972],[-98.2693,19.21864],[-98.26861,19.21724],[-98.26369,19.20958],[-98.26313,19.20823],[-98.26252,19.20554],[-98.26089,19.19711],[-98.26099,19.19582],[-98.26126,19.19501],[-98.26245,19.19315],[-98.26081,19.19196],[-98.2609,19.1939],[-98.26086,19.19415],[-98.25829,19.19806],[-98.25723,19.1994],[-98.25493,19.2026],[-98.2521,19.20411],[-98.25181,19.20389],[-98.25452,19.19974],[-98.25537,19.19819],[-98.25661,19.19624],[-98.2532,19.1942],[-98.25242,19.19524],[-98.25115,19.19443],[-98.24975,19.19652],[-98.24905,19.19611],[-98.24675,19.19873],[-98.24544,19.20038],[-98.24488,19.19837],[-98.24407,19.1971],[-98.24333,19.19517],[-98.2432,19.19519],[-98.24333,19.1948],[-98.24475,19.19257],[-98.24493,19.19253],[-98.24534,19.1916],[-98.24653,19.19021],[-98.24674,19.1901],[-98.24853,19.18971],[-98.25135,19.18667],[-98.25266,19.18511],[-98.25277,19.18482],[-98.25264,19.18305],[-98.25213,19.17957],[-98.25132,19.17628],[-98.25098,19.1745],[-98.25069,19.17423],[-98.25096,19.17433],[-98.25308,19.17395],[-98.2609,19.1738],[-98.26585,19.17199],[-98.30661,19.17506],[-98.30137,19.17901],[-98.30374,19.18015],[-98.3066,19.18175],[-98.30877,19.18281],[-98.31222,19.1848],[-98.30934,19.18834],[-98.30643,19.19176],[-98.3045,19.1909],[-98.30218,19.18973],[-98.30127,19.18942],[-98.29521,19.18638],[-98.294,19.18687],[-98.29279,19.18791],[-98.29062,19.18927],[-98.28949,19.19054],[-98.28807,19.19175],[-98.28681,19.19326],[-98.2862,19.19469],[-98.28524,19.19878],[-98.29036,19.20591],[-98.28443,19.21368],[-98.28006,19.20932],[-98.2798,19.20794]]]}},{"type":"Feature","properties":{"seccion":600,"municipio":44,"distrito_local":13,"distrito_federal":3},"geometry":{"type":"Polygon","coordinates":[[[-98.23434,19.1997],[-98.23333,19.19994],[-98.23156,19.19995],[-98.23137,19.19981],[-98.23155,19.19703],[-98.23157,19.1937],[-98.23143,19.19317],[-98.23035,19.1865],[-98.23247,19.18625],[-98.23558,19.18638],[-98.23647,19.18672],[-98.23687,19.18675],[-98.2375,19.18587],[-98.238,19.18569],[-98.23866,19.18573],[-98.23949,19.18563],[-98.24039,19.18725],[-98.24117,19.18794],[-98.24159,19.1887],[-98.24192,19.18981],[-98.24363,19.19427],[-98.2432,19.19519],[-98.24281,19.19576],[-98.24168,19.19709],[-98.23988,19.19834],[-98.2385,19.19892],[-98.23602,19.19944],[-98.23434,19.1997]]]}},{"type":"Feature","properties":{"seccion":601,"municipio":44,"distrito_local":13,"distrito_federal":3},"geometry":{"type":"Polygon","coordinates":[[[-98.25069,19.17423],[-98.25098,19.1745],[-98.25132,19.17628],[-98.25213,19.17957],[-98.25264,19.18305],[-98.25277,19.18482],[-98.25266,19.18511],[-98.25135,19.18667],[-98.24853,19.18971],[-98.24674,19.1901],[-98.24653,19.19021],[-98.24534,19.1916],[-98.24493,19.19253],[-98.24475,19.19257],[-98.24429,19.19337],[-98.24363,19.19427],[-98.24192,19.18981],[-98.24159,19.1887],[-98.24117,19.18794],[-98.24039,19.18725],[-98.23949,19.18563],[-98.24022,19.18543],[-98.24053,19.18521],[-98.24109,19.18431],[-98.2421,19.18356],[-98.24284,19.18321],[-98.24416,19.18177],[-98.24528,19.18023],[-98.2471,19.17949],[-98.24757,19.17906],[-98.25069,19.17423]]]}},{"type":"Feature","properties":{"seccion":602,"municipio":48,"distrito_local":14,"distrito_federal":3},"geometry":{"type":"Polygon","coordinates":[[[-98.23049,19.20734],[-98.22892,19.20705],[-98.22638,19.20682],[-98.22375,19.20636],[-98.22034,19.20651],[-98.21917,19.20607],[-98.21747,19.20576],[-98.21639,19.2058],[-98.21497,19.20604],[-98.21697,19.19668],[-98.21704,19.19571],[-98.21675,19.19361],[-98.21732,19.19357],[-98.21797,19.19371],[-98.21824,19.19364],[-98.219,19.19379],[-98.22151,19.19469],[-98.2235,19.19522],[-98.22391,19.19519],[-98.22429,19.19501],[-98.22614,19.19458],[-98.23034,19.19321],[-98.23135,19.19265],[-98.23157,19.1937],[-98.23155,19.19703],[-98.23131,19.20111],[-98.23091,19.20242],[-98.23082,19.20444],[-98.23049,19.20734]]]}},{"type":"Feature","properties":{"seccion":603,"municipio":48,"distrito_local":14,"distrito_federal":3},"geometry":{"type":"Polygon","coordinates":[[[-98.20785,19.21154],[-98.20707,19.21143],[-98.2044,19.21078],[-98.20384,19.21031],[-98.20349,19.21026],[-98.20325,19.21049],[-98.20291,19.21054],[-98.20239,19.21019],[-98.20198,19.21009],[-98.20085,19.21045],[-98.19893,19.21039],[-98.19824,19.21014],[-98.19774,19.20984],[-98.19726,19.20978],[-98.19714,19.20996],[-98.19704,19.20996],[-98.19693,19.2092],[-98.19632,19.20689],[-98.19548,19.20419],[-98.19616,19.20431],[-98.19797,19.20439],[-98.19848,19.20423],[-98.19964,19.20418],[-98.20044,19.20427],[-98.20162,19.20421],[-98.20252,19.20427],[-98.20311,19.20438],[-98.20355,19.2047],[-98.20381,19.20507],[-98.20404,19.20518],[-98.20431,19.20508],[-98.20622,19.20351],[-98.20724,19.20325],[-98.20762,19.20301],[-98.21202,19.20268],[-98.21508,19.20199],[-98.21588,19.2019],[-98.21452,19.2082],[-98.21296,19.20788],[-98.21263,19.21085],[-98.21215,19.21085],[-98.21167,19.21106],[-98.21067,19.21098],[-98.20993,19.21117],[-98.20953,19.21093],[-98.2091,19.21105],[-98.20855,19.21143],[-98.20785,19.21154]]]}},{"type":"Feature","properties":{"seccion":605,"municipio":48,"distrito_local":14,"distrito_federal":3},"geometry":{"type":"Polygon","coordinates":[[[-98.22582,19.17374],[-98.22863,19.18192],[-98.22915,19.18313],[-98.22922,19.18364],[-98.22977,19.18486],[-98.22994,19.18564],[-98.23029,19.18623],[-98.23135,19.19265],[-98.23034,19.19321],[-98.22614,19.19458],[-98.22429,19.19501],[-98.22391,19.19519],[-98.2235,19.19522],[-98.22151,19.19469],[-98.219,19.19379],[-98.21824,19.19364],[-98.21797,19.19371],[-98.21732,19.19357],[-98.21675,19.19361],[-98.21595,19.18787],[-98.21589,19.18602],[-98.21621,19.18399],[-98.21895,19.17446],[-98.22253,19.17485],[-98.22284,19.17476],[-98.22293,19.17452],[-98.22295,19.17362],[-98.22582,19.17374]]]}},{"type":"Feature","properties":{"seccion":622,"municipio":25,"distrito_local":15,"distrito_federal":3},"geometry":{"type":"Polygon","coordinates":[[[-98.15406,19.10803],[-98.15529,19.10881],[-98.15942,19.11101],[-98.15977,19.11063],[-98.16,19.10999],[-98.16003,19.10952],[-98.16055,19.1097],[-98.16137,19.1103],[-98.16151,19.11012],[-98.16345,19.11162],[-98.16267,19.11271],[-98.16401,19.11369],[-98.16357,19.11435],[-98.16321,19.11513],[-98.16308,19.11526],[-98.1629,19.11491],[-98.16269,19.11494],[-98.16233,19.11535],[-98.16206,19.11536],[-98.16198,19.11556],[-98.16218,19.11587],[-98.16166,19.11626],[-98.16125,19.11617],[-98.16105,19.11591],[-98.16078,19.11591],[-98.16012,19.1165],[-98.16012,19.11688],[-98.15994,19.11759],[-98.15912,19.11696],[-98.15994,19.11635],[-98.1565,19.1135],[-98.15646,19.11328],[-98.15636,19.11332],[-98.15623,19.11342],[-98.15629,19.11378],[-98.15622,19.11411],[-98.15568,19.11455],[-98.15527,19.11507],[-98.15498,19.11559],[-98.15498,19.11613],[-98.1546,19.11649],[-98.15438,19.11657],[-98.15363,19.11717],[-98.1512,19.11868],[-98.1509,19.11931],[-98.15044,19.11967],[-98.14974,19.12055],[-98.14908,19.12111],[-98.14838,19.12144],[-98.14812,19.1217],[-98.14769,19.12169],[-98.14676,19.12237],[-98.14655,19.12277],[-98.14624,19.12299],[-98.14577,19.12306],[-98.14474,19.12387],[-98.14468,19.12406],[-98.1448,19.12549],[-98.14478,19.12717],[-98.14427,19.1287],[-98.14387,19.12917],[-98.14272,19.13004],[-98.14188,19.13032],[-98.14158,19.13049],[-98.14144,19.13076],[-98.14161,19.13107],[-98.14078,19.13151],[-98.14043,19.13156],[-98.13993,19.13229],[-98.13937,19.13283],[-98.13915,19.13292],[-98.13889,19.13331],[-98.13754,19.13424],[-98.13739,19.13456],[-98.13694,19.13498],[-98.1364,19.13582],[-98.1362,19.13601],[-98.1359,19.13674],[-98.13619,19.13668],[-98.13591,19.13701],[-98.1352,19.13729],[-98.13475,19.13737],[-98.13456,19.13769],[-98.13399,19.1381],[-98.13365,19.13823],[-98.13344,19.13818],[-98.13325,19.13835],[-98.13334,19.1385],[-98.13384,19.13871],[-98.13293,19.13889],[-98.13229,19.13893],[-98.13204,19.13879],[-98.13188,19.13885],[-98.13174,19.13956],[-98.13162,19.13974],[-98.13152,19.13973],[-98.13141,19.1395],[-98.13109,19.13939],[-98.13101,19.13947],[-98.13103,19.13966],[-98.13084,19.13978],[-98.13068,19.13977],[-98.1301,19.13939],[-98.12986,19.13976],[-98.12908,19.13954],[-98.1289,19.13961],[-98.12873,19.13977],[-98.12892,19.14036],[-98.12866,19.14038],[-98.12838,19.14057],[-98.12832,19.14104],[-98.12818,19.14107],[-98.12764,19.14092],[-98.12749,19.14101],[-98.1275,19.14112],[-98.12784,19.14144],[-98.1278,19.14161],[-98.127,19.1417],[-98.12694,19.14183],[-98.12648,19.14206],[-98.1262,19.1421],[-98.1259,19.14241],[-98.12552,19.14261],[-98.12523,19.14233],[-98.12501,19.14234],[-98.12484,19.14247],[-98.12476,19.14266],[-98.1249,19.14286],[-98.12481,19.14309],[-98.12486,19.14334],[-98.12479,19.14342],[-98.12467,19.14341],[-98.12458,19.1432],[-98.12434,19.14316],[-98.12398,19.14356],[-98.12357,19.14435],[-98.12295,19.14446],[-98.12274,19.14493],[-98.12253,19.14489],[-98.12243,19.14477],[-98.12186,19.14489],[-98.12166,19.14508],[-98.12161,19.14526],[-98.12132,19.14544],[-98.12117,19.14588],[-98.1211,19.14593],[-98.12097,19.1458],[-98.12062,19.14641],[-98.12025,19.1466],[-98.11782,19.14544],[-98.11427,19.14396],[-98.11135,19.14246],[-98.11152,19.14172],[-98.11357,19.13877],[-98.11397,19.13807],[-98.11448,19.13753],[-98.1158,19.13649],[-98.11632,19.13594],[-98.11768,19.13416],[-98.11928,19.13229],[-98.12077,19.13096],[-98.12186,19.1302],[-98.12301,19.12986],[-98.12428,19.12903],[-98.12668,19.12653],[-98.13023,19.12328],[-98.13172,19.12223],[-98.13287,19.12132],[-98.13533,19.11919],[-98.13816,19.11846],[-98.13908,19.11796],[-98.14114,19.11658],[-98.14231,19.11548],[-98.14979,19.11148],[-98.15406,19.10803]]]}},{"type":"Feature","properties":{"seccion":623,"municipio":25,"distrito_local":15,"distrito_federal":3},"geometry":{"type":"Polygon","coordinates":[[[-98.14954,19.12604],[-98.14905,19.12648],[-98.14892,19.12693],[-98.14849,19.12695],[-98.14822,19.1268],[-98.1479,19.12687],[-98.14742,19.1274],[-98.14663,19.12866],[-98.14575,19.12914],[-98.14559,19.12942],[-98.14558,19.13004],[-98.14517,19.13044],[-98.14492,19.13162],[-98.14456,19.13204],[-98.14369,19.13355],[-98.14325,19.13385],[-98.14296,19.13441],[-98.1427,19.13465],[-98.14261,19.13517],[-98.14227,19.13596],[-98.14062,19.13653],[-98.14017,19.13662],[-98.13911,19.13619],[-98.13807,19.13606],[-98.1359,19.13674],[-98.1362,19.13601],[-98.1364,19.13582],[-98.13694,19.13498],[-98.13739,19.13456],[-98.13754,19.13424],[-98.13889,19.13331],[-98.13915,19.13292],[-98.13937,19.13283],[-98.13993,19.13229],[-98.14043,19.13156],[-98.14078,19.13151],[-98.14161,19.13107],[-98.14144,19.13076],[-98.14158,19.13049],[-98.14188,19.13032],[-98.14272,19.13004],[-98.14387,19.12917],[-98.14427,19.1287],[-98.14478,19.12717],[-98.1448,19.12549],[-98.14468,19.12406],[-98.14474,19.12387],[-98.14577,19.12306],[-98.14624,19.12299],[-98.14655,19.12277],[-98.14676,19.12237],[-98.14769,19.12169],[-98.14812,19.1217],[-98.14838,19.12144],[-98.14908,19.12111],[-98.14974,19.12055],[-98.15044,19.11967],[-98.1509,19.11931],[-98.1512,19.11868],[-98.15363,19.11717],[-98.15438,19.11657],[-98.1546,19.11649],[-98.15498,19.11613],[-98.15498,19.11559],[-98.15527,19.11507],[-98.15568,19.11455],[-98.15622,19.11411],[-98.15629,19.11378],[-98.15623,19.11342],[-98.15646,19.11328],[-98.1565,19.1135],[-98.15994,19.11635],[-98.15912,19.11696],[-98.16012,19.11777],[-98.15966,19.11839],[-98.15933,19.11852],[-98.15905,19.11893],[-98.15872,19.11887],[-98.15847,19.11946],[-98.15828,19.12025],[-98.15802,19.12082],[-98.1577,19.1211],[-98.15713,19.12097],[-98.15671,19.12153],[-98.15642,19.12174],[-98.15605,19.12186],[-98.15555,19.12154],[-98.15454,19.12161],[-98.15421,19.1221],[-98.15406,19.12262],[-98.15371,19.12281],[-98.15334,19.12333],[-98.15294,19.12343],[-98.15257,19.12389],[-98.15245,19.12396],[-98.15178,19.12375],[-98.15092,19.12386],[-98.15071,19.12414],[-98.15081,19.12449],[-98.15049,19.12482],[-98.14967,19.12519],[-98.14946,19.12539],[-98.14943,19.12575],[-98.14954,19.12604]]]}},{"type":"Feature","properties":{"seccion":624,"municipio":28,"distrito_local":12,"distrito_federal":3},"geometry":{"type":"Polygon","coordinates":[[[-98.17123,19.24703],[-98.17237,19.24715],[-98.17293,19.2471],[-98.17395,19.24669],[-98.17513,19.24597],[-98.17551,19.24551],[-98.17563,19.24499],[-98.17584,19.24475],[-98.17617,19.24459],[-98.17636,19.24461],[-98.17712,19.24369],[-98.17752,19.24343],[-98.17782,19.24335],[-98.1787,19.24387],[-98.17892,19.24369],[-98.17933,19.24372],[-98.18006,19.24348],[-98.18041,19.24307],[-98.18048,19.24288],[-98.18115,19.24307],[-98.18166,19.24285],[-98.18286,19.2428],[-98.18343,19.2425],[-98.18368,19.24249],[-98.18587,19.24324],[-98.18682,19.24323],[-98.18669,19.24342],[-98.18663,19.24398],[-98.1848,19.24964],[-98.1833,19.25513],[-98.18228,19.25514],[-98.18105,19.25502],[-98.17942,19.2551],[-98.17874,19.25522],[-98.1791,19.2526],[-98.17946,19.25271],[-98.17993,19.25259],[-98.18007,19.2524],[-98.18078,19.24939],[-98.18082,19.24869],[-98.1803,19.24869],[-98.179,19.24833],[-98.17817,19.24824],[-98.17741,19.2484],[-98.17384,19.24827],[-98.1727,19.24778],[-98.17218,19.24764],[-98.17123,19.24703]]]}},{"type":"Feature","properties":{"seccion":625,"municipio":28,"distrito_local":12,"distrito_federal":3},"geometry":{"type":"Polygon","coordinates":[[[-98.16782,19.25033],[-98.16808,19.24891],[-98.1685,19.24806],[-98.16945,19.24733],[-98.16994,19.24707],[-98.17123,19.24703],[-98.17218,19.24764],[-98.1727,19.24778],[-98.17384,19.24827],[-98.17741,19.2484],[-98.17817,19.24824],[-98.179,19.24833],[-98.1803,19.24869],[-98.18082,19.24869],[-98.18078,19.24939],[-98.18007,19.2524],[-98.17993,19.25259],[-98.17946,19.25271],[-98.1791,19.2526],[-98.17912,19.25238],[-98.1788,19.25252],[-98.17704,19.25389],[-98.17383,19.25467],[-98.16994,19.25412],[-98.16904,19.25433],[-98.16911,19.25398],[-98.16874,19.25392],[-98.1689,19.25336],[-98.1689,19.25325],[-98.16871,19.25322],[-98.16877,19.25302],[-98.16865,19.25299],[-98.16881,19.25206],[-98.16856,19.25205],[-98.16852,19.25163],[-98.16782,19.25033]]]}},{"type":"Feature","properties":{"seccion":639,"municipio":25,"distrito_local":15,"distrito_federal":3},"geometry":{"type":"Polygon","coordinates":[[[-98.15938,19.13142],[-98.15887,19.13249],[-98.15864,19.13315],[-98.15748,19.13187],[-98.15584,19.13023],[-98.1561,19.12989],[-98.15592,19.12972],[-98.15635,19.12928],[-98.15588,19.12885],[-98.15606,19.12863],[-98.15585,19.12846],[-98.15601,19.12828],[-98.15567,19.12791],[-98.15586,19.12761],[-98.15574,19.12743],[-98.1559,19.12726],[-98.15639,19.12771],[-98.15648,19.12758],[-98.15623,19.12736],[-98.15636,19.12725],[-98.15652,19.12739],[-98.15668,19.12691],[-98.15617,19.12647],[-98.15529,19.12549],[-98.15569,19.12539],[-98.15712,19.12688],[-98.15878,19.12839],[-98.15902,19.12839],[-98.15957,19.12887],[-98.15963,19.12924],[-98.15942,19.13039],[-98.15938,19.13142]]]}},{"type":"Feature","properties":{"seccion":637,"municipio":25,"distrito_local":15,"distrito_federal":3},"geometry":{"type":"Polygon","coordinates":[[[-98.14786,19.15941],[-98.14335,19.1608],[-98.14023,19.16219],[-98.13707,19.16348],[-98.13568,19.16491],[-98.13462,19.1666],[-98.13245,19.16803],[-98.13201,19.16757],[-98.13187,19.16539],[-98.1303,19.1653],[-98.12776,19.16237],[-98.12819,19.16158],[-98.12878,19.16094],[-98.12757,19.16001],[-98.12711,19.15987],[-98.12713,19.15922],[-98.12753,19.15887],[-98.12762,19.15838],[-98.12641,19.15745],[-98.1266,19.15718],[-98.12684,19.15704],[-98.12579,19.15599],[-98.12564,19.15602],[-98.1247,19.15516],[-98.12584,19.15296],[-98.1263,19.15298],[-98.12677,19.15264],[-98.12722,19.15202],[-98.12778,19.15175],[-98.12815,19.1514],[-98.12848,19.1508],[-98.12864,19.15066],[-98.12926,19.15059],[-98.12947,19.15047],[-98.1293,19.15009],[-98.12938,19.14994],[-98.12926,19.14968],[-98.12959,19.14951],[-98.13024,19.14954],[-98.13056,19.14946],[-98.1307,19.14919],[-98.13108,19.14915],[-98.13159,19.14863],[-98.13172,19.14839],[-98.13215,19.14817],[-98.13418,19.14677],[-98.13469,19.14662],[-98.13554,19.14655],[-98.13577,19.14645],[-98.13666,19.14524],[-98.13779,19.14474],[-98.138,19.14458],[-98.13857,19.14331],[-98.13964,19.14216],[-98.13998,19.14236],[-98.14043,19.14249],[-98.14103,19.14221],[-98.1417,19.14203],[-98.14194,19.14159],[-98.14235,19.1412],[-98.1426,19.14024],[-98.14321,19.13982],[-98.14386,19.1405],[-98.14429,19.14025],[-98.14499,19.14015],[-98.1454,19.13983],[-98.14553,19.13987],[-98.14568,19.13962],[-98.14529,19.13925],[-98.14541,19.13914],[-98.14532,19.13904],[-98.14567,19.1388],[-98.14581,19.13894],[-98.14588,19.1388],[-98.14647,19.13841],[-98.14756,19.13948],[-98.14774,19.13942],[-98.1479,19.13949],[-98.14799,19.13941],[-98.14797,19.13924],[-98.14805,19.13926],[-98.14812,19.13897],[-98.14834,19.13879],[-98.14829,19.13875],[-98.14865,19.13858],[-98.14877,19.13839],[-98.14885,19.13847],[-98.14902,19.13844],[-98.14849,19.13798],[-98.14868,19.13785],[-98.1486,19.13776],[-98.14883,19.13751],[-98.14916,19.1373],[-98.14924,19.13736],[-98.14945,19.13718],[-98.14951,19.13724],[-98.14961,19.13715],[-98.14954,19.1371],[-98.14986,19.13684],[-98.15017,19.13713],[-98.15025,19.1371],[-98.15112,19.13638],[-98.15104,19.13623],[-98.15147,19.13587],[-98.1539,19.13825],[-98.15422,19.13845],[-98.15415,19.13861],[-98.15429,19.13856],[-98.15451,19.13881],[-98.15488,19.13901],[-98.15512,19.13879],[-98.15497,19.13832],[-98.1552,19.13813],[-98.1561,19.13815],[-98.15631,19.13801],[-98.15623,19.13765],[-98.15625,19.13726],[-98.15655,19.13705],[-98.15701,19.1369],[-98.15766,19.13684],[-98.15804,19.13622],[-98.15832,19.13601],[-98.15915,19.13573],[-98.15934,19.13576],[-98.15938,19.13585],[-98.1591,19.13611],[-98.159,19.13633],[-98.15912,19.13693],[-98.15908,19.13736],[-98.15856,19.13804],[-98.15841,19.13846],[-98.15754,19.13912],[-98.15754,19.13955],[-98.1572,19.1403],[-98.15698,19.14052],[-98.15645,19.1407],[-98.15542,19.14165],[-98.15545,19.14192],[-98.15512,19.14249],[-98.15472,19.14278],[-98.15458,19.14298],[-98.15454,19.14327],[-98.15487,19.14385],[-98.15498,19.14422],[-98.15434,19.14595],[-98.15315,19.14819],[-98.15286,19.14864],[-98.15247,19.14888],[-98.15253,19.14924],[-98.15242,19.15051],[-98.15202,19.1518],[-98.1518,19.15328],[-98.15104,19.15392],[-98.15069,19.15446],[-98.1484,19.15869],[-98.14786,19.15941]]]}},{"type":"Feature","properties":{"seccion":638,"municipio":25,"distrito_local":15,"distrito_federal":3},"geometry":{"type":"Polygon","coordinates":[[[-98.15938,19.13585],[-98.15934,19.13576],[-98.15915,19.13573],[-98.15832,19.13601],[-98.15804,19.13622],[-98.15766,19.13684],[-98.15701,19.1369],[-98.15655,19.13705],[-98.15625,19.13726],[-98.15623,19.13765],[-98.15631,19.13801],[-98.1561,19.13815],[-98.1552,19.13813],[-98.15497,19.13832],[-98.15512,19.13879],[-98.15488,19.13901],[-98.15451,19.13881],[-98.15429,19.13856],[-98.15415,19.13861],[-98.15422,19.13845],[-98.1539,19.13825],[-98.15153,19.13586],[-98.15467,19.13361],[-98.15457,19.1335],[-98.15477,19.13335],[-98.15463,19.1332],[-98.15475,19.13305],[-98.15487,19.13318],[-98.15504,19.133],[-98.15511,19.13308],[-98.15531,19.13294],[-98.15462,19.13225],[-98.15483,19.13208],[-98.15466,19.13192],[-98.15499,19.13171],[-98.15492,19.13164],[-98.15505,19.13151],[-98.15519,19.13164],[-98.15526,19.13156],[-98.15536,19.13143],[-98.15512,19.1312],[-98.15527,19.13118],[-98.15521,19.13112],[-98.15536,19.13097],[-98.15555,19.13117],[-98.15581,19.13093],[-98.15594,19.13106],[-98.15605,19.13095],[-98.15555,19.13046],[-98.15563,19.13035],[-98.1557,19.13041],[-98.15584,19.13023],[-98.15748,19.13187],[-98.15921,19.13375],[-98.15908,19.13392],[-98.15937,19.13457],[-98.15953,19.13552],[-98.15938,19.13585]]]}},{"type":"Feature","properties":{"seccion":640,"municipio":25,"distrito_local":15,"distrito_federal":3},"geometry":{"type":"Polygon","coordinates":[[[-98.16333,19.12815],[-98.16224,19.1293],[-98.16062,19.13022],[-98.1598,19.13082],[-98.15938,19.13142],[-98.15942,19.13039],[-98.15957,19.12977],[-98.15963,19.12924],[-98.15957,19.12887],[-98.15968,19.12827],[-98.16013,19.12733],[-98.16139,19.12617],[-98.16333,19.12815]]]}},{"type":"Feature","properties":{"seccion":641,"municipio":25,"distrito_local":15,"distrito_federal":3},"geometry":{"type":"Polygon","coordinates":[[[-98.16139,19.12617],[-98.16013,19.12733],[-98.15968,19.12827],[-98.15957,19.12887],[-98.15902,19.12839],[-98.15878,19.12839],[-98.15712,19.12688],[-98.15641,19.12612],[-98.15659,19.12597],[-98.15695,19.1263],[-98.15722,19.12604],[-98.15725,19.12593],[-98.15713,19.12583],[-98.15725,19.12569],[-98.15735,19.12567],[-98.15747,19.12578],[-98.15759,19.12566],[-98.15778,19.12582],[-98.15785,19.12574],[-98.15759,19.12551],[-98.15767,19.12543],[-98.15817,19.12589],[-98.15968,19.1244],[-98.16005,19.12387],[-98.16038,19.12397],[-98.16077,19.12427],[-98.16125,19.12481],[-98.16121,19.12484],[-98.16195,19.12554],[-98.16139,19.12617]]]}},{"type":"Feature","properties":{"seccion":646,"municipio":52,"distrito_local":9,"distrito_federal":3},"geometry":{"type":"Polygon","coordinates":[[[-98.19554,19.2981],[-98.1953,19.29675],[-98.19515,19.28687],[-98.19524,19.28635],[-98.19568,19.28537],[-98.19614,19.28158],[-98.19644,19.27765],[-98.20081,19.27974],[-98.20005,19.28297],[-98.19952,19.28461],[-98.2029,19.28665],[-98.20355,19.28722],[-98.20449,19.28831],[-98.20218,19.29168],[-98.20137,19.29264],[-98.19652,19.30025],[-98.19554,19.2981]]]}},{"type":"Feature","properties":{"seccion":647,"municipio":52,"distrito_local":9,"distrito_federal":3},"geometry":{"type":"Polygon","coordinates":[[[-98.19549,19.28579],[-98.19524,19.28635],[-98.19515,19.28687],[-98.1953,19.29675],[-98.19541,19.2976],[-98.19509,19.29764],[-98.19419,19.29754],[-98.19328,19.29697],[-98.19224,19.29556],[-98.19112,19.29472],[-98.19046,19.29363],[-98.18973,19.29148],[-98.18893,19.29006],[-98.18854,19.28888],[-98.18789,19.28826],[-98.1869,19.28769],[-98.18674,19.28734],[-98.18666,19.28669],[-98.18634,19.28623],[-98.18534,19.2859],[-98.18799,19.28139],[-98.19022,19.28268],[-98.19065,19.28212],[-98.19132,19.2827],[-98.19342,19.28419],[-98.19419,19.28485],[-98.19458,19.28504],[-98.19549,19.28579]]]}},{"type":"Feature","properties":{"seccion":648,"municipio":52,"distrito_local":9,"distrito_federal":3},"geometry":{"type":"Polygon","coordinates":[[[-98.19549,19.28579],[-98.19512,19.28544],[-98.19458,19.28504],[-98.19419,19.28485],[-98.19342,19.28419],[-98.19132,19.2827],[-98.18906,19.28091],[-98.18867,19.28068],[-98.18831,19.28029],[-98.18807,19.28018],[-98.1878,19.28018],[-98.18691,19.27957],[-98.18695,19.27939],[-98.18577,19.27857],[-98.18625,19.27855],[-98.194,19.27691],[-98.19513,19.27734],[-98.19528,19.2771],[-98.19644,19.27765],[-98.19598,19.28312],[-98.19568,19.28537],[-98.19549,19.28579]]]}}]}